{"MRRm_new": 0.2296936120803439, "MRm_new": 446.94094398796557, "HITS@1m_new": 0.15485422049137995, "HITS@3m_new": 0.24676136449975894, "HITS@10m_new": 0.3817075041174889}