{"MRRm_new": 0.10628971945870144, "MRm_new": 578.5505283310414, "HITS@1m_new": 0.06133021597921033, "HITS@3m_new": 0.10589359960630536, "HITS@10m_new": 0.1903707807328552}