{"MRRm_new": 0.1316518066889912, "MRm_new": 644.9741774742604, "HITS@1m_new": 0.07308431794969511, "HITS@3m_new": 0.13850723198527704, "HITS@10m_new": 0.24997485827405763}