{"MRRm_new": 0.2810194382665004, "MRm_new": 2424.440552781105, "HITS@1m_new": 0.2083741310633195, "HITS@3m_new": 0.30380655862257117, "HITS@10m_new": 0.42484683940629475}