{"MRRm_new": 0.7453419886810762, "MRm_new": 116.43933589936793, "HITS@1m_new": 0.6885237064434768, "HITS@3m_new": 0.7787986944499208, "HITS@10m_new": 0.8508550364622497}