{"MRRm_new": 0.2931306874977145, "MRm_new": 2897.270052612305, "HITS@1m_new": 0.22015575630794046, "HITS@3m_new": 0.3107160765901208, "HITS@10m_new": 0.44715780727611854}