{"MRRm_new": 0.27237909427092794, "MRm_new": 3927.013453089088, "HITS@1m_new": 0.2111022880706587, "HITS@3m_new": 0.2918244273265591, "HITS@10m_new": 0.38995006662470405}