{"MRRm_new": 0.105240646381618, "MRm_new": 3911.6362691001414, "HITS@1m_new": 0.06189356410442851, "HITS@3m_new": 0.11346452263402752, "HITS@10m_new": 0.19363810911639592}