{"MRRm_new": 0.2831865569975671, "MRm_new": 3051.7880084068775, "HITS@1m_new": 0.21029149398580194, "HITS@3m_new": 0.3081347878919332, "HITS@10m_new": 0.4234088491681032}