{"MRRm_new": 0.14313488606908367, "MRm_new": 4627.0054843108355, "HITS@1m_new": 0.09536647340726631, "HITS@3m_new": 0.1490126608615974, "HITS@10m_new": 0.23623786945537723}