{"MRRm_new": 0.11992108068062371, "MRm_new": 452.52996025223734, "HITS@1m_new": 0.06525993436911376, "HITS@3m_new": 0.12674793423137162, "HITS@10m_new": 0.22598139189747163}