{"MRRm_new": 0.08588938302470024, "MRm_new": 16191.11286014688, "HITS@1m_new": 0.042369698769180106, "HITS@3m_new": 0.09394933726469754, "HITS@10m_new": 0.17716686327726347}