{"MRRm_new": 0.10518932035162434, "MRm_new": 3898.949046805096, "HITS@1m_new": 0.06114228928401135, "HITS@3m_new": 0.11377058772477322, "HITS@10m_new": 0.1951428374031093}