{"MRRm_new": 0.18171246847268685, "MRm_new": 745.7216012741104, "HITS@1m_new": 0.12240718014363665, "HITS@3m_new": 0.19529735423803504, "HITS@10m_new": 0.2972569269961969}