{"MRRm_new": 0.24236182696211908, "MRm_new": 502.4862953679085, "HITS@1m_new": 0.16816995098278859, "HITS@3m_new": 0.2597235065449029, "HITS@10m_new": 0.3929922158917412}