{"MRRm_new": 0.1483717860112156, "MRm_new": 2704.6484928772747, "HITS@1m_new": 0.09776612945485977, "HITS@3m_new": 0.1537896583711263, "HITS@10m_new": 0.24435510627223994}