{"MRRm_new": 0.1239407603666914, "MRm_new": 552.1629337998867, "HITS@1m_new": 0.07419923470305512, "HITS@3m_new": 0.13052572958652162, "HITS@10m_new": 0.2175811044422444}