{"MRRm_new": 0.1479096151947133, "MRm_new": 4267.642900101751, "HITS@1m_new": 0.09864517625610461, "HITS@3m_new": 0.15375034910050453, "HITS@10m_new": 0.2450597301532689}