{"MRRm_new": 0.13199213547372893, "MRm_new": 4052.0737599665226, "HITS@1m_new": 0.0875000450284424, "HITS@3m_new": 0.1312245666593808, "HITS@10m_new": 0.22184353798514347}