{"MRRm_new": 0.1001224522002749, "MRm_new": 3515.428112250216, "HITS@1m_new": 0.057368275880638975, "HITS@3m_new": 0.10546343037928455, "HITS@10m_new": 0.18621739766827158}