{"MRRm_new": 0.11414179337885288, "MRm_new": 4090.259460718775, "HITS@1m_new": 0.07016735742366872, "HITS@3m_new": 0.12156445271675476, "HITS@10m_new": 0.20380311549180188}