{"MRRm_new": 0.09508702492880548, "MRm_new": 705.7563875902414, "HITS@1m_new": 0.05081159141907701, "HITS@3m_new": 0.09690909130212386, "HITS@10m_new": 0.179680665500788}