{"MRRm_new": 0.20224581862164268, "MRm_new": 444.2669885451868, "HITS@1m_new": 0.13031369293781972, "HITS@3m_new": 0.21626117037332734, "HITS@10m_new": 0.3485119964169462}