{"MRRm_new": 0.09286427207301604, "MRm_new": 859.5962436686038, "HITS@1m_new": 0.05021009150360478, "HITS@3m_new": 0.09343681149331387, "HITS@10m_new": 0.17363671790818916}