{"MRRm_new": 0.13060367262369119, "MRm_new": 4496.9634827803675, "HITS@1m_new": 0.08375538254671847, "HITS@3m_new": 0.13671658092756114, "HITS@10m_new": 0.2199363731329504}