{"MRRm_new": 0.3836475509995785, "MRm_new": 762.9873022484779, "HITS@1m_new": 0.27635568010341377, "HITS@3m_new": 0.4253767404860118, "HITS@10m_new": 0.5965979326067027}