{"MRRm_new": 0.10197137735627475, "MRm_new": 701.6693809054136, "HITS@1m_new": 0.05824607097613625, "HITS@3m_new": 0.10598122277326183, "HITS@10m_new": 0.18377512936542043}