{"MRRm_new": 0.195638924192348, "MRm_new": 530.0686827415302, "HITS@1m_new": 0.1259667971099334, "HITS@3m_new": 0.21265934441789433, "HITS@10m_new": 0.3347514743504544}