{"MRRm_new": 0.27297337160013146, "MRm_new": 2462.560432523489, "HITS@1m_new": 0.2014818366129766, "HITS@3m_new": 0.2952072199904942, "HITS@10m_new": 0.411511573237105}