{"MRRm_new": 0.303816304902758, "MRm_new": 651.0607534624114, "HITS@1m_new": 0.2259443553151941, "HITS@3m_new": 0.33298064591521687, "HITS@10m_new": 0.45325913406982726}