{"MRRm_new": 0.3364758358899953, "MRm_new": 450.7218903993145, "HITS@1m_new": 0.271293061352073, "HITS@3m_new": 0.36111955178914285, "HITS@10m_new": 0.4545167472071807}