{"MRRm_new": 0.19867054021632158, "MRm_new": 491.35119099713114, "HITS@1m_new": 0.12758524161572132, "HITS@3m_new": 0.21664647820374375, "HITS@10m_new": 0.34014954856109764}