{"MRRm_new": 0.23593042532461114, "MRm_new": 513.4459348415375, "HITS@1m_new": 0.16275085974771064, "HITS@3m_new": 0.2511376274514943, "HITS@10m_new": 0.3848126084879972}