{"MRRm_new": 0.29926994391792416, "MRm_new": 2583.0870559609534, "HITS@1m_new": 0.21963099811447317, "HITS@3m_new": 0.32455592982028614, "HITS@10m_new": 0.4654819820700795}