{"MRRm_new": 0.10108874986209412, "MRm_new": 3818.377172184491, "HITS@1m_new": 0.05934666573456489, "HITS@3m_new": 0.10699445350766182, "HITS@10m_new": 0.18764463444999419}