{"MRRm_new": 0.09511777557756723, "MRm_new": 4089.101609205937, "HITS@1m_new": 0.051372090827999636, "HITS@3m_new": 0.10048566551622935, "HITS@10m_new": 0.1925797427663114}