{"MRRm_new": 0.10755682229576195, "MRm_new": 562.0637756893396, "HITS@1m_new": 0.058490174632612614, "HITS@3m_new": 0.11165850066104904, "HITS@10m_new": 0.20220170509447344}