{"MRRm_new": 0.09862305492594169, "MRm_new": 4043.143064686084, "HITS@1m_new": 0.05383979499307461, "HITS@3m_new": 0.10298956402423791, "HITS@10m_new": 0.1984061876075808}