{"MRRm_new": 0.09808801114183006, "MRm_new": 3887.731861823988, "HITS@1m_new": 0.05813068131604232, "HITS@3m_new": 0.10529997152197175, "HITS@10m_new": 0.1764145155879669}