{"MRRm_new": 0.2923186553996429, "MRm_new": 795.3807870872914, "HITS@1m_new": 0.23490597565759527, "HITS@3m_new": 0.312771039316096, "HITS@10m_new": 0.3971398437645694}