{"MRRm_new": 0.4937477959497801, "MRm_new": 265.5874425515905, "HITS@1m_new": 0.43100657036290796, "HITS@3m_new": 0.5185339984966849, "HITS@10m_new": 0.6139686891322527}