{"MRRm_new": 0.13609052011212772, "MRm_new": 3890.928794820666, "HITS@1m_new": 0.08771786869555945, "HITS@3m_new": 0.14267783282320307, "HITS@10m_new": 0.2321518235331023}