{"MRRm_new": 0.6138958137097734, "MRm_new": 226.4230923202485, "HITS@1m_new": 0.5575450756931823, "HITS@3m_new": 0.6401890400591074, "HITS@10m_new": 0.7202342998131644}