{"MRRm_new": 0.10050174270405114, "MRm_new": 3842.805036634493, "HITS@1m_new": 0.05959036439484917, "HITS@3m_new": 0.10582488161874935, "HITS@10m_new": 0.18500309320278466}