{"MRRm_new": 0.47594044434747773, "MRm_new": 417.7974288712367, "HITS@1m_new": 0.4063492820317188, "HITS@3m_new": 0.506551133843488, "HITS@10m_new": 0.6064695890853181}