{"MRRm_new": 0.256074518420794, "MRm_new": 3748.6484842466416, "HITS@1m_new": 0.1773635094794445, "HITS@3m_new": 0.2761338804681145, "HITS@10m_new": 0.4105825554213952}