{"MRRm_new": 0.12082925107499032, "MRm_new": 660.4066438263654, "HITS@1m_new": 0.07356047181042377, "HITS@3m_new": 0.12409467998761683, "HITS@10m_new": 0.20988851960523752}