{"MRRm_new": 0.0818287181188949, "MRm_new": 864.7445788710833, "HITS@1m_new": 0.04547915016253246, "HITS@3m_new": 0.08367152345095528, "HITS@10m_new": 0.1477902388275368}