{"MRRm_new": 0.17272290096305806, "MRm_new": 467.31735419301987, "HITS@1m_new": 0.11076712751451996, "HITS@3m_new": 0.17999804627308622, "HITS@10m_new": 0.29678546325922944}