{"MRRm_new": 0.3978326469692192, "MRm_new": 311.80388945628704, "HITS@1m_new": 0.3306075523901782, "HITS@3m_new": 0.4275566885664739, "HITS@10m_new": 0.517246553150122}