{"MRRm_new": 0.19204183608635186, "MRm_new": 1688.2584355599581, "HITS@1m_new": 0.12571860430989182, "HITS@3m_new": 0.20361410250223708, "HITS@10m_new": 0.3246661221360555}