{"MRRm_new": 0.10502372662685375, "MRm_new": 3905.358957716465, "HITS@1m_new": 0.06128664878993295, "HITS@3m_new": 0.11287582135307603, "HITS@10m_new": 0.19471078731301242}