{"MRRm_new": 0.18322246088383545, "MRm_new": 514.3326040267706, "HITS@1m_new": 0.1217866153854935, "HITS@3m_new": 0.19418458149691578, "HITS@10m_new": 0.3041690374086844}