{"MRRm_new": 0.5694593465905801, "MRm_new": 198.68447171252967, "HITS@1m_new": 0.4921160730849806, "HITS@3m_new": 0.6092537032332184, "HITS@10m_new": 0.7088598819426261}