{"MRRm_new": 0.5246330740557777, "MRm_new": 234.87111765191705, "HITS@1m_new": 0.4473296390871983, "HITS@3m_new": 0.5585349133738055, "HITS@10m_new": 0.6702109560253448}