{"MRRm_new": 0.19304976734810625, "MRm_new": 384.39305158500673, "HITS@1m_new": 0.11701310088944156, "HITS@3m_new": 0.20737531069077086, "HITS@10m_new": 0.3511369203737937}