{"MRRm_new": 0.11109993360439403, "MRm_new": 4033.4511627654074, "HITS@1m_new": 0.06779937418219634, "HITS@3m_new": 0.117208485356858, "HITS@10m_new": 0.19966670974828302}