{"MRRm_new": 0.2863344035793666, "MRm_new": 2985.9239233767985, "HITS@1m_new": 0.2178818754009262, "HITS@3m_new": 0.30475956042075997, "HITS@10m_new": 0.420136859150487}