{"MRRm_new": 0.13989841299344336, "MRm_new": 3586.7265081985593, "HITS@1m_new": 0.08829803030876791, "HITS@3m_new": 0.1485241706708184, "HITS@10m_new": 0.2385155057544762}