{"MRRm_new": 0.09488961198875541, "MRm_new": 16761.890775336982, "HITS@1m_new": 0.0477521336771315, "HITS@3m_new": 0.1055387727599591, "HITS@10m_new": 0.19016721959318966}