{"MRRm_new": 0.3228826219694379, "MRm_new": 1585.173570635557, "HITS@1m_new": 0.24156778360559839, "HITS@3m_new": 0.35260709598404355, "HITS@10m_new": 0.4823406890744809}