{"MRRm_new": 0.498848766399241, "MRm_new": 208.2607454406321, "HITS@1m_new": 0.3940470063906687, "HITS@3m_new": 0.5549890667560212, "HITS@10m_new": 0.704510029037483}