{"MRRm_new": 0.13579965682244574, "MRm_new": 3805.277071934611, "HITS@1m_new": 0.08672522096236934, "HITS@3m_new": 0.14083778914951836, "HITS@10m_new": 0.23127343653712887}