{"MRRm_new": 0.14994575373417773, "MRm_new": 3754.898903817348, "HITS@1m_new": 0.0959269386613305, "HITS@3m_new": 0.16274496637424454, "HITS@10m_new": 0.26128336264936297}