{"MRRm_new": 0.09395549058779434, "MRm_new": 763.5453077635526, "HITS@1m_new": 0.05061043233792298, "HITS@3m_new": 0.09635524967571255, "HITS@10m_new": 0.17645373311191798}