{"MRRm_new": 0.5008323302029639, "MRm_new": 420.29669075110553, "HITS@1m_new": 0.42201107405083893, "HITS@3m_new": 0.5390116916012776, "HITS@10m_new": 0.646409492405146}