{"MRRm_new": 0.259507545924052, "MRm_new": 3230.3774494339227, "HITS@1m_new": 0.194926503832452, "HITS@3m_new": 0.2770716636698926, "HITS@10m_new": 0.3837347998251498}