{"MRRm_new": 0.3121641151363101, "MRm_new": 2015.7057936051785, "HITS@1m_new": 0.230705744274077, "HITS@3m_new": 0.3364478249954991, "HITS@10m_new": 0.48443618335499194}