{"MRRm_new": 0.2470775523188844, "MRm_new": 393.94352539179323, "HITS@1m_new": 0.16952700094763423, "HITS@3m_new": 0.2698485360777937, "HITS@10m_new": 0.40126680633639916}