{"MRRm_new": 0.3101535877490369, "MRm_new": 2011.1693507689238, "HITS@1m_new": 0.22727646061242557, "HITS@3m_new": 0.34146627738850654, "HITS@10m_new": 0.4739538092459552}