{"MRRm_new": 0.21342288878276122, "MRm_new": 2055.745117770851, "HITS@1m_new": 0.14527623753235094, "HITS@3m_new": 0.2300721300013247, "HITS@10m_new": 0.3458985522765433}