{"MRRm_new": 0.2845156303724043, "MRm_new": 634.0276884777769, "HITS@1m_new": 0.22854230927286334, "HITS@3m_new": 0.3009741938758925, "HITS@10m_new": 0.3926203603190952}