{"MRRm_new": 0.3415799614117959, "MRm_new": 887.4658669960946, "HITS@1m_new": 0.28700874736460535, "HITS@3m_new": 0.3607659211496575, "HITS@10m_new": 0.44312459592473896}