{"MRRm_new": 0.0847388989154556, "MRm_new": 16354.225433589518, "HITS@1m_new": 0.04109411913924851, "HITS@3m_new": 0.09208711185428546, "HITS@10m_new": 0.17718658026115736}