{"MRRm_new": 0.14561629599220713, "MRm_new": 4397.700051024705, "HITS@1m_new": 0.09683994094278023, "HITS@3m_new": 0.15249454782376415, "HITS@10m_new": 0.2408109671384009}