{"MRRm_new": 0.15544485846360384, "MRm_new": 3647.048968745202, "HITS@1m_new": 0.10417811392107978, "HITS@3m_new": 0.16323643564165105, "HITS@10m_new": 0.25430643505835904}