{"MRRm_new": 0.17621829240672923, "MRm_new": 649.0332629120276, "HITS@1m_new": 0.11069121451829779, "HITS@3m_new": 0.1908288645540888, "HITS@10m_new": 0.3075398465937615}