{"MRRm_new": 0.06500725385041588, "MRm_new": 1090.9839585999011, "HITS@1m_new": 0.030691363788722083, "HITS@3m_new": 0.06504449183860561, "HITS@10m_new": 0.12756484121317044}