{"MRRm_new": 0.10580761234584934, "MRm_new": 571.1563841275454, "HITS@1m_new": 0.05902873179418966, "HITS@3m_new": 0.1086168495001446, "HITS@10m_new": 0.19428517160159536}