{"MRRm_new": 0.15105224485618238, "MRm_new": 4060.4730864953995, "HITS@1m_new": 0.09778935899924546, "HITS@3m_new": 0.16102398037785315, "HITS@10m_new": 0.2551184326548537}