{"MRRm_new": 0.1047381859215282, "MRm_new": 641.4369516300917, "HITS@1m_new": 0.06021771627061535, "HITS@3m_new": 0.10638741100314074, "HITS@10m_new": 0.1891844868490007}