{"MRRm_new": 0.09485358230353086, "MRm_new": 16962.76101168597, "HITS@1m_new": 0.04826656910998281, "HITS@3m_new": 0.1072698020976968, "HITS@10m_new": 0.18827647276804782}