{"MRRm_new": 0.6134198278601316, "MRm_new": 207.8150489596352, "HITS@1m_new": 0.550262216236937, "HITS@3m_new": 0.6480233476672438, "HITS@10m_new": 0.7312168674767018}