{"MRRm_new": 0.0035305638696285315, "MRm_new": 5184.654686619187, "HITS@1m_new": 0.0005925862073898315, "HITS@3m_new": 0.0025786571780685337, "HITS@10m_new": 0.0061534372817724945}