{"MRRm_new": 0.2432953996454653, "MRm_new": 401.37235036507246, "HITS@1m_new": 0.16951018137676147, "HITS@3m_new": 0.2657569164450397, "HITS@10m_new": 0.38501814364043824}