{"MRRm_new": 0.09639714824831608, "MRm_new": 763.424792201829, "HITS@1m_new": 0.05203033632127335, "HITS@3m_new": 0.09872862940717023, "HITS@10m_new": 0.18202192701122258}