{"MRRm_new": 0.07832203867530098, "MRm_new": 3568.0904691951127, "HITS@1m_new": 0.037475974510743984, "HITS@3m_new": 0.08116651861365244, "HITS@10m_new": 0.16014132235159922}