{"MRRm_new": 0.1220439812421013, "MRm_new": 591.709329508233, "HITS@1m_new": 0.07391982195670717, "HITS@3m_new": 0.12573345080781728, "HITS@10m_new": 0.21183541049686028}