{"MRRm_new": 0.5515595545052129, "MRm_new": 277.27958525771646, "HITS@1m_new": 0.4859142038171703, "HITS@3m_new": 0.5854063135526522, "HITS@10m_new": 0.6752080476115516}