{"MRRm_new": 0.07798611568955767, "MRm_new": 16024.695266557157, "HITS@1m_new": 0.04653485269047087, "HITS@3m_new": 0.081189814235433, "HITS@10m_new": 0.13927840293967164}