{"MRRm_new": 0.07195697310262622, "MRm_new": 910.8251258470774, "HITS@1m_new": 0.035717729823768606, "HITS@3m_new": 0.07360013999267248, "HITS@10m_new": 0.13856279246965422}