{"MRRm_new": 0.10540045149768848, "MRm_new": 3894.3365849139213, "HITS@1m_new": 0.061394755542790516, "HITS@3m_new": 0.11344571483335458, "HITS@10m_new": 0.1940136654246133}