{"MRRm_new": 0.1665319103041882, "MRm_new": 596.4162380340099, "HITS@1m_new": 0.09615051761806244, "HITS@3m_new": 0.18052452186192386, "HITS@10m_new": 0.3059930881034117}