{"MRRm_new": 0.26240598915753843, "MRm_new": 2469.837242119521, "HITS@1m_new": 0.19325947260508838, "HITS@3m_new": 0.2846428273969941, "HITS@10m_new": 0.3929840801064856}