{"MRRm_new": 0.14267380093066323, "MRm_new": 3130.9270431433024, "HITS@1m_new": 0.09444051049239352, "HITS@3m_new": 0.14557832120113018, "HITS@10m_new": 0.2367513325757609}