{"MRRm_new": 0.13646665408824765, "MRm_new": 3592.54272786361, "HITS@1m_new": 0.08713194801169448, "HITS@3m_new": 0.1409879695044947, "HITS@10m_new": 0.23400535475797368}