{"MRRm_new": 0.19280212330731156, "MRm_new": 441.7273263756275, "HITS@1m_new": 0.12855382588460343, "HITS@3m_new": 0.208068817298254, "HITS@10m_new": 0.3167879051181255}