{"MRRm_new": 0.38156922554224365, "MRm_new": 213.88351472342015, "HITS@1m_new": 0.2817841265142415, "HITS@3m_new": 0.42123089446879747, "HITS@10m_new": 0.57773009007168}