{"MRRm_new": 0.30228691429070115, "MRm_new": 643.8045452775806, "HITS@1m_new": 0.24319140175325082, "HITS@3m_new": 0.3201894548813143, "HITS@10m_new": 0.415887269727813}