{"MRRm_new": 0.11091229314288503, "MRm_new": 4023.065757003975, "HITS@1m_new": 0.06757577853281982, "HITS@3m_new": 0.11725571613549254, "HITS@10m_new": 0.19938085581753404}