{"MRRm_new": 0.09784215219007455, "MRm_new": 4050.5275143456934, "HITS@1m_new": 0.05373471975293942, "HITS@3m_new": 0.10084164388538339, "HITS@10m_new": 0.19799496459974908}