{"MRRm_new": 0.3307601744651861, "MRm_new": 1403.5301661416293, "HITS@1m_new": 0.21040067165181972, "HITS@3m_new": 0.37708110391825905, "HITS@10m_new": 0.5795295936858748}