{"MRRm_new": 0.09522666411555983, "MRm_new": 703.7209595310211, "HITS@1m_new": 0.05217319950866513, "HITS@3m_new": 0.09682226758530596, "HITS@10m_new": 0.17873605448313756}