{"MRRm_new": 0.31602431765244043, "MRm_new": 2166.0885079874693, "HITS@1m_new": 0.2327648346305359, "HITS@3m_new": 0.34999152459204197, "HITS@10m_new": 0.49008402204187584}