{"MRRm_new": 0.23344964544791874, "MRm_new": 237.68585253620148, "HITS@1m_new": 0.14649107954381033, "HITS@3m_new": 0.2463114791242406, "HITS@10m_new": 0.4276307268506382}