{"MRRm_new": 0.10890334811374851, "MRm_new": 3884.8210516166687, "HITS@1m_new": 0.055830548988305966, "HITS@3m_new": 0.11781279939250089, "HITS@10m_new": 0.22101543368579588}