{"MRRm_new": 0.35593461780578584, "MRm_new": 488.88046027389913, "HITS@1m_new": 0.2903425835119124, "HITS@3m_new": 0.38211061564350896, "HITS@10m_new": 0.48055115254551856}