{"MRRm_new": 0.18843164768764656, "MRm_new": 595.04083701054, "HITS@1m_new": 0.12056763530134776, "HITS@3m_new": 0.20515225342581106, "HITS@10m_new": 0.32198721520538676}