{"MRRm_new": 0.3199518574764957, "MRm_new": 1712.7098699865342, "HITS@1m_new": 0.23947350405185716, "HITS@3m_new": 0.3483379940309096, "HITS@10m_new": 0.47874222120293414}