{"MRRm_new": 0.2526528685249141, "MRm_new": 3574.22316813612, "HITS@1m_new": 0.17493966155419186, "HITS@3m_new": 0.2754848624164442, "HITS@10m_new": 0.4048980666155985}