{"MRRm_new": 0.23287430583017996, "MRm_new": 236.21127777280807, "HITS@1m_new": 0.15432367913159542, "HITS@3m_new": 0.24848842272995972, "HITS@10m_new": 0.38882953496556727}