{"MRRm_new": 0.1584815887438608, "MRm_new": 1286.9359986392408, "HITS@1m_new": 0.10380745249440589, "HITS@3m_new": 0.17290334205099134, "HITS@10m_new": 0.2658864530492356}