{"MRRm_new": 0.1511643494968016, "MRm_new": 3095.8407125724552, "HITS@1m_new": 0.09995299400252407, "HITS@3m_new": 0.15668632770697877, "HITS@10m_new": 0.24842845516328815}