{"MRRm_new": 0.400823095673778, "MRm_new": 158.624202242285, "HITS@1m_new": 0.2981995318127301, "HITS@3m_new": 0.4460577418999237, "HITS@10m_new": 0.599161521454982}