{"MRRm_new": 0.30151854917033233, "MRm_new": 515.2854076372013, "HITS@1m_new": 0.24347686221505138, "HITS@3m_new": 0.32044691553074517, "HITS@10m_new": 0.41185322073976566}