{"MRRm_new": 0.21518456289414734, "MRm_new": 386.8894369153529, "HITS@1m_new": 0.12498205252978369, "HITS@3m_new": 0.24075227658325457, "HITS@10m_new": 0.4036307649978844}