{"MRRm_new": 0.14581662012325386, "MRm_new": 4818.625690112412, "HITS@1m_new": 0.09628768323817348, "HITS@3m_new": 0.1529128595195798, "HITS@10m_new": 0.24273546537803486}