{"MRRm_new": 0.2022384752867265, "MRm_new": 1511.6551377125083, "HITS@1m_new": 0.13246839585533599, "HITS@3m_new": 0.21323838837328368, "HITS@10m_new": 0.3400848720321665}