{"MRRm_new": 0.24464152869980854, "MRm_new": 3284.6991758990584, "HITS@1m_new": 0.17779265243573172, "HITS@3m_new": 0.264316593101481, "HITS@10m_new": 0.36864757873342024}