{"MRRm_new": 0.10368769349839277, "MRm_new": 660.5648742094517, "HITS@1m_new": 0.06030605297411676, "HITS@3m_new": 0.10190610412580427, "HITS@10m_new": 0.18702340738421772}