{"MRRm_new": 0.14236196672733603, "MRm_new": 15614.188506051361, "HITS@1m_new": 0.09679398962506093, "HITS@3m_new": 0.15464248262171168, "HITS@10m_new": 0.23412391270557417}