{"MRRm_new": 0.002975920213622885, "MRm_new": 5076.983518850327, "HITS@1m_new": 0.0005741262183437357, "HITS@3m_new": 0.0016591065820975928, "HITS@10m_new": 0.005183581278797647}