{"MRRm_new": 0.1412772824264207, "MRm_new": 3865.08657257241, "HITS@1m_new": 0.09009054894068685, "HITS@3m_new": 0.14842110684563523, "HITS@10m_new": 0.2402773755453236}