{"MRRm_new": 0.42166667977859196, "MRm_new": 279.40072121192514, "HITS@1m_new": 0.3313687140919828, "HITS@3m_new": 0.4623176992369954, "HITS@10m_new": 0.5938286819221102}