{"MRRm_new": 0.5376605832213481, "MRm_new": 223.87958261387794, "HITS@1m_new": 0.4670774005994026, "HITS@3m_new": 0.5706207524704805, "HITS@10m_new": 0.6688765496354608}