{"MRRm_new": 0.20361243634116455, "MRm_new": 419.3387119788751, "HITS@1m_new": 0.1326970579634799, "HITS@3m_new": 0.22000898264648278, "HITS@10m_new": 0.3443001533298375}