{"MRRm_new": 0.22787299657529803, "MRm_new": 316.9694940880299, "HITS@1m_new": 0.14386180527899414, "HITS@3m_new": 0.24004290645373985, "HITS@10m_new": 0.4189399011024274}