{"MRRm_new": 0.5517923910861319, "MRm_new": 195.6505069794506, "HITS@1m_new": 0.4790703090236093, "HITS@3m_new": 0.5870081208700285, "HITS@10m_new": 0.6892317501365905}