{"MRRm_new": 0.22739975038093252, "MRm_new": 496.214328592062, "HITS@1m_new": 0.15303940643484237, "HITS@3m_new": 0.24388615120099857, "HITS@10m_new": 0.3763589478511363}