{"MRRm_new": 0.10294203951764502, "MRm_new": 4165.5317085042, "HITS@1m_new": 0.0575767692190595, "HITS@3m_new": 0.10854838979351335, "HITS@10m_new": 0.1998201941163279}