{"MRRm_new": 0.3606089459641353, "MRm_new": 414.1607610247806, "HITS@1m_new": 0.29552564091206296, "HITS@3m_new": 0.38651234967343046, "HITS@10m_new": 0.482759833781849}