{"MRRm_new": 0.18433524625355402, "MRm_new": 2125.7375846357645, "HITS@1m_new": 0.11913129560358357, "HITS@3m_new": 0.19550238443145646, "HITS@10m_new": 0.3107004171258304}