{"MRRm_new": 0.573387771211188, "MRm_new": 141.29206827291102, "HITS@1m_new": 0.499169179540113, "HITS@3m_new": 0.6085178721709672, "HITS@10m_new": 0.7114385993564792}