{"MRRm_new": 0.3319927502509181, "MRm_new": 639.209773360245, "HITS@1m_new": 0.2701250051414754, "HITS@3m_new": 0.35355838141833373, "HITS@10m_new": 0.4509176120531083}