{"MRRm_new": 0.3072965225686048, "MRm_new": 2630.8100876317917, "HITS@1m_new": 0.22357977332128212, "HITS@3m_new": 0.34278572103567423, "HITS@10m_new": 0.4799925555038499}