{"MRRm_new": 0.13088491200385216, "MRm_new": 4496.876215351253, "HITS@1m_new": 0.08383342203547363, "HITS@3m_new": 0.13715237270762737, "HITS@10m_new": 0.2200821085315838}