{"MRRm_new": 0.14792203083512048, "MRm_new": 3406.773143151909, "HITS@1m_new": 0.09810886294499506, "HITS@3m_new": 0.15146487998972588, "HITS@10m_new": 0.243327540436032}