{"MRRm_new": 0.10054468020904142, "MRm_new": 16216.18649670723, "HITS@1m_new": 0.05699527259287424, "HITS@3m_new": 0.108594286036212, "HITS@10m_new": 0.19153872726694682}