{"MRRm_new": 0.10180073381514522, "MRm_new": 595.4027074329615, "HITS@1m_new": 0.0582219788616756, "HITS@3m_new": 0.10244737572525628, "HITS@10m_new": 0.18549785418803805}