{"MRRm_new": 0.17490180269150823, "MRm_new": 691.972461119108, "HITS@1m_new": 0.11046878778014434, "HITS@3m_new": 0.18934063439337478, "HITS@10m_new": 0.30388154930098243}