{"MRRm_new": 0.002968766707615032, "MRm_new": 5077.038700380802, "HITS@1m_new": 0.0005731496558437357, "HITS@3m_new": 0.0016591065820975928, "HITS@10m_new": 0.005049770775622164}