{"MRRm_new": 0.3110048373453969, "MRm_new": 360.88031766328214, "HITS@1m_new": 0.2127509989743121, "HITS@3m_new": 0.34086048053984996, "HITS@10m_new": 0.5103444790490903}