{"MRRm_new": 0.2254045694971952, "MRm_new": 257.95713666107656, "HITS@1m_new": 0.14239037889648462, "HITS@3m_new": 0.24031267083054408, "HITS@10m_new": 0.3883006586213131}