{"MRRm_new": 0.11323677223312843, "MRm_new": 4102.147671825218, "HITS@1m_new": 0.06979000243768096, "HITS@3m_new": 0.1195871928667184, "HITS@10m_new": 0.20142279645879754}