{"MRRm_new": 0.11172388387492392, "MRm_new": 4010.5471753067495, "HITS@1m_new": 0.0682464459114708, "HITS@3m_new": 0.11743712323228829, "HITS@10m_new": 0.20118313627317547}