{"MRRm_new": 0.28342985817103, "MRm_new": 297.14467751024665, "HITS@1m_new": 0.20311385341345886, "HITS@3m_new": 0.3130214607393427, "HITS@10m_new": 0.4374507450747187}