{"MRRm_new": 0.19567845868295117, "MRm_new": 298.7151597944021, "HITS@1m_new": 0.124207180871116, "HITS@3m_new": 0.2068254181966069, "HITS@10m_new": 0.34439770991075785}