{"MRRm_new": 0.5786635057837785, "MRm_new": 267.7690575786233, "HITS@1m_new": 0.5227392152305838, "HITS@3m_new": 0.6039563789418607, "HITS@10m_new": 0.6843539498177706}