{"MRRm_new": 0.17544952795945937, "MRm_new": 813.8871406422406, "HITS@1m_new": 0.11709999899283138, "HITS@3m_new": 0.1891740059075855, "HITS@10m_new": 0.28944676778170103}