{"MRRm_new": 0.09247858465097525, "MRm_new": 641.1953383633613, "HITS@1m_new": 0.049432834837003614, "HITS@3m_new": 0.09603920612973162, "HITS@10m_new": 0.1701825413276325}