{"MRRm_new": 0.23605266504258862, "MRm_new": 5456.075559829205, "HITS@1m_new": 0.18394595932983793, "HITS@3m_new": 0.2520745196134085, "HITS@10m_new": 0.3377043289062276}