{"MRRm_new": 0.09871021226754965, "MRm_new": 4176.013261418962, "HITS@1m_new": 0.05454259192412719, "HITS@3m_new": 0.10209263987541199, "HITS@10m_new": 0.19418384324088692}