{"MRRm_new": 0.30677187581529825, "MRm_new": 1960.4643661283255, "HITS@1m_new": 0.22563622924638913, "HITS@3m_new": 0.33928766459738835, "HITS@10m_new": 0.47618282376066784}