{"MRRm_new": 0.19559937312614056, "MRm_new": 505.7860992077515, "HITS@1m_new": 0.12631618600100045, "HITS@3m_new": 0.20872810019072494, "HITS@10m_new": 0.33652588577132336}