{"MRRm_new": 0.1916033719220184, "MRm_new": 233.4720513512373, "HITS@1m_new": 0.12396779903247952, "HITS@3m_new": 0.20564165052669123, "HITS@10m_new": 0.3266525428975001}