{"MRRm_new": 0.3433675301741387, "MRm_new": 418.9160185709819, "HITS@1m_new": 0.27738781002957696, "HITS@3m_new": 0.36930496563739873, "HITS@10m_new": 0.4614848456532127}