{"MRRm_new": 0.6890943438881395, "MRm_new": 205.38575034354628, "HITS@1m_new": 0.6292466324965462, "HITS@3m_new": 0.721544622614907, "HITS@10m_new": 0.7996866240910967}