{"MRRm_new": 0.48833560233468054, "MRm_new": 245.5040447377339, "HITS@1m_new": 0.4253661070363487, "HITS@3m_new": 0.5123611486464652, "HITS@10m_new": 0.6078999202915438}