{"MRRm_new": 0.458508156297542, "MRm_new": 212.20923251457512, "HITS@1m_new": 0.3583921267487458, "HITS@3m_new": 0.5069274383320335, "HITS@10m_new": 0.6575001593708439}