{"MRRm_new": 0.19004086090645705, "MRm_new": 627.4310639409796, "HITS@1m_new": 0.12342044149181675, "HITS@3m_new": 0.2066080608312077, "HITS@10m_new": 0.32284070953824995}