{"MRRm_new": 0.29306268263490304, "MRm_new": 3030.2769640176894, "HITS@1m_new": 0.21347336933459155, "HITS@3m_new": 0.3277762190417852, "HITS@10m_new": 0.452133208157029}