{"MRRm_new": 0.19678638915516786, "MRm_new": 225.26130041525363, "HITS@1m_new": 0.1306234298601281, "HITS@3m_new": 0.20979793689372017, "HITS@10m_new": 0.32293064050087705}