{"MRRm_new": 0.15032634483713173, "MRm_new": 4050.6250878591836, "HITS@1m_new": 0.09824773798203387, "HITS@3m_new": 0.15875956372242944, "HITS@10m_new": 0.2528779948054871}