{"MRRm_new": 0.1791422376692826, "MRm_new": 826.5048864335566, "HITS@1m_new": 0.1171983902070533, "HITS@3m_new": 0.19247883106211156, "HITS@10m_new": 0.30165639842313613}