{"MRRm_new": 0.4737864252107165, "MRm_new": 205.84038594315945, "HITS@1m_new": 0.37094938953589374, "HITS@3m_new": 0.5223568718238093, "HITS@10m_new": 0.6828636556135607}