{"MRRm_new": 0.10995566759862413, "MRm_new": 755.7595967288494, "HITS@1m_new": 0.06521091844136827, "HITS@3m_new": 0.11385437295276206, "HITS@10m_new": 0.19157245183897903}