{"MRRm_new": 0.34566937221085936, "MRm_new": 695.9228859969899, "HITS@1m_new": 0.29377694124998377, "HITS@3m_new": 0.36530399809130176, "HITS@10m_new": 0.4408319706075563}