{"MRRm_new": 0.11972833407945291, "MRm_new": 614.0536471443892, "HITS@1m_new": 0.07129066946641542, "HITS@3m_new": 0.1260130415106425, "HITS@10m_new": 0.20879779033877421}