{"MRRm_new": 0.22866974325294723, "MRm_new": 6461.866807054371, "HITS@1m_new": 0.1541245196730597, "HITS@3m_new": 0.24897028944847988, "HITS@10m_new": 0.3753976322727685}