{"MRRm_new": 0.07347562420777921, "MRm_new": 16694.66245083004, "HITS@1m_new": 0.03863422609795816, "HITS@3m_new": 0.0747798959321808, "HITS@10m_new": 0.1420027610308025}