{"MRRm_new": 0.29394670435430814, "MRm_new": 1995.736028120011, "HITS@1m_new": 0.21437929489946692, "HITS@3m_new": 0.32723265906143933, "HITS@10m_new": 0.45154671330796553}