{"MRRm_new": 0.21799624387321673, "MRm_new": 410.26515120954514, "HITS@1m_new": 0.13441931747828495, "HITS@3m_new": 0.22819986668640632, "HITS@10m_new": 0.41832585627622904}