{"MRRm_new": 0.19574859491537244, "MRm_new": 532.3838863459453, "HITS@1m_new": 0.1242310834044256, "HITS@3m_new": 0.21438152366461874, "HITS@10m_new": 0.33903036888844507}