{"MRRm_new": 0.6423849374625652, "MRm_new": 203.3734646446705, "HITS@1m_new": 0.5790755475490732, "HITS@3m_new": 0.6777006652313976, "HITS@10m_new": 0.7590336554198585}