{"MRRm_new": 0.10473334725378981, "MRm_new": 16822.115167729735, "HITS@1m_new": 0.05895052247971762, "HITS@3m_new": 0.11556111173913815, "HITS@10m_new": 0.1990567342271097}