{"MRRm_new": 0.09859530769120756, "MRm_new": 719.3689803519248, "HITS@1m_new": 0.05476948291402659, "HITS@3m_new": 0.09860222666123881, "HITS@10m_new": 0.18485327642685734}