{"MRRm_new": 0.2500224186957319, "MRm_new": 355.59255721004007, "HITS@1m_new": 0.17381682440961013, "HITS@3m_new": 0.26709529812228866, "HITS@10m_new": 0.4056875473770313}