{"MRRm_new": 0.33864809793538464, "MRm_new": 431.02016811404377, "HITS@1m_new": 0.27561489492924013, "HITS@3m_new": 0.36296739690694085, "HITS@10m_new": 0.4546339983007347}