{"MRRm_new": 0.08594560139287295, "MRm_new": 16226.429621185303, "HITS@1m_new": 0.042800231405650264, "HITS@3m_new": 0.0938703886346775, "HITS@10m_new": 0.1771487824951182}