{"MRRm_new": 0.11952408577754103, "MRm_new": 3748.2944366922616, "HITS@1m_new": 0.0758429209341295, "HITS@3m_new": 0.12560466584945099, "HITS@10m_new": 0.20798497321768664}