{"MRRm_new": 0.5494160456792433, "MRm_new": 64.90094439982623, "HITS@1m_new": 0.47262800685572437, "HITS@3m_new": 0.5824637820353964, "HITS@10m_new": 0.6965649600209436}