{"MRRm_new": 0.223924920869786, "MRm_new": 324.6397381824732, "HITS@1m_new": 0.14538565541268325, "HITS@3m_new": 0.2450575134749757, "HITS@10m_new": 0.38024816553165436}