{"MRRm_new": 0.09104709242947365, "MRm_new": 16122.615897009582, "HITS@1m_new": 0.05235282028152142, "HITS@3m_new": 0.09467062821553554, "HITS@10m_new": 0.1735847994341748}