{"MRRm_new": 0.13911621445150876, "MRm_new": 3949.95498707059, "HITS@1m_new": 0.08893234161949658, "HITS@3m_new": 0.147909554157377, "HITS@10m_new": 0.23397964760380274}