{"MRRm_new": 0.1780597686328736, "MRm_new": 630.3118837944269, "HITS@1m_new": 0.10615776030698325, "HITS@3m_new": 0.19289266775894212, "HITS@10m_new": 0.32663725695544854}