{"MRRm_new": 0.3004307218325957, "MRm_new": 676.1796041284055, "HITS@1m_new": 0.24205575889673855, "HITS@3m_new": 0.31747964716940624, "HITS@10m_new": 0.4127545655963622}