{"MRRm_new": 0.06259036661367008, "MRm_new": 3531.8065427723004, "HITS@1m_new": 0.03534507230264717, "HITS@3m_new": 0.06342619450845086, "HITS@10m_new": 0.1118082709815717}