{"MRRm_new": 0.12485595454778814, "MRm_new": 458.64688165535927, "HITS@1m_new": 0.06711582685726462, "HITS@3m_new": 0.13408225627921055, "HITS@10m_new": 0.23615359048172832}