{"MRRm_new": 0.1312697121997935, "MRm_new": 661.2320950715243, "HITS@1m_new": 0.07314754726325191, "HITS@3m_new": 0.1378284688622516, "HITS@10m_new": 0.24916309750448273}