{"MRRm_new": 0.1216094677742978, "MRm_new": 609.7002884283304, "HITS@1m_new": 0.07348272208855487, "HITS@3m_new": 0.12577518582057673, "HITS@10m_new": 0.21224752812328515}