{"MRRm_new": 0.4206581696905278, "MRm_new": 275.92895500433445, "HITS@1m_new": 0.3291308774142526, "HITS@3m_new": 0.4614569137711151, "HITS@10m_new": 0.5979296297649198}