{"MRRm_new": 0.17901913332888944, "MRm_new": 611.6875556064606, "HITS@1m_new": 0.11884746937310556, "HITS@3m_new": 0.18853684763864148, "HITS@10m_new": 0.29943780634929423}