{"MRRm_new": 0.1008774870914669, "MRm_new": 610.845928321743, "HITS@1m_new": 0.05897240591858863, "HITS@3m_new": 0.10229686742351041, "HITS@10m_new": 0.17717618823606754}