{"MRRm_new": 0.22128354647604137, "MRm_new": 275.003687447381, "HITS@1m_new": 0.1405480496908538, "HITS@3m_new": 0.2335271049090661, "HITS@10m_new": 0.3835501608849503}