{"MRRm_new": 0.1662407545985232, "MRm_new": 242.4414787370205, "HITS@1m_new": 0.09522383841127158, "HITS@3m_new": 0.1791279359326698, "HITS@10m_new": 0.3093179659116082}