{"MRRm_new": 0.09916026610817498, "MRm_new": 786.2561184671403, "HITS@1m_new": 0.05701981638005236, "HITS@3m_new": 0.10105486006491118, "HITS@10m_new": 0.17811881350581535}