{"MRRm_new": 0.5305102416508553, "MRm_new": 231.8376487256214, "HITS@1m_new": 0.459660147158982, "HITS@3m_new": 0.5632294396420475, "HITS@10m_new": 0.6626389055872278}