{"MRRm_new": 0.2017606587755159, "MRm_new": 430.4325946467161, "HITS@1m_new": 0.12760177354961633, "HITS@3m_new": 0.21650609860287515, "HITS@10m_new": 0.35017439366407344}