{"MRRm_new": 0.18695498039132144, "MRm_new": 2083.6372087667287, "HITS@1m_new": 0.1229205773442518, "HITS@3m_new": 0.1957641724892892, "HITS@10m_new": 0.3121490349319065}