{"MRRm_new": 0.19682580453301488, "MRm_new": 510.9753015403971, "HITS@1m_new": 0.12486207581920826, "HITS@3m_new": 0.2140448337136477, "HITS@10m_new": 0.34184424009188663}