{"MRRm_new": 0.0727470309996379, "MRm_new": 16500.78352990684, "HITS@1m_new": 0.035155365116079335, "HITS@3m_new": 0.07453643489757088, "HITS@10m_new": 0.15039636556489858}