{"MRRm_new": 0.19329614348191973, "MRm_new": 452.45101437010766, "HITS@1m_new": 0.129998804467381, "HITS@3m_new": 0.20774957122630439, "HITS@10m_new": 0.3162704835980898}