{"MRRm_new": 0.19188608411074665, "MRm_new": 2324.832723095268, "HITS@1m_new": 0.12823819550170446, "HITS@3m_new": 0.20336654940433802, "HITS@10m_new": 0.3173797099007643}