{"MRRm_new": 0.09085101858772104, "MRm_new": 3923.320731758833, "HITS@1m_new": 0.04880478229932487, "HITS@3m_new": 0.09282881189864128, "HITS@10m_new": 0.18141557505298406}