{"MRRm_new": 0.14610160017945417, "MRm_new": 4326.660651430458, "HITS@1m_new": 0.09744848385245132, "HITS@3m_new": 0.15265603692588048, "HITS@10m_new": 0.241122198517769}