{"MRRm_new": 0.1335752918108974, "MRm_new": 3793.977380812138, "HITS@1m_new": 0.08652324535541993, "HITS@3m_new": 0.13879020950203994, "HITS@10m_new": 0.22679378421560978}