{"MRRm_new": 0.23929515733673906, "MRm_new": 380.3315657740593, "HITS@1m_new": 0.16455932819121516, "HITS@3m_new": 0.25833937813602387, "HITS@10m_new": 0.3929645559243858}