{"MRRm_new": 0.23390075079459258, "MRm_new": 3527.7035229276416, "HITS@1m_new": 0.16149561127636117, "HITS@3m_new": 0.24753002468886554, "HITS@10m_new": 0.3820196423137095}