{"MRRm_new": 0.25137590797567244, "MRm_new": 351.57859671916964, "HITS@1m_new": 0.17497721092756838, "HITS@3m_new": 0.2710302389420569, "HITS@10m_new": 0.40399662432046607}