{"MRRm_new": 0.2921434733546612, "MRm_new": 774.083936042875, "HITS@1m_new": 0.23517670864296453, "HITS@3m_new": 0.30932525563105445, "HITS@10m_new": 0.4013599798927753}