{"MRRm_new": 0.08936638868444716, "MRm_new": 813.3710340949059, "HITS@1m_new": 0.0532236586460378, "HITS@3m_new": 0.08792678671048489, "HITS@10m_new": 0.1577606732324464}