{"MRRm_new": 0.226754282771374, "MRm_new": 317.74747029776574, "HITS@1m_new": 0.1477358014584286, "HITS@3m_new": 0.24300555752622896, "HITS@10m_new": 0.38526624710294416}