{"MRRm_new": 0.35913806522842606, "MRm_new": 351.0225251758024, "HITS@1m_new": 0.293272412046208, "HITS@3m_new": 0.38582078490857385, "HITS@10m_new": 0.47962716736859873}