{"MRRm_new": 0.26182533668009, "MRm_new": 4379.229629738957, "HITS@1m_new": 0.2028526774175698, "HITS@3m_new": 0.28017206534941214, "HITS@10m_new": 0.37414473465090853}