{"MRRm_new": 0.4205386565342242, "MRm_new": 246.16233324217052, "HITS@1m_new": 0.3519246879043494, "HITS@3m_new": 0.4517426050624781, "HITS@10m_new": 0.5445425477176468}