{"MRRm_new": 0.24817863025293355, "MRm_new": 4344.400721803725, "HITS@1m_new": 0.1835461069942685, "HITS@3m_new": 0.27177901537367144, "HITS@10m_new": 0.3711944721703185}