{"MRRm_new": 0.14548236059297232, "MRm_new": 4313.841871195555, "HITS@1m_new": 0.09621722651262826, "HITS@3m_new": 0.15341983061746578, "HITS@10m_new": 0.24059124680822425}