{"MRRm_new": 0.6596546280198318, "MRm_new": 201.71001771707088, "HITS@1m_new": 0.603462929113899, "HITS@3m_new": 0.6891070009426039, "HITS@10m_new": 0.7673707192012443}