{"MRRm_new": 0.21107084276481328, "MRm_new": 342.1300406157732, "HITS@1m_new": 0.1318490617260686, "HITS@3m_new": 0.22840110939036823, "HITS@10m_new": 0.3707862977559795}