{"MRRm_new": 0.22954348990294385, "MRm_new": 279.3277741112709, "HITS@1m_new": 0.14255728547216276, "HITS@3m_new": 0.2436967810447968, "HITS@10m_new": 0.4225090646573808}