{"MRRm_new": 0.3517466313454152, "MRm_new": 523.722026070036, "HITS@1m_new": 0.2868596340260956, "HITS@3m_new": 0.37774613710552873, "HITS@10m_new": 0.4752302111461504}