{"MRRm_new": 0.2119793437398941, "MRm_new": 339.3950257990837, "HITS@1m_new": 0.136310012368951, "HITS@3m_new": 0.22926441623116844, "HITS@10m_new": 0.3635775940092804}