{"MRRm_new": 0.2802199082197803, "MRm_new": 709.8756686446443, "HITS@1m_new": 0.22561761372002728, "HITS@3m_new": 0.2971531446924164, "HITS@10m_new": 0.38375178488965683}