{"MRRm_new": 0.1342634778028314, "MRm_new": 3647.9685643284024, "HITS@1m_new": 0.08686912393113017, "HITS@3m_new": 0.13994886154260894, "HITS@10m_new": 0.22823364601802315}