{"MRRm_new": 0.20414055931298344, "MRm_new": 2375.163769601345, "HITS@1m_new": 0.1393552224068262, "HITS@3m_new": 0.21905772395792883, "HITS@10m_new": 0.3277127789664082}