{"MRRm_new": 0.10256208908337067, "MRm_new": 3960.1149495090544, "HITS@1m_new": 0.05332872617337853, "HITS@3m_new": 0.11196093406225555, "HITS@10m_new": 0.20494851266860498}