{"MRRm_new": 0.2598269053367953, "MRm_new": 3928.3471382121443, "HITS@1m_new": 0.1958769136199844, "HITS@3m_new": 0.2826938770875568, "HITS@10m_new": 0.37968159476775326}