{"MRRm_new": 0.19926176708187704, "MRm_new": 400.0222347010374, "HITS@1m_new": 0.13714220140868566, "HITS@3m_new": 0.21069247133517638, "HITS@10m_new": 0.3203666905616643}