{"MRRm_new": 0.17540181196046115, "MRm_new": 2051.760095792383, "HITS@1m_new": 0.11349633445747895, "HITS@3m_new": 0.18636499967181588, "HITS@10m_new": 0.2992418121958617}