{"MRRm_new": 0.11077767607716524, "MRm_new": 519.130862985754, "HITS@1m_new": 0.06033354451962514, "HITS@3m_new": 0.11506322768501705, "HITS@10m_new": 0.20965517865119035}