{"MRRm_new": 0.49038172597929225, "MRm_new": 282.79650617865474, "HITS@1m_new": 0.426349915542618, "HITS@3m_new": 0.5156645275790652, "HITS@10m_new": 0.61218615828146}