{"MRRm_new": 0.18261178490068122, "MRm_new": 350.7850917510986, "HITS@1m_new": 0.10760129032357363, "HITS@3m_new": 0.19690787377976812, "HITS@10m_new": 0.3341689763634}