{"MRRm_new": 0.07325229270004784, "MRm_new": 855.93511305089, "HITS@1m_new": 0.03660766006800113, "HITS@3m_new": 0.07445036181312753, "HITS@10m_new": 0.13914033993565245}