{"MRRm_new": 0.09103250700630451, "MRm_new": 3922.483176688814, "HITS@1m_new": 0.048939503210596744, "HITS@3m_new": 0.09287124875392765, "HITS@10m_new": 0.18148597829788923}