{"MRRm_new": 0.33680463633636465, "MRm_new": 664.7574077015296, "HITS@1m_new": 0.27412388683132305, "HITS@3m_new": 0.3615578845638156, "HITS@10m_new": 0.45614675483117023}