{"MRRm_new": 0.3888782877533613, "MRm_new": 327.0595235095322, "HITS@1m_new": 0.32203218298144565, "HITS@3m_new": 0.4184025607196527, "HITS@10m_new": 0.5072952511851617}