{"MRRm_new": 0.22403132483774826, "MRm_new": 362.11474000964165, "HITS@1m_new": 0.13928499255289206, "HITS@3m_new": 0.23593333629450644, "HITS@10m_new": 0.41401555684958585}