{"MRRm_new": 0.5400371094306984, "MRm_new": 228.83100672006606, "HITS@1m_new": 0.474075577737447, "HITS@3m_new": 0.5674563322646136, "HITS@10m_new": 0.6658545975423767}