{"MRRm_new": 0.17722867513141047, "MRm_new": 630.0518818398491, "HITS@1m_new": 0.11120636294092401, "HITS@3m_new": 0.19123808904309772, "HITS@10m_new": 0.31045421814900326}