{"MRRm_new": 0.1056721048387335, "MRm_new": 3804.7004746128796, "HITS@1m_new": 0.06504518449921161, "HITS@3m_new": 0.1131187375989277, "HITS@10m_new": 0.18796475092261097}