{"MRRm_new": 0.2341177755760087, "MRm_new": 547.2293061808109, "HITS@1m_new": 0.16308503904551036, "HITS@3m_new": 0.25191632346315307, "HITS@10m_new": 0.37556540505122393}