{"MRRm_new": 0.2848396258613975, "MRm_new": 782.8610768323615, "HITS@1m_new": 0.22945350732866063, "HITS@3m_new": 0.3025740367890321, "HITS@10m_new": 0.39143082732558104}