{"MRRm_new": 0.38925299815317976, "MRm_new": 347.5202872992754, "HITS@1m_new": 0.31972646456628717, "HITS@3m_new": 0.4139814133193286, "HITS@10m_new": 0.523575984147421}