{"MRRm_new": 0.49610760426176514, "MRm_new": 175.2516678119898, "HITS@1m_new": 0.38840140435122883, "HITS@3m_new": 0.5517882780062536, "HITS@10m_new": 0.7077972788014886}