{"MRRm_new": 0.28598673185134155, "MRm_new": 2809.7357339734135, "HITS@1m_new": 0.20751783645467367, "HITS@3m_new": 0.30710072121501436, "HITS@10m_new": 0.45433673315914347}