{"MRRm_new": 0.20354057354634425, "MRm_new": 400.6440349696636, "HITS@1m_new": 0.12878368171919138, "HITS@3m_new": 0.21971588945060502, "HITS@10m_new": 0.3539298942126858}