{"MRRm_new": 0.09130974346819085, "MRm_new": 16104.224943383724, "HITS@1m_new": 0.052122273880639114, "HITS@3m_new": 0.09561527077795472, "HITS@10m_new": 0.17481313710624818}