{"MRRm_new": 0.3846291786840702, "MRm_new": 474.30792950813475, "HITS@1m_new": 0.30319483703276273, "HITS@3m_new": 0.4199098835518416, "HITS@10m_new": 0.5458008098675055}