{"MRRm_new": 0.0912912060323477, "MRm_new": 879.444682865429, "HITS@1m_new": 0.05041312955264002, "HITS@3m_new": 0.09184425317825516, "HITS@10m_new": 0.16877479581633817}