{"MRRm_new": 0.18864028640878094, "MRm_new": 487.60804229972365, "HITS@1m_new": 0.12630582394830417, "HITS@3m_new": 0.20083667333531194, "HITS@10m_new": 0.3110515661684796}