{"MRRm_new": 0.1432783512869323, "MRm_new": 3631.708397867948, "HITS@1m_new": 0.09163992780103582, "HITS@3m_new": 0.15065473415535235, "HITS@10m_new": 0.24335867130197586}