{"MRRm_new": 0.21640745306376194, "MRm_new": 161.46743167097569, "HITS@1m_new": 0.10610014443211258, "HITS@3m_new": 0.24745133812418207, "HITS@10m_new": 0.45703987559312953}