{"MRRm_new": 0.2802033553745823, "MRm_new": 307.0070374463946, "HITS@1m_new": 0.20060320697494172, "HITS@3m_new": 0.3091400894804101, "HITS@10m_new": 0.4329796668618801}