{"MRRm_new": 0.25907432495206156, "MRm_new": 340.49842295787334, "HITS@1m_new": 0.18050606436594388, "HITS@3m_new": 0.27641424643788487, "HITS@10m_new": 0.4206923394424841}