{"MRRm_new": 0.3013721907035224, "MRm_new": 2925.386280388385, "HITS@1m_new": 0.21885355777852236, "HITS@3m_new": 0.3359635373335332, "HITS@10m_new": 0.4700144127783133}