{"MRRm_new": 0.6112297348889688, "MRm_new": 234.28050669039786, "HITS@1m_new": 0.5477549771950143, "HITS@3m_new": 0.644770411169051, "HITS@10m_new": 0.7298233240479604}