{"MRRm_new": 0.18344614324365685, "MRm_new": 337.27796834373476, "HITS@1m_new": 0.11097042474632617, "HITS@3m_new": 0.19633876621681265, "HITS@10m_new": 0.3209413102462131}