{"MRRm_new": 0.17759578479544288, "MRm_new": 544.1979006369114, "HITS@1m_new": 0.11686939778488013, "HITS@3m_new": 0.18198101120308274, "HITS@10m_new": 0.3152504111420771}