{"MRRm_new": 0.16994715144848851, "MRm_new": 963.350357971862, "HITS@1m_new": 0.10972632913889538, "HITS@3m_new": 0.18531352105791302, "HITS@10m_new": 0.28978168320191616}