{"MRRm_new": 0.10199177377844754, "MRm_new": 612.297306453228, "HITS@1m_new": 0.06001729529940057, "HITS@3m_new": 0.10498898787000216, "HITS@10m_new": 0.1796594112865394}