{"MRRm_new": 0.22977644005870534, "MRm_new": 450.4475940675974, "HITS@1m_new": 0.1548138599810307, "HITS@3m_new": 0.24637722586253658, "HITS@10m_new": 0.38251051222123206}