{"MRRm_new": 0.6504877782191015, "MRm_new": 225.71147913892568, "HITS@1m_new": 0.5923850749827215, "HITS@3m_new": 0.6790038233227533, "HITS@10m_new": 0.7592863905973863}