{"MRRm_new": 0.34262909123014923, "MRm_new": 477.01167109820994, "HITS@1m_new": 0.2775766355578635, "HITS@3m_new": 0.3668933534668176, "HITS@10m_new": 0.4643540564028299}