{"MRRm_new": 0.12822218975837585, "MRm_new": 5169.845030133426, "HITS@1m_new": 0.08421465792052914, "HITS@3m_new": 0.13143168079762835, "HITS@10m_new": 0.21242994057451142}