{"MRRm_new": 0.42468212346462586, "MRm_new": 262.42622410690785, "HITS@1m_new": 0.3353764925065043, "HITS@3m_new": 0.462279769612418, "HITS@10m_new": 0.599291783375651}