{"MRRm_new": 0.26255198188977735, "MRm_new": 3532.8271042004526, "HITS@1m_new": 0.1953041119063273, "HITS@3m_new": 0.2853412126681069, "HITS@10m_new": 0.392835074596951}