{"MRRm_new": 0.3188312535351501, "MRm_new": 1828.6954970390796, "HITS@1m_new": 0.2381926176616107, "HITS@3m_new": 0.3474045553400647, "HITS@10m_new": 0.4771900632597972}