{"MRRm_new": 0.14899100396314724, "MRm_new": 2359.3875107419194, "HITS@1m_new": 0.09715082263798104, "HITS@3m_new": 0.15394670032846625, "HITS@10m_new": 0.24928226249324506}