{"MRRm_new": 0.09600795148284087, "MRm_new": 4071.6028200665714, "HITS@1m_new": 0.05217573728035204, "HITS@3m_new": 0.10240729693337344, "HITS@10m_new": 0.19301226842314936}