{"MRRm_new": 0.10043550028459286, "MRm_new": 653.481303941083, "HITS@1m_new": 0.057757771302200854, "HITS@3m_new": 0.09961541205151006, "HITS@10m_new": 0.18392197995977477}