{"MRRm_new": 0.23045885361394466, "MRm_new": 270.7121562045336, "HITS@1m_new": 0.1432296888904355, "HITS@3m_new": 0.2435362827775709, "HITS@10m_new": 0.4236518164608162}