{"MRRm_new": 0.0739725173390916, "MRm_new": 16465.349469473393, "HITS@1m_new": 0.03604711363313254, "HITS@3m_new": 0.076005957257119, "HITS@10m_new": 0.1531951771193417}