{"MRRm_new": 0.5281261200555227, "MRm_new": 249.70704734633864, "HITS@1m_new": 0.46306472697531353, "HITS@3m_new": 0.5549767567627714, "HITS@10m_new": 0.6541602484869945}