{"MRRm_new": 0.2887019744994532, "MRm_new": 286.3197381617129, "HITS@1m_new": 0.20728982194525453, "HITS@3m_new": 0.31939446030420365, "HITS@10m_new": 0.4439165997944365}