{"MRRm_new": 0.19443786041202402, "MRm_new": 416.4378712255001, "HITS@1m_new": 0.1289618880608701, "HITS@3m_new": 0.20966989392847754, "HITS@10m_new": 0.31890092992777935}