{"MRRm_new": 0.13571444612180084, "MRm_new": 2939.2418320539296, "HITS@1m_new": 0.08685110282280949, "HITS@3m_new": 0.13902446307759964, "HITS@10m_new": 0.22546789736405481}