{"MRRm_new": 0.001470505824197062, "MRm_new": 17355.84513482666, "HITS@1m_new": 0.00013743170071393252, "HITS@3m_new": 0.0003993364628404379, "HITS@10m_new": 0.0007952013653703034}