{"MRRm_new": 0.1935232995117003, "MRm_new": 1980.2439089475572, "HITS@1m_new": 0.127478596862813, "HITS@3m_new": 0.20381126226496418, "HITS@10m_new": 0.32355053031397984}