{"MRRm_new": 0.10097087932647845, "MRm_new": 4160.469794336438, "HITS@1m_new": 0.05596844485364855, "HITS@3m_new": 0.10250044387327507, "HITS@10m_new": 0.19997699199402705}