{"MRRm_new": 0.3046038396086724, "MRm_new": 506.3657810248211, "HITS@1m_new": 0.24684150330631383, "HITS@3m_new": 0.3234433686941775, "HITS@10m_new": 0.41466322463269173}