{"MRRm_new": 0.14896320177358394, "MRm_new": 3756.8753573749736, "HITS@1m_new": 0.09514609831439157, "HITS@3m_new": 0.16210202976621804, "HITS@10m_new": 0.2589732793292314}