{"MRRm_new": 0.19385065496203607, "MRm_new": 425.04216114065645, "HITS@1m_new": 0.12899023116154132, "HITS@3m_new": 0.20747270284215918, "HITS@10m_new": 0.31910752058592623}