{"MRRm_new": 0.14650947871391326, "MRm_new": 650.6398433657065, "HITS@1m_new": 0.08592281505854407, "HITS@3m_new": 0.1560762030276819, "HITS@10m_new": 0.2691297819393076}