{"MRRm_new": 0.0014627224496398413, "MRm_new": 17355.933722568512, "HITS@1m_new": 0.00013743170071393252, "HITS@3m_new": 0.0003874317007139325, "HITS@10m_new": 0.0007832966032437981}