{"MRRm_new": 0.07452396097507517, "MRm_new": 16466.81710411319, "HITS@1m_new": 0.036935064592049455, "HITS@3m_new": 0.07552045612677466, "HITS@10m_new": 0.15435930972069037}