{"MRRm_new": 0.3980348090952584, "MRm_new": 183.08295345309378, "HITS@1m_new": 0.2949847809999992, "HITS@3m_new": 0.4427347182675367, "HITS@10m_new": 0.59964512419932}