{"MRRm_new": 0.09090811489398329, "MRm_new": 3922.745211981678, "HITS@1m_new": 0.04879542103875428, "HITS@3m_new": 0.0925900845712982, "HITS@10m_new": 0.182015188334696}