{"MRRm_new": 0.09562821537278651, "MRm_new": 513.3231198343753, "HITS@1m_new": 0.04615043952367268, "HITS@3m_new": 0.09782002830677666, "HITS@10m_new": 0.18847596620470286}