{"MRRm_new": 0.09989941381014432, "MRm_new": 3509.3325722506866, "HITS@1m_new": 0.05715743950480828, "HITS@3m_new": 0.1050226846204605, "HITS@10m_new": 0.18632409504299358}