{"MRRm_new": 0.1017737135751202, "MRm_new": 742.2786343641043, "HITS@1m_new": 0.058546431855962144, "HITS@3m_new": 0.10468560581278288, "HITS@10m_new": 0.18237890192616033}