{"MRRm_new": 0.17785426134145563, "MRm_new": 511.0843382608518, "HITS@1m_new": 0.11170100633904803, "HITS@3m_new": 0.1903540731938665, "HITS@10m_new": 0.3122415212259002}