{"MRRm_new": 0.2765001626434455, "MRm_new": 2291.8214866975845, "HITS@1m_new": 0.20204109203873669, "HITS@3m_new": 0.3011009583891719, "HITS@10m_new": 0.42164737372283706}