{"MRRm_new": 0.297848661141973, "MRm_new": 528.9381647417769, "HITS@1m_new": 0.240076093691001, "HITS@3m_new": 0.31628132392860425, "HITS@10m_new": 0.4082844017829921}