{"MRRm_new": 0.17113091222579077, "MRm_new": 792.0417170136571, "HITS@1m_new": 0.11450640097906581, "HITS@3m_new": 0.1846148454572867, "HITS@10m_new": 0.27937496064156586}