{"MRRm_new": 0.04885379495583857, "MRm_new": 3738.782512110412, "HITS@1m_new": 0.02234695008185372, "HITS@3m_new": 0.04782322024719179, "HITS@10m_new": 0.10144983432110166}