{"MRRm_new": 0.49654075382634166, "MRm_new": 232.36347073154897, "HITS@1m_new": 0.4331554606063182, "HITS@3m_new": 0.5217199490870116, "HITS@10m_new": 0.6167093127619155}