{"MRRm_new": 0.3018175614480584, "MRm_new": 194.98536186430454, "HITS@1m_new": 0.19217614949047565, "HITS@3m_new": 0.34585033304877577, "HITS@10m_new": 0.5172916277941316}