{"MRRm_new": 0.28669527223561, "MRm_new": 604.5184763369634, "HITS@1m_new": 0.22972137001821466, "HITS@3m_new": 0.3039825662502808, "HITS@10m_new": 0.3961027893865539}