{"MRRm_new": 0.29512748276572803, "MRm_new": 3370.0177786486, "HITS@1m_new": 0.25756640824371424, "HITS@3m_new": 0.30983461328428163, "HITS@10m_new": 0.3673549224351882}