{"MRRm_new": 0.49630642316077594, "MRm_new": 929.3024503261149, "HITS@1m_new": 0.37981848236790394, "HITS@3m_new": 0.5549334552366054, "HITS@10m_new": 0.7317516872575507}