{"MRRm_new": 0.21190015501108336, "MRm_new": 3147.9391632643787, "HITS@1m_new": 0.16458298401072535, "HITS@3m_new": 0.2245690504530794, "HITS@10m_new": 0.307113630676482}