{"MRRm_new": 0.3133999978321126, "MRm_new": 2234.591926152408, "HITS@1m_new": 0.23006042315927333, "HITS@3m_new": 0.3468251567692496, "HITS@10m_new": 0.48847623690497133}