{"MRRm_new": 0.19278698182736406, "MRm_new": 461.86693032274246, "HITS@1m_new": 0.13027588285200764, "HITS@3m_new": 0.20629510680478996, "HITS@10m_new": 0.31503370900291483}