{"MRRm_new": 0.1539541054973506, "MRm_new": 3305.574631303519, "HITS@1m_new": 0.10269173159176717, "HITS@3m_new": 0.15995083861102466, "HITS@10m_new": 0.25552759146445897}