{"MRRm_new": 0.2533808482716077, "MRm_new": 1938.77365540269, "HITS@1m_new": 0.1757762708394439, "HITS@3m_new": 0.2684281484695966, "HITS@10m_new": 0.411806071567582}