{"MRRm_new": 0.4080744417642918, "MRm_new": 136.35765579921008, "HITS@1m_new": 0.30543573282937, "HITS@3m_new": 0.4534816841801148, "HITS@10m_new": 0.6072415155484341}