{"MRRm_new": 0.08408022971886821, "MRm_new": 919.1115162330389, "HITS@1m_new": 0.048763719394605144, "HITS@3m_new": 0.08470717222526436, "HITS@10m_new": 0.14713979100292782}