{"MRRm_new": 0.10476236207501642, "MRm_new": 3698.948659226108, "HITS@1m_new": 0.06230186393992044, "HITS@3m_new": 0.11014641210078262, "HITS@10m_new": 0.18886930960388854}