{"MRRm_new": 0.10628184438754688, "MRm_new": 597.9679706275701, "HITS@1m_new": 0.062422478500427675, "HITS@3m_new": 0.10845968259873334, "HITS@10m_new": 0.187150542488636}