{"MRRm_new": 0.10703539923253994, "MRm_new": 634.0560603558064, "HITS@1m_new": 0.06290666250374634, "HITS@3m_new": 0.11029183332101675, "HITS@10m_new": 0.18840528529454023}