{"MRRm_new": 0.1472153627079965, "MRm_new": 3038.966643070251, "HITS@1m_new": 0.09643685698107583, "HITS@3m_new": 0.15462661366592512, "HITS@10m_new": 0.24378515591382166}