{"MRRm_new": 0.3736992775554336, "MRm_new": 252.29788851818444, "HITS@1m_new": 0.27547608042862703, "HITS@3m_new": 0.41267924537444195, "HITS@10m_new": 0.5669985904601926}