{"MRRm_new": 0.11532694324559124, "MRm_new": 734.9555158615112, "HITS@1m_new": 0.06938541803582339, "HITS@3m_new": 0.11878699807000812, "HITS@10m_new": 0.20088006716505624}