{"MRRm_new": 0.10188781818606948, "MRm_new": 451.8953124072552, "HITS@1m_new": 0.050761280146893115, "HITS@3m_new": 0.10468004446616397, "HITS@10m_new": 0.20000626096050256}