{"MRRm_new": 0.18522544467391708, "MRm_new": 467.5361732344389, "HITS@1m_new": 0.12357229896160425, "HITS@3m_new": 0.1956055393092567, "HITS@10m_new": 0.3083164711601334}