{"MRRm_new": 0.3043480220339716, "MRm_new": 958.042596009843, "HITS@1m_new": 0.24963504056991587, "HITS@3m_new": 0.32335545863387233, "HITS@10m_new": 0.4091749684226816}