{"MRRm_new": 0.3830944585658117, "MRm_new": 390.64975372324886, "HITS@1m_new": 0.29774120392822806, "HITS@3m_new": 0.41842713732614356, "HITS@10m_new": 0.5468583172417275}