{"MRRm_new": 0.11683593312068752, "MRm_new": 958.4484590655118, "HITS@1m_new": 0.06483713748968875, "HITS@3m_new": 0.12591893979904126, "HITS@10m_new": 0.21835132202529348}