{"MRRm_new": 0.0029693929932936955, "MRm_new": 5086.817127735615, "HITS@1m_new": 0.0005597342517139623, "HITS@3m_new": 0.0017845800669601885, "HITS@10m_new": 0.005159634291332623}