{"MRRm_new": 0.22404205122264392, "MRm_new": 363.6954304760933, "HITS@1m_new": 0.14630823714066063, "HITS@3m_new": 0.24389088609525933, "HITS@10m_new": 0.3785307619420404}