{"MRRm_new": 0.15229574565555548, "MRm_new": 3500.3879075101613, "HITS@1m_new": 0.10002247534896014, "HITS@3m_new": 0.15992483766895021, "HITS@10m_new": 0.25469937679110444}