{"MRRm_new": 0.10353907122324017, "MRm_new": 445.74670025196076, "HITS@1m_new": 0.05202565257046372, "HITS@3m_new": 0.10640496423081496, "HITS@10m_new": 0.20292288696579636}