{"MRRm_new": 0.5479300001844695, "MRm_new": 104.09401123628021, "HITS@1m_new": 0.4770795595073723, "HITS@3m_new": 0.5836829078189331, "HITS@10m_new": 0.6772648190635955}