{"MRRm_new": 0.43776920642256756, "MRm_new": 97.44751799085736, "HITS@1m_new": 0.3308875098686767, "HITS@3m_new": 0.48779721747782606, "HITS@10m_new": 0.6454279544267629}