{"MRRm_new": 0.09247179023640638, "MRm_new": 713.9147037231207, "HITS@1m_new": 0.04883061193447793, "HITS@3m_new": 0.09464922813833691, "HITS@10m_new": 0.17069162849122657}