{"MRRm_new": 0.18615518733118824, "MRm_new": 647.1000811101869, "HITS@1m_new": 0.1187777398589751, "HITS@3m_new": 0.20183774833615462, "HITS@10m_new": 0.3201495088924203}