{"MRRm_new": 0.24755989669788822, "MRm_new": 5989.742080610215, "HITS@1m_new": 0.1707354524835391, "HITS@3m_new": 0.26892940458592784, "HITS@10m_new": 0.4023390672363457}