{"MRRm_new": 0.23819433943281865, "MRm_new": 4241.094851199388, "HITS@1m_new": 0.1761512057457585, "HITS@3m_new": 0.2618363614954287, "HITS@10m_new": 0.35190198584314203}