{"MRRm_new": 0.277355383389714, "MRm_new": 991.4345204057247, "HITS@1m_new": 0.224864237545582, "HITS@3m_new": 0.29367460439432763, "HITS@10m_new": 0.37789163716664187}