{"MRRm_new": 0.07172882400882227, "MRm_new": 907.1762254539728, "HITS@1m_new": 0.035637268441228664, "HITS@3m_new": 0.07289062369017629, "HITS@10m_new": 0.1378921586932731}