{"MRRm_new": 0.2584825174452658, "MRm_new": 2566.3450267317, "HITS@1m_new": 0.1883143712101737, "HITS@3m_new": 0.28070482451672435, "HITS@10m_new": 0.3883823422582354}