{"MRRm_new": 0.22251678460199037, "MRm_new": 394.32829457783697, "HITS@1m_new": 0.144713765802898, "HITS@3m_new": 0.24185922023172024, "HITS@10m_new": 0.3778855434708821}