{"MRRm_new": 0.2278806487954357, "MRm_new": 5897.800039466172, "HITS@1m_new": 0.15423628700728295, "HITS@3m_new": 0.2475987904423382, "HITS@10m_new": 0.3732272111880593}