{"MRRm_new": 0.06337739245175908, "MRm_new": 3590.09152047728, "HITS@1m_new": 0.03532543358410476, "HITS@3m_new": 0.0648472039558037, "HITS@10m_new": 0.11567274792095486}