{"MRRm_new": 0.2315120642431313, "MRm_new": 252.25932498717307, "HITS@1m_new": 0.15414978674291632, "HITS@3m_new": 0.24638742935615593, "HITS@10m_new": 0.3852517904021777}