{"MRRm_new": 0.3745667264646099, "MRm_new": 234.83942126846313, "HITS@1m_new": 0.27696180593995084, "HITS@3m_new": 0.41447201835905434, "HITS@10m_new": 0.5661126002080273}