{"MRRm_new": 0.18599320773311628, "MRm_new": 447.665710854125, "HITS@1m_new": 0.12428242821926833, "HITS@3m_new": 0.19607649531208443, "HITS@10m_new": 0.30822371266421394}