{"MRRm_new": 0.12511684332622827, "MRm_new": 550.8035171517133, "HITS@1m_new": 0.07613473708850797, "HITS@3m_new": 0.13083121536478867, "HITS@10m_new": 0.21779360909014941}