{"MRRm_new": 0.7172114821569885, "MRm_new": 149.95640778644383, "HITS@1m_new": 0.6563698826867185, "HITS@3m_new": 0.7524215397702173, "HITS@10m_new": 0.8302879892223572}