{"MRRm_new": 0.22168401095871376, "MRm_new": 369.2217543682098, "HITS@1m_new": 0.13691601633052342, "HITS@3m_new": 0.2304799348762259, "HITS@10m_new": 0.42301413061837667}