{"MRRm_new": 0.27735299888847703, "MRm_new": 2148.188659636766, "HITS@1m_new": 0.2071089167690807, "HITS@3m_new": 0.30150295343519246, "HITS@10m_new": 0.4102636937013012}