{"MRRm_new": 0.0013545882073553912, "MRm_new": 17414.595614112855, "HITS@1m_new": 0.00013743170071393252, "HITS@3m_new": 0.00019645947869867086, "HITS@10m_new": 0.000564546603243798}