{"MRRm_new": 0.34594522953994694, "MRm_new": 561.2466227184907, "HITS@1m_new": 0.26989088397164235, "HITS@3m_new": 0.3761055675346106, "HITS@10m_new": 0.4910728739086699}