{"MRRm_new": 0.19270751521614238, "MRm_new": 588.0510330869779, "HITS@1m_new": 0.12526526075508446, "HITS@3m_new": 0.20902101047866745, "HITS@10m_new": 0.3276675869010796}