{"MRRm_new": 0.19990250921025435, "MRm_new": 445.20404786670207, "HITS@1m_new": 0.13549580030258512, "HITS@3m_new": 0.21251138678039425, "HITS@10m_new": 0.32786013115793466}