{"MRRm_new": 0.19153602670764375, "MRm_new": 395.43040610346793, "HITS@1m_new": 0.11632091194700915, "HITS@3m_new": 0.20551132694028784, "HITS@10m_new": 0.3482506068806164}