{"MRRm_new": 0.35575794735144334, "MRm_new": 414.2572690284625, "HITS@1m_new": 0.29523578969268055, "HITS@3m_new": 0.3751371061250247, "HITS@10m_new": 0.47068836893819754}