{"MRRm_new": 0.1739050870038618, "MRm_new": 840.4708435551822, "HITS@1m_new": 0.11652574954556622, "HITS@3m_new": 0.18723249782179846, "HITS@10m_new": 0.2855079808232549}