{"MRRm_new": 0.18788701606413089, "MRm_new": 373.56315296263693, "HITS@1m_new": 0.10989821411169833, "HITS@3m_new": 0.2047100308365305, "HITS@10m_new": 0.3423791504564229}