{"MRRm_new": 0.09801025629984651, "MRm_new": 4045.1851046922684, "HITS@1m_new": 0.053201151650073004, "HITS@3m_new": 0.10265022497358732, "HITS@10m_new": 0.19801992082870565}