{"MRRm_new": 0.19357694084599553, "MRm_new": 567.3622903121188, "HITS@1m_new": 0.12325880755978141, "HITS@3m_new": 0.21135354753657884, "HITS@10m_new": 0.3345289019731135}