{"MRRm_new": 0.1203921300303482, "MRm_new": 3563.1082104097604, "HITS@1m_new": 0.07744345811153762, "HITS@3m_new": 0.12741369490860963, "HITS@10m_new": 0.21004455440188757}