{"MRRm_new": 0.24417273768190717, "MRm_new": 3709.962424057454, "HITS@1m_new": 0.18066435709039796, "HITS@3m_new": 0.2629090880689037, "HITS@10m_new": 0.37034177244562305}