{"MRRm_new": 0.2566151335450431, "MRm_new": 2677.3869311160447, "HITS@1m_new": 0.18741494048928142, "HITS@3m_new": 0.2769721248361748, "HITS@10m_new": 0.3942000231468701}