{"MRRm_new": 0.31497934196665117, "MRm_new": 377.94568548597397, "HITS@1m_new": 0.23132719194989113, "HITS@3m_new": 0.3460544780094206, "HITS@10m_new": 0.4798532408880565}