{"MRRm_new": 0.5530448345635323, "MRm_new": 188.37527735381573, "HITS@1m_new": 0.4770262239149306, "HITS@3m_new": 0.5875964117371041, "HITS@10m_new": 0.6949740602023085}