{"MRRm_new": 0.17602858094315743, "MRm_new": 393.57526231737137, "HITS@1m_new": 0.11193026003589039, "HITS@3m_new": 0.18449534173184073, "HITS@10m_new": 0.3068511249520583}