{"MRRm_new": 0.1394089290245929, "MRm_new": 3773.289732263744, "HITS@1m_new": 0.09249522658588831, "HITS@3m_new": 0.1437397686932527, "HITS@10m_new": 0.22870050903616357}