{"MRRm_new": 0.5007752414183415, "MRm_new": 266.8708051857874, "HITS@1m_new": 0.4336896757601935, "HITS@3m_new": 0.5279129335930047, "HITS@10m_new": 0.6284679990147634}