{"MRRm_new": 0.4140493923984777, "MRm_new": 123.02827618004382, "HITS@1m_new": 0.31107972075221185, "HITS@3m_new": 0.4602153018189638, "HITS@10m_new": 0.6149330976851343}