{"MRRm_new": 0.6507604929440286, "MRm_new": 216.94466734122486, "HITS@1m_new": 0.5947933099164074, "HITS@3m_new": 0.6794221835316566, "HITS@10m_new": 0.7579962670522146}