{"MRRm_new": 0.0904630837547331, "MRm_new": 3928.9667842000244, "HITS@1m_new": 0.04826516886241734, "HITS@3m_new": 0.09318899717386812, "HITS@10m_new": 0.18036766787469388}