{"MRRm_new": 0.11922304152283468, "MRm_new": 629.8581327553749, "HITS@1m_new": 0.0710591029856354, "HITS@3m_new": 0.12554305228407028, "HITS@10m_new": 0.20725011735747104}