{"MRRm_new": 0.0909130663655892, "MRm_new": 16761.353342591792, "HITS@1m_new": 0.054505047935876065, "HITS@3m_new": 0.09971188205119688, "HITS@10m_new": 0.16529187471210025}