{"MRRm_new": 0.09716150448070839, "MRm_new": 672.8215199801207, "HITS@1m_new": 0.05341792721871752, "HITS@3m_new": 0.09861018239107798, "HITS@10m_new": 0.17718706103661097}