{"MRRm_new": 0.3048373466224175, "MRm_new": 576.4123621472642, "HITS@1m_new": 0.2467274193187077, "HITS@3m_new": 0.32416274753277685, "HITS@10m_new": 0.4157499819560981}