{"MRRm_new": 0.09978952644649834, "MRm_new": 836.2964953103542, "HITS@1m_new": 0.05852236015351955, "HITS@3m_new": 0.10167207978802034, "HITS@10m_new": 0.17711598113849758}