{"MRRm_new": 0.25327207813331915, "MRm_new": 452.2115564781189, "HITS@1m_new": 0.17706522461085114, "HITS@3m_new": 0.2738625801738817, "HITS@10m_new": 0.40537876025717706}