{"MRRm_new": 0.14010269911260276, "MRm_new": 3905.6745327715876, "HITS@1m_new": 0.08923296205041698, "HITS@3m_new": 0.14792788571884738, "HITS@10m_new": 0.23741672657625168}