{"MRRm_new": 0.2392678204726588, "MRm_new": 368.97918406310083, "HITS@1m_new": 0.16409908716934732, "HITS@3m_new": 0.2577365529311821, "HITS@10m_new": 0.39336714913947507}