{"MRRm_new": 0.11940000606136454, "MRm_new": 497.2459433684349, "HITS@1m_new": 0.06753484730984782, "HITS@3m_new": 0.12348427859578515, "HITS@10m_new": 0.2222394516691682}