{"MRRm_new": 0.14106917795933988, "MRm_new": 3586.7896357036234, "HITS@1m_new": 0.09447128106172022, "HITS@3m_new": 0.14312728525420243, "HITS@10m_new": 0.2313445351029368}