{"MRRm_new": 0.5216357756307362, "MRm_new": 261.5023929808885, "HITS@1m_new": 0.45663500188812395, "HITS@3m_new": 0.5489939135403256, "HITS@10m_new": 0.6470367290073482}