{"MRRm_new": 0.1549577445682012, "MRm_new": 3152.217023902506, "HITS@1m_new": 0.1030547068126034, "HITS@3m_new": 0.16094314601106452, "HITS@10m_new": 0.25854999183409383}