{"MRRm_new": 0.07321504164084991, "MRm_new": 16656.51425743735, "HITS@1m_new": 0.03836086751357652, "HITS@3m_new": 0.07405870814411901, "HITS@10m_new": 0.1420998194089625}