{"MRRm_new": 0.753920771031013, "MRm_new": 33.086860657781365, "HITS@1m_new": 0.6691342001768061, "HITS@3m_new": 0.8164752263452101, "HITS@10m_new": 0.8959208707138314}