{"MRRm_new": 0.1901678171088046, "MRm_new": 538.8914334758997, "HITS@1m_new": 0.1277946288541425, "HITS@3m_new": 0.20087272506998852, "HITS@10m_new": 0.31378213312723674}