{"MRRm_new": 0.004251991611909762, "MRm_new": 5114.955316253352, "HITS@1m_new": 0.000889163512038067, "HITS@3m_new": 0.0032266740125603973, "HITS@10m_new": 0.008215108552854507}