{"MRRm_new": 0.002580867092504377, "MRm_new": 5192.700899538994, "HITS@1m_new": 0.00037516979497740976, "HITS@3m_new": 0.0011336485490610357, "HITS@10m_new": 0.004770307455139118}