{"MRRm_new": 0.3087522555401106, "MRm_new": 2229.4138861748875, "HITS@1m_new": 0.22659193884592968, "HITS@3m_new": 0.33403875538450667, "HITS@10m_new": 0.4805624325579847}