{"MRRm_new": 0.23345344370625826, "MRm_new": 233.27307394475937, "HITS@1m_new": 0.14655642032856123, "HITS@3m_new": 0.24652443903572857, "HITS@10m_new": 0.42738782987142915}