{"MRRm_new": 0.23876193254449463, "MRm_new": 463.8817174394608, "HITS@1m_new": 0.16479115994793828, "HITS@3m_new": 0.2528662704619579, "HITS@10m_new": 0.389881051053945}