{"MRRm_new": 0.49725440977733704, "MRm_new": 338.3739642336592, "HITS@1m_new": 0.4283395778201084, "HITS@3m_new": 0.5275420751280908, "HITS@10m_new": 0.6272995809805579}