{"MRRm_new": 0.09554869572904727, "MRm_new": 16813.044413443415, "HITS@1m_new": 0.04836654426611494, "HITS@3m_new": 0.10743070342252031, "HITS@10m_new": 0.18923056847322733}