{"MRRm_new": 0.10170669675258395, "MRm_new": 4157.1542744776725, "HITS@1m_new": 0.056688455430604516, "HITS@3m_new": 0.10348980363802984, "HITS@10m_new": 0.20011249754279853}