{"MRRm_new": 0.1423444109901161, "MRm_new": 14641.63747686109, "HITS@1m_new": 0.09613334533316083, "HITS@3m_new": 0.15666631866968236, "HITS@10m_new": 0.231990160326357}