{"MRRm_new": 0.10073447316052671, "MRm_new": 16175.393311651886, "HITS@1m_new": 0.05704757702560164, "HITS@3m_new": 0.10830557558475994, "HITS@10m_new": 0.1925266259748023}