{"MRRm_new": 0.18874955061619675, "MRm_new": 1787.6817754213512, "HITS@1m_new": 0.12354389386664844, "HITS@3m_new": 0.19993086097482593, "HITS@10m_new": 0.31863971293403304}