{"MRRm_new": 0.0038208807418093783, "MRm_new": 5158.568863809204, "HITS@1m_new": 0.0010144347499124705, "HITS@3m_new": 0.0024330518170725553, "HITS@10m_new": 0.006715510791447014}