{"MRRm_new": 0.12825726232625037, "MRm_new": 708.9740169093609, "HITS@1m_new": 0.070186049470758, "HITS@3m_new": 0.13687894841584786, "HITS@10m_new": 0.24452971418940433}