{"MRRm_new": 0.09180006108418165, "MRm_new": 752.815520652604, "HITS@1m_new": 0.05066297348237131, "HITS@3m_new": 0.09226969539736747, "HITS@10m_new": 0.17011496824548814}