{"MRRm_new": 0.10536652041738125, "MRm_new": 3666.4549738324404, "HITS@1m_new": 0.06370956767662428, "HITS@3m_new": 0.10867708298279904, "HITS@10m_new": 0.18563964688256382}