{"MRRm_new": 0.20858147943488292, "MRm_new": 356.2732607608318, "HITS@1m_new": 0.14091729322957108, "HITS@3m_new": 0.22271430347547866, "HITS@10m_new": 0.34355049248379654}