{"MRRm_new": 0.5207190224990264, "MRm_new": 157.00810924726724, "HITS@1m_new": 0.40871328862852535, "HITS@3m_new": 0.5810935763414055, "HITS@10m_new": 0.7411402822801756}