{"MRRm_new": 0.22565395171303826, "MRm_new": 597.238778956771, "HITS@1m_new": 0.15775635863828938, "HITS@3m_new": 0.2416759890716523, "HITS@10m_new": 0.3615065511140041}