{"MRRm_new": 0.16678174940033785, "MRm_new": 952.5452983045816, "HITS@1m_new": 0.11387131045350106, "HITS@3m_new": 0.17431920235547005, "HITS@10m_new": 0.2719808179462561}