{"MRRm_new": 0.19155527342761342, "MRm_new": 559.4308842711001, "HITS@1m_new": 0.12423154515166243, "HITS@3m_new": 0.20522036385332104, "HITS@10m_new": 0.32655692321989044}