{"MRRm_new": 0.10242136304055748, "MRm_new": 673.8820777312756, "HITS@1m_new": 0.05849618565895362, "HITS@3m_new": 0.10690365801908774, "HITS@10m_new": 0.18492922175177373}