{"MRRm_new": 0.1460773275262436, "MRm_new": 4173.979442668677, "HITS@1m_new": 0.09503809684624138, "HITS@3m_new": 0.1518312020789017, "HITS@10m_new": 0.24720935231694602}