{"MRRm_new": 0.16896484785190113, "MRm_new": 501.46986458773614, "HITS@1m_new": 0.10793359673033119, "HITS@3m_new": 0.17601812385853846, "HITS@10m_new": 0.2963533239055425}