{"MRRm_new": 0.07416553568315612, "MRm_new": 16424.19116022888, "HITS@1m_new": 0.03658522864303086, "HITS@3m_new": 0.0753831879593199, "HITS@10m_new": 0.15374174444458913}