{"MRRm_new": 0.08004030610146874, "MRm_new": 649.6498379530192, "HITS@1m_new": 0.03605858427811181, "HITS@3m_new": 0.08452918867892585, "HITS@10m_new": 0.16159998530615122}