{"MRRm_new": 0.23876195198926725, "MRm_new": 463.88162228565216, "HITS@1m_new": 0.16479115994793828, "HITS@3m_new": 0.2528662704619579, "HITS@10m_new": 0.389881051053945}