{"MRRm_new": 0.10242788672017777, "MRm_new": 3668.480173759627, "HITS@1m_new": 0.060992186391027645, "HITS@3m_new": 0.1067161497367546, "HITS@10m_new": 0.18638827348360792}