{"MRRm_new": 0.4668597064520309, "MRm_new": 244.81457821010054, "HITS@1m_new": 0.365025094377168, "HITS@3m_new": 0.5198646662491119, "HITS@10m_new": 0.6702842276736738}