{"MRRm_new": 0.3913780428019163, "MRm_new": 1108.289482364036, "HITS@1m_new": 0.32721467263265, "HITS@3m_new": 0.4155161826845724, "HITS@10m_new": 0.5143233242125134}