{"MRRm_new": 0.07303058214297561, "MRm_new": 16697.805814551117, "HITS@1m_new": 0.03838272052514367, "HITS@3m_new": 0.0743190049554687, "HITS@10m_new": 0.14119215344521216}