{"MRRm_new": 0.4485932404619898, "MRm_new": 410.12976896198836, "HITS@1m_new": 0.38649664381120236, "HITS@3m_new": 0.4732374976098581, "HITS@10m_new": 0.5675350468437027}