{"MRRm_new": 0.2570700333943547, "MRm_new": 365.8830073453188, "HITS@1m_new": 0.17911860131523571, "HITS@3m_new": 0.27535534364739433, "HITS@10m_new": 0.41784545197002587}