{"MRRm_new": 0.35061616444847366, "MRm_new": 443.4772557219192, "HITS@1m_new": 0.28530509807238197, "HITS@3m_new": 0.3747404686684349, "HITS@10m_new": 0.471500708504529}