{"MRRm_new": 0.06856305809717306, "MRm_new": 1055.2344806726933, "HITS@1m_new": 0.033832237967476246, "HITS@3m_new": 0.07012640612928663, "HITS@10m_new": 0.13197588253919967}