{"MRRm_new": 0.15904483750949294, "MRm_new": 805.5828864600659, "HITS@1m_new": 0.10349921501404023, "HITS@3m_new": 0.1645157880466315, "HITS@10m_new": 0.2827230702770874}