{"MRRm_new": 0.5122090653281721, "MRm_new": 162.8957331510335, "HITS@1m_new": 0.4015551408683823, "HITS@3m_new": 0.5711786526366522, "HITS@10m_new": 0.7309551492838801}