{"MRRm_new": 0.42528509862797725, "MRm_new": 234.77048124143482, "HITS@1m_new": 0.3182327985472257, "HITS@3m_new": 0.47485636272800913, "HITS@10m_new": 0.6437504256769025}