{"MRRm_new": 0.5977050879992175, "MRm_new": 210.4195896719247, "HITS@1m_new": 0.5284055408889108, "HITS@3m_new": 0.6300504879231957, "HITS@10m_new": 0.7324107521747646}