{"MRRm_new": 0.10516579916579503, "MRm_new": 571.1840776726484, "HITS@1m_new": 0.06100050741615705, "HITS@3m_new": 0.10657328626103699, "HITS@10m_new": 0.1884573851085268}