{"MRRm_new": 0.10610686596510205, "MRm_new": 604.6321351449966, "HITS@1m_new": 0.06243604159313254, "HITS@3m_new": 0.10858539395657135, "HITS@10m_new": 0.18712630576529773}