{"MRRm_new": 0.09012009550049115, "MRm_new": 811.9482466766834, "HITS@1m_new": 0.05254581846658839, "HITS@3m_new": 0.09002592037520371, "HITS@10m_new": 0.15808513912446798}