{"MRRm_new": 0.1646686670502695, "MRm_new": 845.3034063716382, "HITS@1m_new": 0.1095852611088485, "HITS@3m_new": 0.17648275344110517, "HITS@10m_new": 0.27180968713498443}