{"MRRm_new": 0.11793109130454832, "MRm_new": 643.6678350175381, "HITS@1m_new": 0.06979712061327882, "HITS@3m_new": 0.12312996158117893, "HITS@10m_new": 0.20629128817553866}