{"MRRm_new": 0.19138289004965736, "MRm_new": 605.6346574857309, "HITS@1m_new": 0.12422526938118608, "HITS@3m_new": 0.20789295236725958, "HITS@10m_new": 0.32561726914010797}