{"MRRm_new": 0.19729371535724022, "MRm_new": 469.7024873712733, "HITS@1m_new": 0.12622986115239473, "HITS@3m_new": 0.20941137247950975, "HITS@10m_new": 0.34182723859255204}