{"MRRm_new": 0.10599428094378964, "MRm_new": 602.7388340380669, "HITS@1m_new": 0.06234133464896586, "HITS@3m_new": 0.11004119425896788, "HITS@10m_new": 0.1851744882063591}