{"MRRm_new": 0.32525941561412947, "MRm_new": 502.6069963008761, "HITS@1m_new": 0.2350114296979955, "HITS@3m_new": 0.3588529705336987, "HITS@10m_new": 0.5029727672706649}