{"MRRm_new": 0.2791826347244983, "MRm_new": 3016.9323438883125, "HITS@1m_new": 0.20955291618814226, "HITS@3m_new": 0.3032925364905386, "HITS@10m_new": 0.40897607763667476}