{"MRRm_new": 0.5634219355428167, "MRm_new": 158.83151476880164, "HITS@1m_new": 0.488636866927729, "HITS@3m_new": 0.5980785442351626, "HITS@10m_new": 0.7031585527602874}