{"MRRm_new": 0.1757991705324921, "MRm_new": 975.0823122751564, "HITS@1m_new": 0.11758690173277864, "HITS@3m_new": 0.1912071664974501, "HITS@10m_new": 0.28447131129288755}