{"MRRm_new": 0.19192812159883305, "MRm_new": 1971.439928319484, "HITS@1m_new": 0.1243292777040042, "HITS@3m_new": 0.2050094962908479, "HITS@10m_new": 0.32187789943127426}