{"MRRm_new": 0.19230960183939716, "MRm_new": 591.7014607272521, "HITS@1m_new": 0.12492247758957092, "HITS@3m_new": 0.2086630124222138, "HITS@10m_new": 0.32671710373886165}