{"MRRm_new": 0.19054716780673625, "MRm_new": 318.12325523433685, "HITS@1m_new": 0.12128826536606648, "HITS@3m_new": 0.19701624399757128, "HITS@10m_new": 0.3363909958038479}