{"MRRm_new": 0.10809602135420865, "MRm_new": 652.918361599207, "HITS@1m_new": 0.06423776589888149, "HITS@3m_new": 0.11101683817668818, "HITS@10m_new": 0.187346757910226}