{"MRRm_new": 0.2533089967081892, "MRm_new": 4302.356213839561, "HITS@1m_new": 0.17501850726886187, "HITS@3m_new": 0.2743517589060066, "HITS@10m_new": 0.4058913829304511}