{"MRRm_new": 0.11933496466250508, "MRm_new": 452.9146777099848, "HITS@1m_new": 0.06491869283999549, "HITS@3m_new": 0.1258098223620793, "HITS@10m_new": 0.22503820130825042}