{"MRRm_new": 0.18736913854433515, "MRm_new": 486.3481205636501, "HITS@1m_new": 0.11285920983219985, "HITS@3m_new": 0.20096656439502258, "HITS@10m_new": 0.34147287288061345}