{"MRRm_new": 0.0807311182417834, "MRm_new": 681.565319807601, "HITS@1m_new": 0.0398913190356805, "HITS@3m_new": 0.0789747771696886, "HITS@10m_new": 0.16202024191394448}