{"MRRm_new": 0.3055212247363656, "MRm_new": 1948.900667343229, "HITS@1m_new": 0.224400476383511, "HITS@3m_new": 0.33849122166167944, "HITS@10m_new": 0.4759849747836124}