{"MRRm_new": 0.28744626714760124, "MRm_new": 3256.2594192981123, "HITS@1m_new": 0.21119545154186198, "HITS@3m_new": 0.3053809489358682, "HITS@10m_new": 0.4523178271172801}