{"MRRm_new": 0.6946780661691883, "MRm_new": 163.08519638027997, "HITS@1m_new": 0.6338114841670031, "HITS@3m_new": 0.7287613923981553, "HITS@10m_new": 0.8072875886634283}