{"MRRm_new": 0.31186957458293635, "MRm_new": 619.8709173150063, "HITS@1m_new": 0.2535319117660911, "HITS@3m_new": 0.33266272283137366, "HITS@10m_new": 0.4186997586297657}