{"MRRm_new": 0.341348299241733, "MRm_new": 488.350578691639, "HITS@1m_new": 0.2767776322820937, "HITS@3m_new": 0.3657290774684698, "HITS@10m_new": 0.4614322842522306}