{"MRRm_new": 0.24472070592064557, "MRm_new": 368.6503059323072, "HITS@1m_new": 0.1663589736890397, "HITS@3m_new": 0.26584918508669364, "HITS@10m_new": 0.4007596265704371}