{"MRRm_new": 0.37071621756704554, "MRm_new": 624.0843003885745, "HITS@1m_new": 0.30969781957660963, "HITS@3m_new": 0.3925203938348859, "HITS@10m_new": 0.485795681491476}