{"MRRm_new": 0.1491757643661467, "MRm_new": 3870.550474400729, "HITS@1m_new": 0.09659571039886214, "HITS@3m_new": 0.15619077926676256, "HITS@10m_new": 0.252330977600097}