{"MRRm_new": 0.17671030564563844, "MRm_new": 391.19943115108015, "HITS@1m_new": 0.1019454756552237, "HITS@3m_new": 0.19247351395422593, "HITS@10m_new": 0.3273301199811045}