{"MRRm_new": 0.493773145926094, "MRm_new": 215.33481188975276, "HITS@1m_new": 0.3899467667506833, "HITS@3m_new": 0.5482919796963506, "HITS@10m_new": 0.6969462951285532}