{"MRRm_new": 0.5641044507904307, "MRm_new": 207.19302794876694, "HITS@1m_new": 0.4863116387375485, "HITS@3m_new": 0.6039193015095224, "HITS@10m_new": 0.7035416432790808}