{"MRRm_new": 0.1318565961911745, "MRm_new": 642.3096230169236, "HITS@1m_new": 0.07300470331338146, "HITS@3m_new": 0.13899424485678902, "HITS@10m_new": 0.2512167312604579}