{"MRRm_new": 0.08783937843097374, "MRm_new": 817.8376331850052, "HITS@1m_new": 0.04621376073809806, "HITS@3m_new": 0.08928399937869981, "HITS@10m_new": 0.16676180069583352}