{"MRRm_new": 0.14757996901922707, "MRm_new": 4298.3675099934635, "HITS@1m_new": 0.09830125777998182, "HITS@3m_new": 0.15357077679579378, "HITS@10m_new": 0.24419732936831132}