{"MRRm_new": 0.24745797455452703, "MRm_new": 487.4305088017225, "HITS@1m_new": 0.17381495657553897, "HITS@3m_new": 0.26674555552073287, "HITS@10m_new": 0.3934572574074147}