{"MRRm_new": 0.3927694184695083, "MRm_new": 340.2606844560206, "HITS@1m_new": 0.29817882861226463, "HITS@3m_new": 0.43645056501265206, "HITS@10m_new": 0.5799172986109042}