{"MRRm_new": 0.25956187677724213, "MRm_new": 2384.6973464870157, "HITS@1m_new": 0.1884352121487027, "HITS@3m_new": 0.28220166075561426, "HITS@10m_new": 0.39407083836826495}