{"MRRm_new": 0.10375912617358844, "MRm_new": 3792.1002084685324, "HITS@1m_new": 0.06338472092854791, "HITS@3m_new": 0.11061788261472248, "HITS@10m_new": 0.18354889912959188}