{"MRRm_new": 0.6801234766847092, "MRm_new": 174.58916123476624, "HITS@1m_new": 0.6281880712015154, "HITS@3m_new": 0.7064688658002342, "HITS@10m_new": 0.7752297094912574}