{"MRRm_new": 0.14639702363134346, "MRm_new": 3618.7729729576113, "HITS@1m_new": 0.09727633352938574, "HITS@3m_new": 0.15010487293773622, "HITS@10m_new": 0.24067698389911674}