{"MRRm_new": 0.09246810322029342, "MRm_new": 823.7239988947154, "HITS@1m_new": 0.05142669453104027, "HITS@3m_new": 0.0932010236861417, "HITS@10m_new": 0.1702690089920885}