{"MRRm_new": 0.16878425822112786, "MRm_new": 822.8435726983324, "HITS@1m_new": 0.11073845795429224, "HITS@3m_new": 0.18249490327786771, "HITS@10m_new": 0.2794303658537101}