{"MRRm_new": 0.5029157251124525, "MRm_new": 343.6625351791307, "HITS@1m_new": 0.4301689333730355, "HITS@3m_new": 0.5360867971420085, "HITS@10m_new": 0.6402805045154674}