{"MRRm_new": 0.40017082610928717, "MRm_new": 167.21716166572273, "HITS@1m_new": 0.29838019217235706, "HITS@3m_new": 0.4428625883445638, "HITS@10m_new": 0.5999697679586243}