{"MRRm_new": 0.11630135948375828, "MRm_new": 830.4342819394589, "HITS@1m_new": 0.06999050351711922, "HITS@3m_new": 0.11952994875960285, "HITS@10m_new": 0.203491442982445}