{"MRRm_new": 0.4527632704984189, "MRm_new": 440.27978558566423, "HITS@1m_new": 0.39175351348857296, "HITS@3m_new": 0.4761455349870521, "HITS@10m_new": 0.5696267663336257}