{"MRRm_new": 0.09801647446711467, "MRm_new": 3575.206072191827, "HITS@1m_new": 0.05444146746321348, "HITS@3m_new": 0.10537689642471378, "HITS@10m_new": 0.18522781617529108}