{"MRRm_new": 0.19435515373253875, "MRm_new": 868.5918299036741, "HITS@1m_new": 0.1232846069187508, "HITS@3m_new": 0.21385936822779478, "HITS@10m_new": 0.3315435410460457}