{"MRRm_new": 0.41783649448632876, "MRm_new": 248.18911688929052, "HITS@1m_new": 0.3489525218313647, "HITS@3m_new": 0.4490652175636933, "HITS@10m_new": 0.5428739583492425}