{"MRRm_new": 0.31302103011151305, "MRm_new": 2275.7163889856934, "HITS@1m_new": 0.22965646352991462, "HITS@3m_new": 0.34700075175752865, "HITS@10m_new": 0.4865563493752852}