{"MRRm_new": 0.23049698152156342, "MRm_new": 316.9993329181194, "HITS@1m_new": 0.15240565549595048, "HITS@3m_new": 0.24918920530593022, "HITS@10m_new": 0.3887182816779765}