{"MRRm_new": 0.33256629997056464, "MRm_new": 565.3335376654491, "HITS@1m_new": 0.25560887655337866, "HITS@3m_new": 0.36264998890674544, "HITS@10m_new": 0.4814927116948311}