{"MRRm_new": 0.1460075840128902, "MRm_new": 3774.213740509808, "HITS@1m_new": 0.0929506381056126, "HITS@3m_new": 0.16105539780276013, "HITS@10m_new": 0.2528867979938332}