{"MRRm_new": 0.13951496974059818, "MRm_new": 5292.093031656265, "HITS@1m_new": 0.09143125045183115, "HITS@3m_new": 0.1480823990140343, "HITS@10m_new": 0.23124066736649548}