{"MRRm_new": 0.20702240381797019, "MRm_new": 384.82753339824677, "HITS@1m_new": 0.14065281606490027, "HITS@3m_new": 0.22037932549337858, "HITS@10m_new": 0.3416593106323853}