{"MRRm_new": 0.34660593498198705, "MRm_new": 437.44764878721537, "HITS@1m_new": 0.28336525488302505, "HITS@3m_new": 0.3707827195085556, "HITS@10m_new": 0.461019983557926}