{"MRRm_new": 0.5442546828536197, "MRm_new": 222.77745049090683, "HITS@1m_new": 0.47803488541717887, "HITS@3m_new": 0.5723147101791983, "HITS@10m_new": 0.671437196283543}