{"MRRm_new": 0.2994770089419562, "MRm_new": 2794.842417603493, "HITS@1m_new": 0.22141180667106528, "HITS@3m_new": 0.32064257276593705, "HITS@10m_new": 0.4678932162022102}