{"MRRm_new": 0.4006663120628455, "MRm_new": 274.79192541211097, "HITS@1m_new": 0.33216442588150674, "HITS@3m_new": 0.43021401589665037, "HITS@10m_new": 0.5263364586093666}