{"MRRm_new": 0.21701350671225783, "MRm_new": 5007.419244076848, "HITS@1m_new": 0.15995045804962865, "HITS@3m_new": 0.23120145115157356, "HITS@10m_new": 0.3236305236903136}