{"MRRm_new": 0.17332179645520226, "MRm_new": 444.8127457980871, "HITS@1m_new": 0.10021167062573368, "HITS@3m_new": 0.18977274864236823, "HITS@10m_new": 0.31693036897741256}