{"MRRm_new": 0.1724033174721535, "MRm_new": 765.9669340018704, "HITS@1m_new": 0.10935057355344178, "HITS@3m_new": 0.18736031486975843, "HITS@10m_new": 0.29772138164539136}