{"MRRm_new": 0.11443134230401483, "MRm_new": 4078.5168532292364, "HITS@1m_new": 0.06967147368844598, "HITS@3m_new": 0.12248782030711881, "HITS@10m_new": 0.2069622547297273}