{"MRRm_new": 0.35846703112888373, "MRm_new": 415.2997794217393, "HITS@1m_new": 0.2937641169401977, "HITS@3m_new": 0.3837979279299616, "HITS@10m_new": 0.4802220211847598}