{"MRRm_new": 0.28928835133341274, "MRm_new": 2405.42828333509, "HITS@1m_new": 0.2117535497873905, "HITS@3m_new": 0.32065636799950153, "HITS@10m_new": 0.4429604168287478}