{"MRRm_new": 0.1988884134076261, "MRm_new": 456.73790191022306, "HITS@1m_new": 0.12854112591341255, "HITS@3m_new": 0.21236631080067309, "HITS@10m_new": 0.3410116377072445}