{"MRRm_new": 0.4981964690623281, "MRm_new": 316.7483950088397, "HITS@1m_new": 0.42133369148813654, "HITS@3m_new": 0.5308820994850685, "HITS@10m_new": 0.6435662695986976}