{"MRRm_new": 0.23506515384490012, "MRm_new": 465.61244137737157, "HITS@1m_new": 0.162843868643773, "HITS@3m_new": 0.26027151934396536, "HITS@10m_new": 0.36951390556863045}