{"MRRm_new": 0.4970289041178512, "MRm_new": 200.73745986616612, "HITS@1m_new": 0.3911642704418518, "HITS@3m_new": 0.555473973817392, "HITS@10m_new": 0.7016769310275195}