{"MRRm_new": 0.11529311083677021, "MRm_new": 463.0319651759863, "HITS@1m_new": 0.06200319482706254, "HITS@3m_new": 0.12059497274470632, "HITS@10m_new": 0.2215173968656687}