{"MRRm_new": 0.0029161038689984706, "MRm_new": 5131.861941300774, "HITS@1m_new": 0.00021378996171988546, "HITS@3m_new": 0.0009748247845331207, "HITS@10m_new": 0.005304010474588722}