{"MRRm_new": 0.1462654561306226, "MRm_new": 661.4414675220772, "HITS@1m_new": 0.08569013781204193, "HITS@3m_new": 0.15636559212964493, "HITS@10m_new": 0.2681602055553667}