{"MRRm_new": 0.1830200067317437, "MRm_new": 637.4592184544355, "HITS@1m_new": 0.11902176271552525, "HITS@3m_new": 0.19413054929670762, "HITS@10m_new": 0.31336401000842307}