{"MRRm_new": 0.4026385442801793, "MRm_new": 150.29700423812866, "HITS@1m_new": 0.29996131490262634, "HITS@3m_new": 0.44802369656149676, "HITS@10m_new": 0.6024545630902867}