{"MRRm_new": 0.6119419701041079, "MRm_new": 89.079686733298, "HITS@1m_new": 0.538392431641565, "HITS@3m_new": 0.649714030967225, "HITS@10m_new": 0.7465108340472798}