{"MRRm_new": 0.1458474268960281, "MRm_new": 2349.0987628494204, "HITS@1m_new": 0.09139239705514046, "HITS@3m_new": 0.15742709127425042, "HITS@10m_new": 0.2589680920731334}