{"MRRm_new": 0.11664148682850646, "MRm_new": 707.1899869123697, "HITS@1m_new": 0.07117303973425879, "HITS@3m_new": 0.1195997205149266, "HITS@10m_new": 0.20338161522254813}