{"MRRm_new": 0.20663456561480562, "MRm_new": 656.9598501624346, "HITS@1m_new": 0.1337564333691611, "HITS@3m_new": 0.22508915910506622, "HITS@10m_new": 0.35084742711135186}