{"MRRm_new": 0.17769213466844302, "MRm_new": 706.8962755788714, "HITS@1m_new": 0.11444909696226023, "HITS@3m_new": 0.1899413253187122, "HITS@10m_new": 0.305247536794006}