{"MRRm_new": 0.3142676081608347, "MRm_new": 1906.201456311047, "HITS@1m_new": 0.2322524111891398, "HITS@3m_new": 0.3390728541747667, "HITS@10m_new": 0.48711241289338797}