{"MRRm_new": 0.5577842313777046, "MRm_new": 214.07620484355093, "HITS@1m_new": 0.480410785230677, "HITS@3m_new": 0.5963442313695414, "HITS@10m_new": 0.6980228426935792}