{"MRRm_new": 0.14801000941893017, "MRm_new": 3766.6579348189307, "HITS@1m_new": 0.09508722154075804, "HITS@3m_new": 0.16060386727223522, "HITS@10m_new": 0.25629178174653133}