{"MRRm_new": 0.1337856080285901, "MRm_new": 4043.6165405666234, "HITS@1m_new": 0.0855838173510565, "HITS@3m_new": 0.13898680270460317, "HITS@10m_new": 0.22680211816891097}