{"MRRm_new": 0.40412004957593856, "MRm_new": 324.09892009653896, "HITS@1m_new": 0.3184405976802955, "HITS@3m_new": 0.4376740647430124, "HITS@10m_new": 0.5727396093476709}