{"MRRm_new": 0.3040450603221634, "MRm_new": 2259.777042457521, "HITS@1m_new": 0.2239874240386416, "HITS@3m_new": 0.33315612943528683, "HITS@10m_new": 0.4670753935268731}