{"MRRm_new": 0.33094135424259186, "MRm_new": 203.9528151102811, "HITS@1m_new": 0.2427477760536276, "HITS@3m_new": 0.36724977300023603, "HITS@10m_new": 0.4997009455405059}