{"MRRm_new": 0.3937089110393199, "MRm_new": 282.6292810259536, "HITS@1m_new": 0.32565671765319715, "HITS@3m_new": 0.4222180449265288, "HITS@10m_new": 0.5180557500231516}