{"MRRm_new": 0.10228033886131743, "MRm_new": 690.6527447263956, "HITS@1m_new": 0.0570368156502198, "HITS@3m_new": 0.10453160665958422, "HITS@10m_new": 0.18905221131059807}