{"MRRm_new": 0.13757747148477575, "MRm_new": 15311.877070506573, "HITS@1m_new": 0.09137010571017162, "HITS@3m_new": 0.15114535905612866, "HITS@10m_new": 0.23361405496817314}