{"MRRm_new": 0.29064493929134916, "MRm_new": 590.0609300734624, "HITS@1m_new": 0.23444619223905466, "HITS@3m_new": 0.3090392578302999, "HITS@10m_new": 0.3964556450528144}