{"MRRm_new": 0.24720946743469221, "MRm_new": 2883.456364549339, "HITS@1m_new": 0.18136392570642057, "HITS@3m_new": 0.2682552820909768, "HITS@10m_new": 0.3725119391377084}