{"MRRm_new": 0.07505819317525601, "MRm_new": 845.5583319852591, "HITS@1m_new": 0.03787593607311137, "HITS@3m_new": 0.07391347372521413, "HITS@10m_new": 0.1451070678506163}