{"MRRm_new": 0.25756632256415696, "MRm_new": 3789.951734014243, "HITS@1m_new": 0.1891960295973986, "HITS@3m_new": 0.2794185994244472, "HITS@10m_new": 0.39239477382192856}