{"MRRm_new": 0.1399451635516125, "MRm_new": 2754.1139567935766, "HITS@1m_new": 0.09028314492868958, "HITS@3m_new": 0.1436141386956442, "HITS@10m_new": 0.22946682796365347}