{"MRRm_new": 0.2482287709808561, "MRm_new": 3961.4473434316515, "HITS@1m_new": 0.17100109169808275, "HITS@3m_new": 0.271538878488107, "HITS@10m_new": 0.3988388193438586}