{"MRRm_new": 0.25659189902096385, "MRm_new": 670.709690632403, "HITS@1m_new": 0.19750495533845241, "HITS@3m_new": 0.2735688689624913, "HITS@10m_new": 0.36956258430402156}