{"MRRm_new": 0.1417569586468555, "MRm_new": 270.4813385659933, "HITS@1m_new": 0.07273235367219895, "HITS@3m_new": 0.14878144899681212, "HITS@10m_new": 0.2817883604671806}