{"MRRm_new": 0.32518814981059857, "MRm_new": 724.788158276476, "HITS@1m_new": 0.2656351518648662, "HITS@3m_new": 0.3454200599918113, "HITS@10m_new": 0.43901071520215557}