{"MRRm_new": 0.2528777880015855, "MRm_new": 5745.536302806139, "HITS@1m_new": 0.17360522605548612, "HITS@3m_new": 0.27411086620372954, "HITS@10m_new": 0.4139612722096499}