{"MRRm_new": 0.4617417398672228, "MRm_new": 838.1794908148646, "HITS@1m_new": 0.34494238867494276, "HITS@3m_new": 0.5306757849887945, "HITS@10m_new": 0.6814419298702851}