{"MRRm_new": 0.10943386220018729, "MRm_new": 3954.110639830232, "HITS@1m_new": 0.06595454013100825, "HITS@3m_new": 0.11760957440650091, "HITS@10m_new": 0.19593373278272339}