{"MRRm_new": 0.15109313889754777, "MRm_new": 4164.382263762265, "HITS@1m_new": 0.09901120558440743, "HITS@3m_new": 0.15607916592858964, "HITS@10m_new": 0.25513690594772925}