{"MRRm_new": 0.4204505263351375, "MRm_new": 926.6313519301862, "HITS@1m_new": 0.35026874119826246, "HITS@3m_new": 0.4484279788886779, "HITS@10m_new": 0.5571029985026107}