{"MRRm_new": 0.33648242691726954, "MRm_new": 594.8946763942018, "HITS@1m_new": 0.27384213948574326, "HITS@3m_new": 0.35758597789690977, "HITS@10m_new": 0.4558385929675605}