{"MRRm_new": 0.29378722382883415, "MRm_new": 2630.3373356468974, "HITS@1m_new": 0.22263797749977676, "HITS@3m_new": 0.31551443676522467, "HITS@10m_new": 0.4330363563495921}