{"MRRm_new": 0.09991762994182936, "MRm_new": 642.6545506816149, "HITS@1m_new": 0.05448938935646438, "HITS@3m_new": 0.10028423744174651, "HITS@10m_new": 0.1893484475825564}