{"MRRm_new": 0.09151552422200329, "MRm_new": 801.622425269413, "HITS@1m_new": 0.05349273224199424, "HITS@3m_new": 0.09238447098387405, "HITS@10m_new": 0.1598298397433944}