{"MRRm_new": 0.11524177674035309, "MRm_new": 686.8170185615539, "HITS@1m_new": 0.06828385919186986, "HITS@3m_new": 0.11873456688823644, "HITS@10m_new": 0.20279471653811634}