{"MRRm_new": 0.23945643467124755, "MRm_new": 389.4686806634426, "HITS@1m_new": 0.16427499137544074, "HITS@3m_new": 0.2593326357539743, "HITS@10m_new": 0.39300952676106243}