{"MRRm_new": 0.2466696425049813, "MRm_new": 2978.337414438963, "HITS@1m_new": 0.17723132386995713, "HITS@3m_new": 0.2685662857861316, "HITS@10m_new": 0.3814637523100828}