{"MRRm_new": 0.23696301939277736, "MRm_new": 3278.610164108306, "HITS@1m_new": 0.16432182136987103, "HITS@3m_new": 0.24903302981500747, "HITS@10m_new": 0.3866224391496507}