{"MRRm_new": 0.17567116554739096, "MRm_new": 870.8994683339596, "HITS@1m_new": 0.11272335176205525, "HITS@3m_new": 0.19246439047507374, "HITS@10m_new": 0.3025201191310989}