{"MRRm_new": 0.04713630518367881, "MRm_new": 3644.020997900516, "HITS@1m_new": 0.020219866344734327, "HITS@3m_new": 0.046498452904983424, "HITS@10m_new": 0.1007270385218726}