{"MRRm_new": 0.28473721744343083, "MRm_new": 2181.5885446136595, "HITS@1m_new": 0.21196380857969052, "HITS@3m_new": 0.30658864818239817, "HITS@10m_new": 0.4274710632013157}