{"MRRm_new": 0.2390692048866651, "MRm_new": 433.963033265996, "HITS@1m_new": 0.1642736886549741, "HITS@3m_new": 0.25934849960217254, "HITS@10m_new": 0.3896473417731933}