{"MRRm_new": 0.31675717778357104, "MRm_new": 2097.0645625892876, "HITS@1m_new": 0.23470877959905193, "HITS@3m_new": 0.3505215330530191, "HITS@10m_new": 0.47761419720109555}