{"MRRm_new": 0.12269683314467111, "MRm_new": 611.9936209218264, "HITS@1m_new": 0.07402314142432297, "HITS@3m_new": 0.12944731228365564, "HITS@10m_new": 0.21282168437121435}