{"MRRm_new": 0.0032270368858837175, "MRm_new": 5127.800972903442, "HITS@1m_new": 0.0006517537633422762, "HITS@3m_new": 0.0015380485897418111, "HITS@10m_new": 0.004972636434575543}