{"MRRm_new": 0.2490397278833375, "MRm_new": 2267.059717117369, "HITS@1m_new": 0.17222982802346815, "HITS@3m_new": 0.263646803875803, "HITS@10m_new": 0.4052291769889416}