{"MRRm_new": 0.1943051542240196, "MRm_new": 1864.1839620757996, "HITS@1m_new": 0.1250559998609242, "HITS@3m_new": 0.20795964401116362, "HITS@10m_new": 0.3285965686654672}