{"MRRm_new": 0.2685056986546151, "MRm_new": 621.489853949219, "HITS@1m_new": 0.15906934626284056, "HITS@3m_new": 0.30947725056053604, "HITS@10m_new": 0.4930284781837836}