{"MRRm_new": 0.7105599440313426, "MRm_new": 127.19153912904859, "HITS@1m_new": 0.6527873771305458, "HITS@3m_new": 0.7427709769041394, "HITS@10m_new": 0.8185627254197898}