{"MRRm_new": 0.23604395203303694, "MRm_new": 5034.519776549339, "HITS@1m_new": 0.16178819479746745, "HITS@3m_new": 0.25399017839564475, "HITS@10m_new": 0.3858911197425332}