{"MRRm_new": 0.48391987159219024, "MRm_new": 175.34599363802374, "HITS@1m_new": 0.3784731678905264, "HITS@3m_new": 0.5356382688109006, "HITS@10m_new": 0.6983114407803515}