{"MRRm_new": 0.13981932202043482, "MRm_new": 2233.540667448431, "HITS@1m_new": 0.08568807382816158, "HITS@3m_new": 0.1515928249385761, "HITS@10m_new": 0.25129253954501474}