{"MRRm_new": 0.10844518693683058, "MRm_new": 641.350441496706, "HITS@1m_new": 0.0635039720556233, "HITS@3m_new": 0.11146298744026571, "HITS@10m_new": 0.19029863335482078}