{"MRRm_new": 0.32389344745610377, "MRm_new": 626.5468978435323, "HITS@1m_new": 0.2631878277494398, "HITS@3m_new": 0.34496042947181194, "HITS@10m_new": 0.43838192951188104}