{"MRRm_new": 0.19666023395132798, "MRm_new": 419.7467640848875, "HITS@1m_new": 0.13467500633978052, "HITS@3m_new": 0.20718577228765936, "HITS@10m_new": 0.31950746500806415}