{"MRRm_new": 0.16193750363033468, "MRm_new": 953.1258741909027, "HITS@1m_new": 0.10889855806251289, "HITS@3m_new": 0.1693635167825385, "HITS@10m_new": 0.26854808817824816}