{"MRRm_new": 0.39564386012155317, "MRm_new": 277.40660957890003, "HITS@1m_new": 0.3296923454105272, "HITS@3m_new": 0.4221316024641128, "HITS@10m_new": 0.5169949742269236}