{"MRRm_new": 0.2861418611439244, "MRm_new": 2655.7329520113767, "HITS@1m_new": 0.2184658271666849, "HITS@3m_new": 0.3068371830859105, "HITS@10m_new": 0.41831205051142023}