{"MRRm_new": 0.2425174643516284, "MRm_new": 5244.255936122656, "HITS@1m_new": 0.16727512778982054, "HITS@3m_new": 0.26112076886944124, "HITS@10m_new": 0.393715050068422}