{"MRRm_new": 0.41494001394053703, "MRm_new": 299.50115257675947, "HITS@1m_new": 0.3243313884109084, "HITS@3m_new": 0.455234324028781, "HITS@10m_new": 0.5915362435537536}