{"MRRm_new": 0.42170026089725526, "MRm_new": 264.2067184700817, "HITS@1m_new": 0.32444510677263677, "HITS@3m_new": 0.4661822034950492, "HITS@10m_new": 0.6140153313918417}