{"MRRm_new": 0.12077404683142959, "MRm_new": 935.3239030492455, "HITS@1m_new": 0.0682780656377945, "HITS@3m_new": 0.1300524205661859, "HITS@10m_new": 0.22309789356208057}