{"MRRm_new": 0.17793038731947217, "MRm_new": 726.6917850440666, "HITS@1m_new": 0.11815716230221733, "HITS@3m_new": 0.1927320565587579, "HITS@10m_new": 0.29035190221032825}