{"MRRm_new": 0.2808624335712202, "MRm_new": 2903.3894707220493, "HITS@1m_new": 0.20951273585704622, "HITS@3m_new": 0.3026603192960611, "HITS@10m_new": 0.4234479667749838}