{"MRRm_new": 0.14767809738124923, "MRm_new": 4289.317838946313, "HITS@1m_new": 0.09827552091439429, "HITS@3m_new": 0.15418785374448635, "HITS@10m_new": 0.24454201739218842}