{"MRRm_new": 0.11630180256233726, "MRm_new": 3788.314665281129, "HITS@1m_new": 0.07549823833173142, "HITS@3m_new": 0.1230529667769093, "HITS@10m_new": 0.2009431921303738}