{"MRRm_new": 0.28427624532122264, "MRm_new": 890.6695262678861, "HITS@1m_new": 0.22941483422334205, "HITS@3m_new": 0.30190951367868546, "HITS@10m_new": 0.3898750211938168}