{"MRRm_new": 0.0461653439912734, "MRm_new": 3623.19773731637, "HITS@1m_new": 0.02057220135015086, "HITS@3m_new": 0.04434876858713687, "HITS@10m_new": 0.0977350751223421}