{"MRRm_new": 0.3067718758184433, "MRm_new": 1960.4645404447317, "HITS@1m_new": 0.22563622924638913, "HITS@3m_new": 0.33928766459738835, "HITS@10m_new": 0.47618282376066784}