{"MRRm_new": 0.25488882778337163, "MRm_new": 4057.734225884825, "HITS@1m_new": 0.1767115029132692, "HITS@3m_new": 0.2751709151136165, "HITS@10m_new": 0.40750259506760633}