{"MRRm_new": 0.3879513383892754, "MRm_new": 197.29923748019337, "HITS@1m_new": 0.28767150091384974, "HITS@3m_new": 0.4285621812189493, "HITS@10m_new": 0.585128453979647}