{"MRRm_new": 0.28487717768691434, "MRm_new": 265.4890331642181, "HITS@1m_new": 0.20534150182527083, "HITS@3m_new": 0.313631748025844, "HITS@10m_new": 0.4378817986632348}