{"MRRm_new": 0.23970365064793295, "MRm_new": 440.4126195844412, "HITS@1m_new": 0.16567186959160027, "HITS@3m_new": 0.2547404216828756, "HITS@10m_new": 0.39110568770794196}