{"MRRm_new": 0.07934951527993689, "MRm_new": 855.3264102576971, "HITS@1m_new": 0.0385672184665862, "HITS@3m_new": 0.08016212652958929, "HITS@10m_new": 0.15496455179070473}