{"MRRm_new": 0.21013680034205173, "MRm_new": 541.6352348356723, "HITS@1m_new": 0.13427453710577683, "HITS@3m_new": 0.2312682816738845, "HITS@10m_new": 0.3568456474592909}