{"MRRm_new": 0.11897776531711134, "MRm_new": 738.7227167764426, "HITS@1m_new": 0.07297491933025885, "HITS@3m_new": 0.12247480254783295, "HITS@10m_new": 0.20441189776416868}