{"MRRm_new": 0.27159563750339705, "MRm_new": 3198.011335227817, "HITS@1m_new": 0.20128585892083356, "HITS@3m_new": 0.2960627649408416, "HITS@10m_new": 0.41165894048300106}