{"MRRm_new": 0.15338441598607505, "MRm_new": 4215.221841857552, "HITS@1m_new": 0.10156465219493839, "HITS@3m_new": 0.15995432235003681, "HITS@10m_new": 0.25508675364223016}