{"MRRm_new": 0.10186275954720914, "MRm_new": 712.8264708014011, "HITS@1m_new": 0.05883566828635521, "HITS@3m_new": 0.10248595568551681, "HITS@10m_new": 0.183577471619891}