{"MRRm_new": 0.49019649644177027, "MRm_new": 196.54427270944416, "HITS@1m_new": 0.3843901097261441, "HITS@3m_new": 0.546803383540715, "HITS@10m_new": 0.6983472736263938}