{"MRRm_new": 0.10076980068704433, "MRm_new": 886.7198187212706, "HITS@1m_new": 0.05968517839499982, "HITS@3m_new": 0.10282809935655678, "HITS@10m_new": 0.17653760233032517}