{"MRRm_new": 0.25110990595655164, "MRm_new": 344.5022079670191, "HITS@1m_new": 0.17505731131552021, "HITS@3m_new": 0.2689472290708218, "HITS@10m_new": 0.40671107341991736}