{"MRRm_new": 0.23810656045087536, "MRm_new": 3175.29876018402, "HITS@1m_new": 0.16491426464536926, "HITS@3m_new": 0.25012737606425073, "HITS@10m_new": 0.388880800304818}