{"MRRm_new": 0.2979146905040025, "MRm_new": 1292.5247665358336, "HITS@1m_new": 0.2511528699911105, "HITS@3m_new": 0.3164661095691008, "HITS@10m_new": 0.38384061538800596}