{"MRRm_new": 0.317303782858146, "MRm_new": 341.9536484334171, "HITS@1m_new": 0.2201650202316232, "HITS@3m_new": 0.3504722102873493, "HITS@10m_new": 0.5076009835447185}