{"MRRm_new": 0.0028604909351715832, "MRm_new": 5035.6294856967925, "HITS@1m_new": 0.00041089920612284915, "HITS@3m_new": 0.0009546547579520848, "HITS@10m_new": 0.005324957835488022}