{"MRRm_new": 0.3389410401385285, "MRm_new": 578.403602504842, "HITS@1m_new": 0.2760380709121091, "HITS@3m_new": 0.36006412961151363, "HITS@10m_new": 0.4595618565927689}