{"MRRm_new": 0.10779012925459537, "MRm_new": 3837.499631353736, "HITS@1m_new": 0.06551997240576893, "HITS@3m_new": 0.1130650302791968, "HITS@10m_new": 0.19436455530463717}