{"MRRm_new": 0.10142556137917563, "MRm_new": 681.6436948807001, "HITS@1m_new": 0.05779581128808204, "HITS@3m_new": 0.10534560611895286, "HITS@10m_new": 0.18386097864261827}