{"MRRm_new": 0.08851526664695894, "MRm_new": 16221.521245059668, "HITS@1m_new": 0.049176274809171444, "HITS@3m_new": 0.09338107235217467, "HITS@10m_new": 0.17157901162072084}