{"MRRm_new": 0.7015421806635268, "MRm_new": 164.1181731107235, "HITS@1m_new": 0.6403585834315308, "HITS@3m_new": 0.7361902502838166, "HITS@10m_new": 0.8163441122365476}