{"MRRm_new": 0.45105271559873655, "MRm_new": 242.24949699680508, "HITS@1m_new": 0.3524352358282813, "HITS@3m_new": 0.5002756006242962, "HITS@10m_new": 0.6452647680558075}