{"MRRm_new": 0.22790470894294867, "MRm_new": 5006.75737696454, "HITS@1m_new": 0.17326994791842298, "HITS@3m_new": 0.23905503424283234, "HITS@10m_new": 0.32978290158539314}