{"MRRm_new": 0.5921520302711324, "MRm_new": 217.76580193196236, "HITS@1m_new": 0.523153933273381, "HITS@3m_new": 0.6243315694256962, "HITS@10m_new": 0.7259560824655927}