{"MRRm_new": 0.1003088195665041, "MRm_new": 3526.365295874186, "HITS@1m_new": 0.057372759366291576, "HITS@3m_new": 0.10639896787834005, "HITS@10m_new": 0.18640046218758288}