{"MRRm_new": 0.3450762873025824, "MRm_new": 695.9595419784412, "HITS@1m_new": 0.2929896676772842, "HITS@3m_new": 0.3648227593698393, "HITS@10m_new": 0.44037567834286895}