{"MRRm_new": 0.24034613019128664, "MRm_new": 433.8589048439711, "HITS@1m_new": 0.16681197126203914, "HITS@3m_new": 0.26730404329382873, "HITS@10m_new": 0.3775651524353889}