{"MRRm_new": 0.15135757271613828, "MRm_new": 4296.970312230081, "HITS@1m_new": 0.10044897721958114, "HITS@3m_new": 0.15812862974300515, "HITS@10m_new": 0.2502639754714182}