{"MRRm_new": 0.09181974340325832, "MRm_new": 744.4484621961593, "HITS@1m_new": 0.05055257268532878, "HITS@3m_new": 0.09252962682777434, "HITS@10m_new": 0.17117674519417342}