{"MRRm_new": 0.2337087931838987, "MRm_new": 3710.931482358068, "HITS@1m_new": 0.1679456072029425, "HITS@3m_new": 0.2556229383000464, "HITS@10m_new": 0.3625815010862716}