{"MRRm_new": 0.11993688164108607, "MRm_new": 609.4897769580126, "HITS@1m_new": 0.07133787722536362, "HITS@3m_new": 0.12666957715789323, "HITS@10m_new": 0.20868782483392861}