{"MRRm_new": 0.2506945190443046, "MRm_new": 343.935009830904, "HITS@1m_new": 0.1747947877329425, "HITS@3m_new": 0.26880571762868205, "HITS@10m_new": 0.4066955179813318}