{"MRRm_new": 0.5318019853216883, "MRm_new": 213.68619873758405, "HITS@1m_new": 0.4673374426762166, "HITS@3m_new": 0.5591258703697386, "HITS@10m_new": 0.6544418413951644}