{"MRRm_new": 0.13089422120459585, "MRm_new": 4143.9932629082505, "HITS@1m_new": 0.08719757203233894, "HITS@3m_new": 0.1294716176938382, "HITS@10m_new": 0.21820787570701214}