{"MRRm_new": 0.1510579417313429, "MRm_new": 3745.120989963837, "HITS@1m_new": 0.09645816555318015, "HITS@3m_new": 0.1637677348808502, "HITS@10m_new": 0.2630789867011881}