{"MRRm_new": 0.2112135429921662, "MRm_new": 347.68950993041994, "HITS@1m_new": 0.13559532946534456, "HITS@3m_new": 0.22794336129219736, "HITS@10m_new": 0.3634250424968137}