{"MRRm_new": 0.2500340457958041, "MRm_new": 4783.223348665863, "HITS@1m_new": 0.1912324814714957, "HITS@3m_new": 0.2700249544435646, "HITS@10m_new": 0.3525992600948375}