{"MRRm_new": 0.141070855223295, "MRm_new": 1975.8496064682604, "HITS@1m_new": 0.0909620238696807, "HITS@3m_new": 0.14521430228688406, "HITS@10m_new": 0.23335804729920345}