{"MRRm_new": 0.07441409966891752, "MRm_new": 16496.55299519542, "HITS@1m_new": 0.03678716745029669, "HITS@3m_new": 0.07568549248937052, "HITS@10m_new": 0.15345433430431876}