{"MRRm_new": 0.3700444646028391, "MRm_new": 339.5730227951556, "HITS@1m_new": 0.3048387866360717, "HITS@3m_new": 0.3954475125192548, "HITS@10m_new": 0.488842706081341}