{"MRRm_new": 0.10671896278737113, "MRm_new": 531.5297435704947, "HITS@1m_new": 0.05750911818841123, "HITS@3m_new": 0.10891055093260947, "HITS@10m_new": 0.2031863245785702}