{"MRRm_new": 0.2477526548734968, "MRm_new": 432.51320694642067, "HITS@1m_new": 0.1723018599864794, "HITS@3m_new": 0.26608774804265706, "HITS@10m_new": 0.4003092533465009}