{"MRRm_new": 0.28419852254006944, "MRm_new": 2897.725181948036, "HITS@1m_new": 0.20846241934940918, "HITS@3m_new": 0.30396188199857715, "HITS@10m_new": 0.4428455965163885}