{"MRRm_new": 0.10836716295990337, "MRm_new": 521.4883215396404, "HITS@1m_new": 0.05895067573073902, "HITS@3m_new": 0.11064488295514602, "HITS@10m_new": 0.2049197397045791}