{"MRRm_new": 0.5490724336094427, "MRm_new": 233.46281318777798, "HITS@1m_new": 0.4709217804107611, "HITS@3m_new": 0.5875550723149063, "HITS@10m_new": 0.6915830327358562}