{"MRRm_new": 0.17552521327887236, "MRm_new": 2184.4320751625, "HITS@1m_new": 0.11256782336480682, "HITS@3m_new": 0.18484400998562342, "HITS@10m_new": 0.3008070926797809}