{"MRRm_new": 0.11528657728515827, "MRm_new": 712.555693450284, "HITS@1m_new": 0.0692513127403683, "HITS@3m_new": 0.11793519923870917, "HITS@10m_new": 0.20247281847679988}