{"MRRm_new": 0.3064524662877329, "MRm_new": 566.5038984691427, "HITS@1m_new": 0.2480802086413205, "HITS@3m_new": 0.3257860683224826, "HITS@10m_new": 0.41803202416864954}