{"MRRm_new": 0.2810193986708591, "MRm_new": 2424.4392916269303, "HITS@1m_new": 0.2083741310633195, "HITS@3m_new": 0.30380655862257117, "HITS@10m_new": 0.42484683940629475}