{"MRRm_new": 0.25755341267949405, "MRm_new": 360.5370680142164, "HITS@1m_new": 0.17949698051973245, "HITS@3m_new": 0.2749309360910207, "HITS@10m_new": 0.41853370415214447}