{"MRRm_new": 0.14679537087147265, "MRm_new": 4081.0766614880263, "HITS@1m_new": 0.09493195417172683, "HITS@3m_new": 0.1535371544864902, "HITS@10m_new": 0.2485638294701057}