{"MRRm_new": 0.380841799301927, "MRm_new": 832.1863715322613, "HITS@1m_new": 0.27274383694236165, "HITS@3m_new": 0.424427740230225, "HITS@10m_new": 0.5943566810791381}