{"MRRm_new": 0.28614190100632597, "MRm_new": 2655.7323506777584, "HITS@1m_new": 0.2184658271666849, "HITS@3m_new": 0.3068371830859105, "HITS@10m_new": 0.41831205051142023}