{"MRRm_new": 0.17644087110507825, "MRm_new": 574.0904308030605, "HITS@1m_new": 0.11374595641156193, "HITS@3m_new": 0.18657071034952533, "HITS@10m_new": 0.3095072722109966}