{"MRRm_new": 0.1049400492100147, "MRm_new": 3937.8691605185745, "HITS@1m_new": 0.06267399829127826, "HITS@3m_new": 0.11242014151304029, "HITS@10m_new": 0.1909031987717375}