{"MRRm_new": 0.11788665915390448, "MRm_new": 667.2729133571863, "HITS@1m_new": 0.06981080876106861, "HITS@3m_new": 0.12378031375699211, "HITS@10m_new": 0.20634126927086618}