{"MRRm_new": 0.17645635847035554, "MRm_new": 728.5239565842747, "HITS@1m_new": 0.11759728244290454, "HITS@3m_new": 0.19053152861087075, "HITS@10m_new": 0.2887821641037881}