{"MRRm_new": 0.23591163167792256, "MRm_new": 238.57301889555455, "HITS@1m_new": 0.15151566580834333, "HITS@3m_new": 0.2527523721320555, "HITS@10m_new": 0.4107054416592233}