{"MRRm_new": 0.37500124519382005, "MRm_new": 239.50262485198675, "HITS@1m_new": 0.274383165719235, "HITS@3m_new": 0.4174606700133518, "HITS@10m_new": 0.5693081616777199}