{"MRRm_new": 0.12424484517286419, "MRm_new": 823.2172283953428, "HITS@1m_new": 0.06869912442392524, "HITS@3m_new": 0.1326187747271324, "HITS@10m_new": 0.23361729357550212}