{"MRRm_new": 0.07374363708445453, "MRm_new": 876.965304192853, "HITS@1m_new": 0.03704286426748149, "HITS@3m_new": 0.07299243733513867, "HITS@10m_new": 0.1420836480700993}