{"MRRm_new": 0.06589654949229444, "MRm_new": 1041.390134217453, "HITS@1m_new": 0.03138683177968487, "HITS@3m_new": 0.06584795195529004, "HITS@10m_new": 0.12917613573038253}