{"MRRm_new": 0.1731818160551382, "MRm_new": 714.9984323720694, "HITS@1m_new": 0.11436538162890356, "HITS@3m_new": 0.18062845800006763, "HITS@10m_new": 0.2944746406536666}