{"MRRm_new": 0.19233476710958347, "MRm_new": 423.67852529444696, "HITS@1m_new": 0.12975922247585842, "HITS@3m_new": 0.20154098557005637, "HITS@10m_new": 0.3188084433035925}