{"MRRm_new": 0.11170607552548317, "MRm_new": 4009.6654042860987, "HITS@1m_new": 0.06809137786934152, "HITS@3m_new": 0.11729339214148932, "HITS@10m_new": 0.20155844821929933}