{"MRRm_new": 0.680914177773976, "MRm_new": 168.11631980424374, "HITS@1m_new": 0.6206356840766967, "HITS@3m_new": 0.7135677875763504, "HITS@10m_new": 0.7921098673428932}