{"MRRm_new": 0.22994486842886228, "MRm_new": 4241.314193442851, "HITS@1m_new": 0.16505330870189938, "HITS@3m_new": 0.25556662982818673, "HITS@10m_new": 0.34649595198826866}