{"MRRm_new": 0.18373093106077576, "MRm_new": 339.0977115643978, "HITS@1m_new": 0.11184747758607846, "HITS@3m_new": 0.19602730100112967, "HITS@10m_new": 0.319144201620965}