{"MRRm_new": 0.3042641248149412, "MRm_new": 628.370741986692, "HITS@1m_new": 0.2449637662080313, "HITS@3m_new": 0.32224133148753026, "HITS@10m_new": 0.41802478558301664}