{"MRRm_new": 0.22160458457968343, "MRm_new": 280.47494724121094, "HITS@1m_new": 0.14169390164199286, "HITS@3m_new": 0.23399749073358253, "HITS@10m_new": 0.3804382616467774}