{"MRRm_new": 0.2575534107334955, "MRm_new": 360.53707486999036, "HITS@1m_new": 0.17949698051973245, "HITS@3m_new": 0.2749309360910207, "HITS@10m_new": 0.41853370415214447}