{"MRRm_new": 0.16902028050309745, "MRm_new": 518.0191976667643, "HITS@1m_new": 0.10189224485401065, "HITS@3m_new": 0.18404853952736594, "HITS@10m_new": 0.30147130533372984}