{"MRRm_new": 0.1162436670226889, "MRm_new": 689.5173500422716, "HITS@1m_new": 0.06996968008050462, "HITS@3m_new": 0.1194628264995641, "HITS@10m_new": 0.20407736904198537}