{"MRRm_new": 0.685359264475709, "MRm_new": 50.94244350287318, "HITS@1m_new": 0.5873336695767939, "HITS@3m_new": 0.7528413493110274, "HITS@10m_new": 0.8594330349059601}