{"MRRm_new": 0.2385893025203506, "MRm_new": 461.4667077471256, "HITS@1m_new": 0.1650389331692364, "HITS@3m_new": 0.2570411343486048, "HITS@10m_new": 0.38692504997868093}