{"MRRm_new": 0.1360334267328367, "MRm_new": 3871.706706326157, "HITS@1m_new": 0.08742616408030153, "HITS@3m_new": 0.1413001180620049, "HITS@10m_new": 0.23019382934775787}