{"MRRm_new": 0.34359505039964644, "MRm_new": 541.9854178369567, "HITS@1m_new": 0.28467778967286356, "HITS@3m_new": 0.3644639630647762, "HITS@10m_new": 0.4541082714673466}