{"MRRm_new": 0.09809479730684688, "MRm_new": 4046.1574479079245, "HITS@1m_new": 0.05345350975287147, "HITS@3m_new": 0.1025194664217066, "HITS@10m_new": 0.1975743390292395}