{"MRRm_new": 0.2655992886829017, "MRm_new": 1014.9356079461277, "HITS@1m_new": 0.20779532031933923, "HITS@3m_new": 0.2832879133875322, "HITS@10m_new": 0.3771562823384738}