{"MRRm_new": 0.15039662771423537, "MRm_new": 3749.8358679057733, "HITS@1m_new": 0.09621636767227028, "HITS@3m_new": 0.16325567233777838, "HITS@10m_new": 0.2611887923225113}