{"MRRm_new": 0.17831012749703076, "MRm_new": 378.73514662952425, "HITS@1m_new": 0.10379921609646407, "HITS@3m_new": 0.19314926610253752, "HITS@10m_new": 0.32881099194618874}