{"MRRm_new": 0.10492445686382271, "MRm_new": 3918.4331323878287, "HITS@1m_new": 0.061730244524544106, "HITS@3m_new": 0.11267438664133661, "HITS@10m_new": 0.19321342393751256}