{"MRRm_new": 0.09672488694342174, "MRm_new": 4062.8743405038836, "HITS@1m_new": 0.0532456876355689, "HITS@3m_new": 0.10165263607646338, "HITS@10m_new": 0.19430070157353765}