{"MRRm_new": 0.10556877527817705, "MRm_new": 989.0824199213981, "HITS@1m_new": 0.06410568809873657, "HITS@3m_new": 0.10639961730252252, "HITS@10m_new": 0.1818689440593589}