{"MRRm_new": 0.11718898059234925, "MRm_new": 683.5059194411755, "HITS@1m_new": 0.06964840268183034, "HITS@3m_new": 0.1226785285883816, "HITS@10m_new": 0.20533859281006736}