{"MRRm_new": 0.39199735976759437, "MRm_new": 556.4291367187649, "HITS@1m_new": 0.33590646284710235, "HITS@3m_new": 0.41219097992553727, "HITS@10m_new": 0.4981237818922964}