{"MRRm_new": 0.1559914826306376, "MRm_new": 3811.693464232445, "HITS@1m_new": 0.10187094533597701, "HITS@3m_new": 0.16239317703875714, "HITS@10m_new": 0.26362305782554907}