{"MRRm_new": 0.1236568137151713, "MRm_new": 548.6962294188023, "HITS@1m_new": 0.07401665668279166, "HITS@3m_new": 0.1302459820460179, "HITS@10m_new": 0.21589453645520842}