{"MRRm_new": 0.1447448259039811, "MRm_new": 710.8122525892333, "HITS@1m_new": 0.08487882978843846, "HITS@3m_new": 0.15473289466102141, "HITS@10m_new": 0.26444363254026393}