{"MRRm_new": 0.3257124377657674, "MRm_new": 525.6111176758483, "HITS@1m_new": 0.2626415003111142, "HITS@3m_new": 0.3480518035061614, "HITS@10m_new": 0.44272527808600354}