{"MRRm_new": 0.29994015993218726, "MRm_new": 615.6958047572747, "HITS@1m_new": 0.2423692633225619, "HITS@3m_new": 0.3185046815462556, "HITS@10m_new": 0.4106461612424537}