{"MRRm_new": 0.20943929096747296, "MRm_new": 1873.8103211317061, "HITS@1m_new": 0.14255083234986524, "HITS@3m_new": 0.2227814209317439, "HITS@10m_new": 0.3394681249067653}