{"MRRm_new": 0.12362413831764715, "MRm_new": 551.6718643864393, "HITS@1m_new": 0.0744090048424201, "HITS@3m_new": 0.1291227624207968, "HITS@10m_new": 0.21560192550206556}