{"MRRm_new": 0.1963253962737226, "MRm_new": 515.2666589837447, "HITS@1m_new": 0.12447906147948742, "HITS@3m_new": 0.2138931910574902, "HITS@10m_new": 0.34048899648711084}