{"MRRm_new": 0.07081770603313052, "MRm_new": 886.6248292583227, "HITS@1m_new": 0.035514806833630425, "HITS@3m_new": 0.07084030601860722, "HITS@10m_new": 0.1355250640857499}