{"MRRm_new": 0.1414180964830889, "MRm_new": 4305.280383321732, "HITS@1m_new": 0.09261992959586496, "HITS@3m_new": 0.1454245044322597, "HITS@10m_new": 0.23424342235043877}