{"MRRm_new": 0.147590712879698, "MRm_new": 3449.572401893556, "HITS@1m_new": 0.09477641087558004, "HITS@3m_new": 0.15796480410912772, "HITS@10m_new": 0.24565119832575147}