{"MRRm_new": 0.2049133845494056, "MRm_new": 378.64293691854476, "HITS@1m_new": 0.12848834474692122, "HITS@3m_new": 0.22208371585544665, "HITS@10m_new": 0.35849945408655914}