{"MRRm_new": 0.17192789120673843, "MRm_new": 886.3913850553855, "HITS@1m_new": 0.11655766265223792, "HITS@3m_new": 0.18429934307647636, "HITS@10m_new": 0.27972931513685034}