{"MRRm_new": 0.07852020116906896, "MRm_new": 3564.275089793578, "HITS@1m_new": 0.03744549725108664, "HITS@3m_new": 0.08131703868742625, "HITS@10m_new": 0.1606974273247324}