{"MRRm_new": 0.19715685783598655, "MRm_new": 489.90096316131206, "HITS@1m_new": 0.1283478319208225, "HITS@3m_new": 0.2116153582174411, "HITS@10m_new": 0.33484515952274524}