{"MRRm_new": 0.28038645578828303, "MRm_new": 3220.6817426634134, "HITS@1m_new": 0.20372636687988416, "HITS@3m_new": 0.3058521925872192, "HITS@10m_new": 0.43174266231385994}