{"MRRm_new": 0.39434373208086615, "MRm_new": 309.46461365753413, "HITS@1m_new": 0.3062499412379657, "HITS@3m_new": 0.43253117101927274, "HITS@10m_new": 0.5630796980174054}