{"MRRm_new": 0.13207334122804013, "MRm_new": 4068.778260111719, "HITS@1m_new": 0.08769831262563821, "HITS@3m_new": 0.13129479460869334, "HITS@10m_new": 0.22150441579442123}