{"MRRm_new": 0.4014012636650823, "MRm_new": 172.0423786674887, "HITS@1m_new": 0.29845164521064, "HITS@3m_new": 0.4456484684814568, "HITS@10m_new": 0.6011359340459312}