{"MRRm_new": 0.32086900365948623, "MRm_new": 778.6996812569424, "HITS@1m_new": 0.2626440463178369, "HITS@3m_new": 0.34049210782577577, "HITS@10m_new": 0.4333107417926076}