{"MRRm_new": 0.2978377968053801, "MRm_new": 628.9842343692854, "HITS@1m_new": 0.24004055024052287, "HITS@3m_new": 0.31630162031851067, "HITS@10m_new": 0.40879022218968747}