{"MRRm_new": 0.06940958831768221, "MRm_new": 940.3737091474295, "HITS@1m_new": 0.03418635650007054, "HITS@3m_new": 0.06967955183243611, "HITS@10m_new": 0.13351015747985803}