{"MRRm_new": 0.4324954323428683, "MRm_new": 446.6289109495059, "HITS@1m_new": 0.372125286988914, "HITS@3m_new": 0.45555290203270854, "HITS@10m_new": 0.545707526834216}