{"MRRm_new": 0.19956344672610704, "MRm_new": 443.1849119609222, "HITS@1m_new": 0.12765750722091615, "HITS@3m_new": 0.21192658319116892, "HITS@10m_new": 0.34626660993578845}