{"MRRm_new": 0.2400999762781189, "MRm_new": 4559.898277073294, "HITS@1m_new": 0.1649484519188991, "HITS@3m_new": 0.2593601790557732, "HITS@10m_new": 0.3902396002543392}