{"MRRm_new": 0.0991908800774283, "MRm_new": 742.8832491890907, "HITS@1m_new": 0.057981597054551824, "HITS@3m_new": 0.10193382321025711, "HITS@10m_new": 0.17565751760270212}