{"MRRm_new": 0.29924061031565136, "MRm_new": 2118.321427300662, "HITS@1m_new": 0.21910953522869386, "HITS@3m_new": 0.32406322315579744, "HITS@10m_new": 0.4613087124391459}