{"MRRm_new": 0.25327723355953824, "MRm_new": 385.4734720456749, "HITS@1m_new": 0.1753435198635998, "HITS@3m_new": 0.28357491661819223, "HITS@10m_new": 0.39941884855937676}