{"MRRm_new": 0.18099793306485207, "MRm_new": 781.2496335754469, "HITS@1m_new": 0.11709479775782529, "HITS@3m_new": 0.19703840979363305, "HITS@10m_new": 0.30760646828719834}