{"MRRm_new": 0.08621008138852339, "MRm_new": 628.4474367949963, "HITS@1m_new": 0.04581277385042049, "HITS@3m_new": 0.08515484994767467, "HITS@10m_new": 0.16371323754712938}