{"MRRm_new": 0.25774070968881424, "MRm_new": 406.55550760912894, "HITS@1m_new": 0.18084304932376835, "HITS@3m_new": 0.2759958421020303, "HITS@10m_new": 0.41384804619215426}