{"MRRm_new": 0.09442010704773711, "MRm_new": 735.52421937747, "HITS@1m_new": 0.050701273603271695, "HITS@3m_new": 0.09666188334755134, "HITS@10m_new": 0.17728603480230085}