{"MRRm_new": 0.20635952930336315, "MRm_new": 2199.5915949417354, "HITS@1m_new": 0.14121838219239727, "HITS@3m_new": 0.21892621119727845, "HITS@10m_new": 0.33360468862290144}