{"MRRm_new": 0.3317918287289467, "MRm_new": 727.1829243941381, "HITS@1m_new": 0.2710432565084266, "HITS@3m_new": 0.35594901878182283, "HITS@10m_new": 0.44801493119055524}