{"MRRm_new": 0.1767876281712597, "MRm_new": 341.51231646003725, "HITS@1m_new": 0.10545617968810839, "HITS@3m_new": 0.19057363611102338, "HITS@10m_new": 0.3167657032065094}