{"MRRm_new": 0.19385062305334141, "MRm_new": 425.04186754248144, "HITS@1m_new": 0.12899023116154132, "HITS@3m_new": 0.20747270284215918, "HITS@10m_new": 0.31910752058592623}