{"MRRm_new": 0.3021192346318858, "MRm_new": 597.5556677867994, "HITS@1m_new": 0.24415471438064196, "HITS@3m_new": 0.32154778887989593, "HITS@10m_new": 0.4128034027017493}