{"MRRm_new": 0.13149466444035715, "MRm_new": 682.002630370438, "HITS@1m_new": 0.07208187978389834, "HITS@3m_new": 0.14186606046816086, "HITS@10m_new": 0.24850323357796877}