{"MRRm_new": 0.1009813669031093, "MRm_new": 3819.9737553559544, "HITS@1m_new": 0.05941511383294128, "HITS@3m_new": 0.10628621582919731, "HITS@10m_new": 0.1874618050001096}