{"MRRm_new": 0.3515679745545394, "MRm_new": 427.2354195195213, "HITS@1m_new": 0.29108704401003704, "HITS@3m_new": 0.37085385107489854, "HITS@10m_new": 0.46627364661739557}