{"MRRm_new": 0.1880838307687245, "MRm_new": 690.772690693587, "HITS@1m_new": 0.1294761303247069, "HITS@3m_new": 0.201073844081111, "HITS@10m_new": 0.2990399132530438}