{"MRRm_new": 0.1821376162372777, "MRm_new": 546.8784848780632, "HITS@1m_new": 0.12139211469431174, "HITS@3m_new": 0.192623226271756, "HITS@10m_new": 0.30691394277242945}