{"MRRm_new": 0.09599298782964297, "MRm_new": 16555.927296234906, "HITS@1m_new": 0.06197690690110903, "HITS@3m_new": 0.10124200774752536, "HITS@10m_new": 0.16300456889963244}