{"MRRm_new": 0.08564336690123746, "MRm_new": 4028.4536467558382, "HITS@1m_new": 0.046929206238687037, "HITS@3m_new": 0.08713823645981028, "HITS@10m_new": 0.17457732869954778}