{"MRRm_new": 0.30420708266379326, "MRm_new": 2245.2532243144215, "HITS@1m_new": 0.22545856199925765, "HITS@3m_new": 0.32559095811028965, "HITS@10m_new": 0.47320120920834596}