{"MRRm_new": 0.13928089469296628, "MRm_new": 3118.5958244313597, "HITS@1m_new": 0.0939877674363961, "HITS@3m_new": 0.13938945500094269, "HITS@10m_new": 0.22780585968311062}