{"MRRm_new": 0.19193281994501157, "MRm_new": 400.73936033358575, "HITS@1m_new": 0.11676484245223692, "HITS@3m_new": 0.21128054663209478, "HITS@10m_new": 0.3415641496325843}