{"MRRm_new": 0.2319952508030372, "MRm_new": 547.4544676144124, "HITS@1m_new": 0.16018852943474193, "HITS@3m_new": 0.2502119407791644, "HITS@10m_new": 0.3755257657406852}