{"MRRm_new": 0.0900704045567516, "MRm_new": 626.7766418035745, "HITS@1m_new": 0.0447992112427135, "HITS@3m_new": 0.09178764324432705, "HITS@10m_new": 0.17487281797500326}