{"MRRm_new": 0.17640117667017058, "MRm_new": 641.6280215705708, "HITS@1m_new": 0.11059296027294477, "HITS@3m_new": 0.1911643917690126, "HITS@10m_new": 0.3081794205402475}