{"MRRm_new": 0.08826627143254737, "MRm_new": 639.3004269827366, "HITS@1m_new": 0.04205500718438998, "HITS@3m_new": 0.08973171993650031, "HITS@10m_new": 0.17293714676662347}