{"MRRm_new": 0.2766116692653277, "MRm_new": 312.5289597244114, "HITS@1m_new": 0.19795966360842432, "HITS@3m_new": 0.3043328064004017, "HITS@10m_new": 0.42779151170910334}