{"MRRm_new": 0.0025644143360550515, "MRm_new": 5192.262701581001, "HITS@1m_new": 0.00037516979497740976, "HITS@3m_new": 0.0011336485490610357, "HITS@10m_new": 0.00476372850772168}