{"MRRm_new": 0.3023641823960811, "MRm_new": 2429.243962724775, "HITS@1m_new": 0.22332664098741953, "HITS@3m_new": 0.3235533078701701, "HITS@10m_new": 0.47232421508076367}