{"MRRm_new": 0.2716042685205789, "MRm_new": 2587.9707357349694, "HITS@1m_new": 0.19997131692507536, "HITS@3m_new": 0.2932474116917001, "HITS@10m_new": 0.4128066832754121}