{"MRRm_new": 0.1967183791334228, "MRm_new": 467.6029982902184, "HITS@1m_new": 0.1267994903964136, "HITS@3m_new": 0.20996588349575177, "HITS@10m_new": 0.3379807985912521}