{"MRRm_new": 0.25541516667274117, "MRm_new": 1042.3045025256574, "HITS@1m_new": 0.2034587976652656, "HITS@3m_new": 0.2719936811020234, "HITS@10m_new": 0.35146820924525674}