{"MRRm_new": 0.28574364269337005, "MRm_new": 2259.260616344094, "HITS@1m_new": 0.20849342377798166, "HITS@3m_new": 0.3090503700423287, "HITS@10m_new": 0.4416281984462403}