{"MRRm_new": 0.2880860832640219, "MRm_new": 725.6356344614253, "HITS@1m_new": 0.23152067603961768, "HITS@3m_new": 0.3061172178683773, "HITS@10m_new": 0.3962267297057406}