{"MRRm_new": 0.14900216300426747, "MRm_new": 3894.546431343168, "HITS@1m_new": 0.09662743737892016, "HITS@3m_new": 0.15591840724571376, "HITS@10m_new": 0.2516063512742112}