{"MRRm_new": 0.10347968397543882, "MRm_new": 3582.2079238940714, "HITS@1m_new": 0.05998344424881507, "HITS@3m_new": 0.11057690475899726, "HITS@10m_new": 0.18821442465069704}