{"MRRm_new": 0.12205929390436358, "MRm_new": 588.9356130002737, "HITS@1m_new": 0.07414612474194728, "HITS@3m_new": 0.1250637764266343, "HITS@10m_new": 0.2119489727273467}