{"MRRm_new": 0.2616178616561356, "MRm_new": 328.95718079914155, "HITS@1m_new": 0.18485873207534315, "HITS@3m_new": 0.2871384963796445, "HITS@10m_new": 0.40812987631486614}