{"MRRm_new": 0.09595675065189717, "MRm_new": 4223.154748851156, "HITS@1m_new": 0.052342271472886205, "HITS@3m_new": 0.10053167373100295, "HITS@10m_new": 0.19255384572679177}