{"MRRm_new": 0.15355294646962966, "MRm_new": 4183.489245467186, "HITS@1m_new": 0.1018337954594317, "HITS@3m_new": 0.1595178406076011, "HITS@10m_new": 0.2563979378241347}