{"MRRm_new": 0.5094119134874044, "MRm_new": 195.5493670345992, "HITS@1m_new": 0.40181136476199025, "HITS@3m_new": 0.5680136614737967, "HITS@10m_new": 0.7190635741448496}