{"MRRm_new": 0.18442984945181343, "MRm_new": 693.4359023825973, "HITS@1m_new": 0.12047496344177852, "HITS@3m_new": 0.19890929155849882, "HITS@10m_new": 0.3103119966065278}