{"MRRm_new": 0.06296882783850469, "MRm_new": 3547.976353967391, "HITS@1m_new": 0.0354666659203358, "HITS@3m_new": 0.063616331325793, "HITS@10m_new": 0.11349972807247104}