{"MRRm_new": 0.10013988062337303, "MRm_new": 3852.219923331022, "HITS@1m_new": 0.05976936949486844, "HITS@3m_new": 0.10666097640702502, "HITS@10m_new": 0.18270807444043458}