{"MRRm_new": 0.09198473204805778, "MRm_new": 742.1114747481346, "HITS@1m_new": 0.05064433256366756, "HITS@3m_new": 0.0926882418672496, "HITS@10m_new": 0.17100644069152185}