{"MRRm_new": 0.26473548541849234, "MRm_new": 689.9659237336516, "HITS@1m_new": 0.20655088805759805, "HITS@3m_new": 0.281866829022787, "HITS@10m_new": 0.37734703583549706}