{"MRRm_new": 0.23343897483948148, "MRm_new": 4315.880255485475, "HITS@1m_new": 0.15847716789637342, "HITS@3m_new": 0.24959174584504218, "HITS@10m_new": 0.38110594551020766}