{"MRRm_new": 0.10825330121679144, "MRm_new": 3851.9901031080008, "HITS@1m_new": 0.06802054377566091, "HITS@3m_new": 0.11570821400554851, "HITS@10m_new": 0.18862956803077832}