{"MRRm_new": 0.27352808510302745, "MRm_new": 2966.8275342549086, "HITS@1m_new": 0.20105053262604633, "HITS@3m_new": 0.2970385801632365, "HITS@10m_new": 0.4179198203325796}