{"MRRm_new": 0.43568043260462036, "MRm_new": 238.16552984522284, "HITS@1m_new": 0.3438139579083072, "HITS@3m_new": 0.47536101351247634, "HITS@10m_new": 0.6152331203663052}