{"MRRm_new": 0.5573968959581426, "MRm_new": 187.95113776928187, "HITS@1m_new": 0.48441214634309654, "HITS@3m_new": 0.5939513519703905, "HITS@10m_new": 0.6951085395453265}