{"MRRm_new": 0.09503948596412083, "MRm_new": 652.708932598567, "HITS@1m_new": 0.05259183872147114, "HITS@3m_new": 0.09652088859987562, "HITS@10m_new": 0.17706703820462572}