{"MRRm_new": 0.44761843345388297, "MRm_new": 252.7221377506107, "HITS@1m_new": 0.34886246357334677, "HITS@3m_new": 0.49804612398267273, "HITS@10m_new": 0.6413062011192379}