{"MRRm_new": 0.10002666822141036, "MRm_new": 771.8307938505172, "HITS@1m_new": 0.0562077048264211, "HITS@3m_new": 0.10237310585384257, "HITS@10m_new": 0.18088686277801172}