{"MRRm_new": 0.2991253383645203, "MRm_new": 2321.5551100151242, "HITS@1m_new": 0.2190245993344579, "HITS@3m_new": 0.3238901526943082, "HITS@10m_new": 0.46100171345332636}