{"MRRm_new": 0.6225201714862433, "MRm_new": 34.622944765836, "HITS@1m_new": 0.47453044676897116, "HITS@3m_new": 0.7373787789855851, "HITS@10m_new": 0.8792394283374014}