{"MRRm_new": 0.07549716934047174, "MRm_new": 810.4879128488541, "HITS@1m_new": 0.03785357127434109, "HITS@3m_new": 0.0762853962726309, "HITS@10m_new": 0.14563192164759384}