{"MRRm_new": 0.28113317792680165, "MRm_new": 2613.471799772382, "HITS@1m_new": 0.2054348783181631, "HITS@3m_new": 0.30947122926363957, "HITS@10m_new": 0.42832090585402327}