{"MRRm_new": 0.6122835643055232, "MRm_new": 243.33805451782047, "HITS@1m_new": 0.5515389928608311, "HITS@3m_new": 0.643069220049816, "HITS@10m_new": 0.7256784415808288}