{"MRRm_new": 0.2211539776194695, "MRm_new": 273.8824418839931, "HITS@1m_new": 0.14026154118096457, "HITS@3m_new": 0.2336902703746222, "HITS@10m_new": 0.38341843613618987}