{"MRRm_new": 0.2558096405385746, "MRm_new": 434.3363648110628, "HITS@1m_new": 0.17927828203104437, "HITS@3m_new": 0.27793607238139956, "HITS@10m_new": 0.40774294473067857}