{"MRRm_new": 0.1788852099147931, "MRm_new": 381.7907014095068, "HITS@1m_new": 0.11263018752038478, "HITS@3m_new": 0.18541749761765822, "HITS@10m_new": 0.31127036129731567}