{"MRRm_new": 0.13276594660746877, "MRm_new": 4445.4241669339535, "HITS@1m_new": 0.08725467232760274, "HITS@3m_new": 0.13386338903970318, "HITS@10m_new": 0.22286589790318975}