{"MRRm_new": 0.07771309852505419, "MRm_new": 3558.021945159763, "HITS@1m_new": 0.0367540072388656, "HITS@3m_new": 0.08035276675109344, "HITS@10m_new": 0.16039176225075788}