{"MRRm_new": 0.13926073782677986, "MRm_new": 3950.0055701043902, "HITS@1m_new": 0.0892312876900396, "HITS@3m_new": 0.14808256552208332, "HITS@10m_new": 0.23414978846207668}