{"MRRm_new": 0.08064427669410952, "MRm_new": 15298.374372571081, "HITS@1m_new": 0.05039755293750204, "HITS@3m_new": 0.08573089213413186, "HITS@10m_new": 0.138546349120792}