{"MRRm_new": 0.09527530260196072, "MRm_new": 678.0325798660278, "HITS@1m_new": 0.05243480343640549, "HITS@3m_new": 0.09616656004340621, "HITS@10m_new": 0.17879690757800126}