{"MRRm_new": 0.17046747296545217, "MRm_new": 372.10906434004306, "HITS@1m_new": 0.09673937195796753, "HITS@3m_new": 0.185886001871014, "HITS@10m_new": 0.3147492918287404}