{"MRRm_new": 0.25165559521705566, "MRm_new": 3628.143008366704, "HITS@1m_new": 0.17382580598899222, "HITS@3m_new": 0.27438570888181857, "HITS@10m_new": 0.4042474866090051}