{"MRRm_new": 0.1458220174806047, "MRm_new": 680.0000097353384, "HITS@1m_new": 0.08544755303084457, "HITS@3m_new": 0.1559732799101912, "HITS@10m_new": 0.26740203926418327}