{"MRRm_new": 0.3041521461565062, "MRm_new": 2192.6078324603436, "HITS@1m_new": 0.2239755183866364, "HITS@3m_new": 0.33316160954732915, "HITS@10m_new": 0.46739005774032555}