{"MRRm_new": 0.14693612092246713, "MRm_new": 4289.920749147445, "HITS@1m_new": 0.09786081573505362, "HITS@3m_new": 0.15342369586561108, "HITS@10m_new": 0.24332526866307308}