{"MRRm_new": 0.1497018732240731, "MRm_new": 3753.1896465791388, "HITS@1m_new": 0.09583343979938945, "HITS@3m_new": 0.16240992350122543, "HITS@10m_new": 0.2608374216645425}