{"MRRm_new": 0.21394713979310154, "MRm_new": 1772.6430522087514, "HITS@1m_new": 0.14658773492867477, "HITS@3m_new": 0.23093291149588185, "HITS@10m_new": 0.3435444242147787}