{"MRRm_new": 0.36537430968442275, "MRm_new": 475.1949341483563, "HITS@1m_new": 0.27988680048316383, "HITS@3m_new": 0.40361071165914836, "HITS@10m_new": 0.5322221084619523}