{"MRRm_new": 0.1274425663146976, "MRm_new": 431.85329346797465, "HITS@1m_new": 0.07283848296406213, "HITS@3m_new": 0.1322794914419763, "HITS@10m_new": 0.2339081900865771}