{"MRRm_new": 0.29082189345093956, "MRm_new": 285.83866017349067, "HITS@1m_new": 0.2087219552124807, "HITS@3m_new": 0.32228442522193657, "HITS@10m_new": 0.44669673693264483}