{"MRRm_new": 0.3081292482734084, "MRm_new": 2121.1830478793086, "HITS@1m_new": 0.22533772604173283, "HITS@3m_new": 0.340404926090152, "HITS@10m_new": 0.4750382240070612}