{"MRRm_new": 0.15320007528727592, "MRm_new": 4052.4566774309874, "HITS@1m_new": 0.1004088481763174, "HITS@3m_new": 0.1590788903423236, "HITS@10m_new": 0.2578169348182564}