{"MRRm_new": 0.0761142972940711, "MRm_new": 15940.352429809987, "HITS@1m_new": 0.045354879976192024, "HITS@3m_new": 0.07920349238777999, "HITS@10m_new": 0.13774521146551705}