{"MRRm_new": 0.12042830872773484, "MRm_new": 679.0723576985836, "HITS@1m_new": 0.07259778762212954, "HITS@3m_new": 0.12577831245013513, "HITS@10m_new": 0.20888277588969795}