{"MRRm_new": 0.1871157284387318, "MRm_new": 2930.256006592512, "HITS@1m_new": 0.13527259873997535, "HITS@3m_new": 0.19874148307026918, "HITS@10m_new": 0.2903200568953107}