{"MRRm_new": 0.0025994871511284146, "MRm_new": 5187.935278810978, "HITS@1m_new": 0.00037516979497740976, "HITS@3m_new": 0.0011336485490610357, "HITS@10m_new": 0.00477910953880928}