{"MRRm_new": 0.6841857503863812, "MRm_new": 175.56319942587615, "HITS@1m_new": 0.6228720288670884, "HITS@3m_new": 0.717568224233295, "HITS@10m_new": 0.7994278145226709}