{"MRRm_new": 0.09156885669408076, "MRm_new": 16106.257583973676, "HITS@1m_new": 0.05231787557678763, "HITS@3m_new": 0.09606082529376726, "HITS@10m_new": 0.17445626614952925}