{"MRRm_new": 0.0976807622659675, "MRm_new": 3670.8550653359653, "HITS@1m_new": 0.05772879105489701, "HITS@3m_new": 0.10214302944173105, "HITS@10m_new": 0.17869862507674844}