{"MRRm_new": 0.06288791947507343, "MRm_new": 3543.5013867929206, "HITS@1m_new": 0.03543075799118378, "HITS@3m_new": 0.06356358334312244, "HITS@10m_new": 0.11269794538126007}