{"MRRm_new": 0.7230118424482389, "MRm_new": 132.28280810728668, "HITS@1m_new": 0.6668160048584542, "HITS@3m_new": 0.7541188588691657, "HITS@10m_new": 0.8285616561435163}