{"MRRm_new": 0.2742166569617793, "MRm_new": 506.09750916153195, "HITS@1m_new": 0.21571533077165805, "HITS@3m_new": 0.29077817328804306, "HITS@10m_new": 0.38390665903347687}