{"MRRm_new": 0.3455228494576959, "MRm_new": 465.8372599412426, "HITS@1m_new": 0.280441935271494, "HITS@3m_new": 0.3702073153020283, "HITS@10m_new": 0.466376354056898}