{"MRRm_new": 0.10721665974243952, "MRm_new": 603.7554797957182, "HITS@1m_new": 0.06245875890708994, "HITS@3m_new": 0.1101740193742211, "HITS@10m_new": 0.18755933167143957}