{"MRRm_new": 0.07839039838120151, "MRm_new": 3582.4050831854493, "HITS@1m_new": 0.037699116025149124, "HITS@3m_new": 0.0808337128819112, "HITS@10m_new": 0.1607705402306674}