{"MRRm_new": 0.31883125350883573, "MRm_new": 1828.6957879517079, "HITS@1m_new": 0.2381926176616107, "HITS@3m_new": 0.3474045553400647, "HITS@10m_new": 0.4771900632597972}