{"MRRm_new": 0.2203992036136464, "MRm_new": 410.02437769830226, "HITS@1m_new": 0.13707089358360391, "HITS@3m_new": 0.23065910150540878, "HITS@10m_new": 0.41975970056578515}