{"MRRm_new": 0.0021652413507908933, "MRm_new": 5168.720846759891, "HITS@1m_new": 2.6518031070008873e-05, "HITS@3m_new": 0.0005097323910798877, "HITS@10m_new": 0.0034911703635705634}