{"MRRm_new": 0.2800856298758513, "MRm_new": 1993.8192085922658, "HITS@1m_new": 0.2078677233187045, "HITS@3m_new": 0.306794325035371, "HITS@10m_new": 0.4133667757777148}