{"MRRm_new": 0.12470140183181502, "MRm_new": 548.4246944752931, "HITS@1m_new": 0.07601103138399776, "HITS@3m_new": 0.13026273855499457, "HITS@10m_new": 0.2163687414601445}