{"MRRm_new": 0.003959654471359681, "MRm_new": 5170.075079113292, "HITS@1m_new": 0.001034008173784241, "HITS@3m_new": 0.0026729247700888665, "HITS@10m_new": 0.006996836724551395}