{"MRRm_new": 0.21522761192035833, "MRm_new": 394.93408753237725, "HITS@1m_new": 0.1366130160749657, "HITS@3m_new": 0.23722226101066918, "HITS@10m_new": 0.37060605161590504}