{"MRRm_new": 0.18472715590358801, "MRm_new": 670.2496778075323, "HITS@1m_new": 0.11803416704237316, "HITS@3m_new": 0.20060704680929484, "HITS@10m_new": 0.3166414623474484}