{"MRRm_new": 0.1923795039146953, "MRm_new": 560.042271156393, "HITS@1m_new": 0.12412640267257666, "HITS@3m_new": 0.20815568952985633, "HITS@10m_new": 0.32941264800284625}