{"MRRm_new": 0.1005217021542444, "MRm_new": 16409.653480281115, "HITS@1m_new": 0.06391431257966906, "HITS@3m_new": 0.10803599562076852, "HITS@10m_new": 0.17310580325312913}