{"MRRm_new": 0.17197864492123607, "MRm_new": 573.2805603665039, "HITS@1m_new": 0.10620302006397106, "HITS@3m_new": 0.18630085699682242, "HITS@10m_new": 0.3048646600532993}