{"MRRm_new": 0.12265321925538737, "MRm_new": 560.6719835435867, "HITS@1m_new": 0.07422491764004809, "HITS@3m_new": 0.12745948302467586, "HITS@10m_new": 0.21396169531950726}