{"MRRm_new": 0.2994838712385113, "MRm_new": 2275.8158790681364, "HITS@1m_new": 0.21928274566639447, "HITS@3m_new": 0.3272249115562299, "HITS@10m_new": 0.4689458834329271}