{"MRRm_new": 0.23339472070044284, "MRm_new": 231.7791974740982, "HITS@1m_new": 0.14617324122348802, "HITS@3m_new": 0.24682278401181101, "HITS@10m_new": 0.42808937587677504}