{"MRRm_new": 0.11529945834741957, "MRm_new": 679.4383891111851, "HITS@1m_new": 0.06794607591930545, "HITS@3m_new": 0.11948569741877728, "HITS@10m_new": 0.20353262211843393}