{"MRRm_new": 0.16664036741625476, "MRm_new": 3059.7572026908847, "HITS@1m_new": 0.10877932905837952, "HITS@3m_new": 0.18357350810730713, "HITS@10m_new": 0.2857929503754785}