{"MRRm_new": 0.23871139564063923, "MRm_new": 404.63980258014203, "HITS@1m_new": 0.1635808684692718, "HITS@3m_new": 0.259369088709075, "HITS@10m_new": 0.3892057963034138}