{"MRRm_new": 0.0019445260603711176, "MRm_new": 17323.748544565202, "HITS@1m_new": 0.00041520947869867086, "HITS@3m_new": 0.0007049080897122621, "HITS@10m_new": 0.00179548453213647}