{"MRRm_new": 0.3594428052176036, "MRm_new": 1739.0776640399695, "HITS@1m_new": 0.24731645733676852, "HITS@3m_new": 0.40963786448491735, "HITS@10m_new": 0.5817308315690607}