{"MRRm_new": 0.23779990639499737, "MRm_new": 235.19050374901295, "HITS@1m_new": 0.15347299344467466, "HITS@3m_new": 0.25474453131221236, "HITS@10m_new": 0.41280549460519106}