{"MRRm_new": 0.20335239533721097, "MRm_new": 2013.5698413726686, "HITS@1m_new": 0.13763220375584206, "HITS@3m_new": 0.21607246488437523, "HITS@10m_new": 0.33091786800959383}