{"MRRm_new": 0.5225432347599172, "MRm_new": 253.33408924471587, "HITS@1m_new": 0.45223042705740957, "HITS@3m_new": 0.554116838947637, "HITS@10m_new": 0.6547464618680242}