{"MRRm_new": 0.17907526550572947, "MRm_new": 778.7461577366219, "HITS@1m_new": 0.12108264586696169, "HITS@3m_new": 0.19198246217002451, "HITS@10m_new": 0.2913513161596347}