{"MRRm_new": 0.16695775140105107, "MRm_new": 804.2612784250737, "HITS@1m_new": 0.0971714007350849, "HITS@3m_new": 0.18152569115799852, "HITS@10m_new": 0.3046355081761256}