{"MRRm_new": 0.6224334493943552, "MRm_new": 34.62308392420411, "HITS@1m_new": 0.4743637801010627, "HITS@3m_new": 0.7373579456516308, "HITS@10m_new": 0.8792394283374014}