{"MRRm_new": 0.11179466538207343, "MRm_new": 781.5412397669077, "HITS@1m_new": 0.06733845170717687, "HITS@3m_new": 0.11510226193228737, "HITS@10m_new": 0.19440049011367372}