{"MRRm_new": 0.17391720922215018, "MRm_new": 2572.896251218587, "HITS@1m_new": 0.11416956011380534, "HITS@3m_new": 0.18098486655339366, "HITS@10m_new": 0.2891130620429758}