{"MRRm_new": 0.3636938637367566, "MRm_new": 285.85247531032564, "HITS@1m_new": 0.2640397876813222, "HITS@3m_new": 0.4053639300370633, "HITS@10m_new": 0.5572654571260064}