{"MRRm_new": 0.3101189393447521, "MRm_new": 2046.1157670121192, "HITS@1m_new": 0.2404156621961156, "HITS@3m_new": 0.3315307771002408, "HITS@10m_new": 0.4472592988597171}