{"MRRm_new": 0.5333215932783542, "MRm_new": 204.78145367223024, "HITS@1m_new": 0.4680902598195971, "HITS@3m_new": 0.5620235161148521, "HITS@10m_new": 0.6563064982380893}