{"MRRm_new": 0.14096624496775167, "MRm_new": 2070.7741027873158, "HITS@1m_new": 0.09078723575541517, "HITS@3m_new": 0.14515326404059306, "HITS@10m_new": 0.23330285845481558}