{"MRRm_new": 0.30595652297556897, "MRm_new": 2324.304376226157, "HITS@1m_new": 0.22999829540820793, "HITS@3m_new": 0.3272005856749602, "HITS@10m_new": 0.4642804099621717}