{"MRRm_new": 0.1369614181590523, "MRm_new": 3626.547849181056, "HITS@1m_new": 0.08824046552774963, "HITS@3m_new": 0.14119650105346226, "HITS@10m_new": 0.23283704259907245}