{"MRRm_new": 0.41534681834118237, "MRm_new": 284.9514928734899, "HITS@1m_new": 0.3213134642938603, "HITS@3m_new": 0.4566540909231444, "HITS@10m_new": 0.6026170099179872}