{"MRRm_new": 0.09907803994590358, "MRm_new": 735.9843125755787, "HITS@1m_new": 0.057517715565569234, "HITS@3m_new": 0.10192634033446665, "HITS@10m_new": 0.17703868490367894}