{"MRRm_new": 0.3221212758403153, "MRm_new": 668.0961832525506, "HITS@1m_new": 0.2625540594932427, "HITS@3m_new": 0.3446666118282119, "HITS@10m_new": 0.4320405639827986}