{"MRRm_new": 0.10063769380195299, "MRm_new": 670.2019598807574, "HITS@1m_new": 0.05787218142686179, "HITS@3m_new": 0.10269009230297524, "HITS@10m_new": 0.18030505179325118}