{"MRRm_new": 0.4549978743319998, "MRm_new": 737.411903198652, "HITS@1m_new": 0.3765599924927956, "HITS@3m_new": 0.490709678455838, "HITS@10m_new": 0.6006331019786739}