{"MRRm_new": 0.15073559986480906, "MRm_new": 4375.857736657173, "HITS@1m_new": 0.10002868582477095, "HITS@3m_new": 0.15710730685142335, "HITS@10m_new": 0.24988567564463302}