{"MRRm_new": 0.1226771878771091, "MRm_new": 431.52800734283926, "HITS@1m_new": 0.06841824874565937, "HITS@3m_new": 0.12857025440288708, "HITS@10m_new": 0.2294638982236851}