{"MRRm_new": 0.13097973169107444, "MRm_new": 669.5221429567039, "HITS@1m_new": 0.07316812851315627, "HITS@3m_new": 0.13766206705765216, "HITS@10m_new": 0.24839995850385457}