{"MRRm_new": 0.3678595135932887, "MRm_new": 1118.3252086244227, "HITS@1m_new": 0.266374369579833, "HITS@3m_new": 0.4053357697860338, "HITS@10m_new": 0.570276003878098}