{"MRRm_new": 0.07354641128077492, "MRm_new": 884.4365959184885, "HITS@1m_new": 0.036973242952255535, "HITS@3m_new": 0.07284237004177412, "HITS@10m_new": 0.14104541236233198}