{"MRRm_new": 0.2778308902774688, "MRm_new": 482.1519959575385, "HITS@1m_new": 0.21868144557606867, "HITS@3m_new": 0.2954193817204177, "HITS@10m_new": 0.38825857216149595}