{"MRRm_new": 0.19161840566939353, "MRm_new": 316.30686056580544, "HITS@1m_new": 0.1226659811257443, "HITS@3m_new": 0.19825164937151712, "HITS@10m_new": 0.3356574452865403}