{"MRRm_new": 0.1827697154764988, "MRm_new": 327.84378962955475, "HITS@1m_new": 0.11106334192829673, "HITS@3m_new": 0.19371678703483194, "HITS@10m_new": 0.3190130323665857}