{"MRRm_new": 0.23034258123158796, "MRm_new": 435.14757863230705, "HITS@1m_new": 0.1552819484021631, "HITS@3m_new": 0.246914622016903, "HITS@10m_new": 0.38256424343958495}