{"MRRm_new": 0.3347478446889818, "MRm_new": 503.7522719430253, "HITS@1m_new": 0.27286003013618026, "HITS@3m_new": 0.3586974201363919, "HITS@10m_new": 0.4489570307216345}