{"MRRm_new": 0.10017711451790674, "MRm_new": 601.5513543092012, "HITS@1m_new": 0.05446000165104633, "HITS@3m_new": 0.10073193708418403, "HITS@10m_new": 0.19110305984929438}