{"MRRm_new": 0.10478614194641268, "MRm_new": 614.3391212807417, "HITS@1m_new": 0.05862204475495964, "HITS@3m_new": 0.10663255858225748, "HITS@10m_new": 0.19354095636694693}