{"MRRm_new": 0.34024198747928497, "MRm_new": 567.7180686278567, "HITS@1m_new": 0.2769462189591432, "HITS@3m_new": 0.36153312626801926, "HITS@10m_new": 0.46130099997091745}