{"MRRm_new": 0.2527959735763743, "MRm_new": 740.7771377024353, "HITS@1m_new": 0.1952514938487766, "HITS@3m_new": 0.2693492025772248, "HITS@10m_new": 0.3628677100388013}