{"MRRm_new": 0.14693189931685083, "MRm_new": 4619.222232863903, "HITS@1m_new": 0.0972155513773323, "HITS@3m_new": 0.1523961847361643, "HITS@10m_new": 0.24455318469986378}