{"MRRm_new": 0.046679554752246985, "MRm_new": 3629.4850293784143, "HITS@1m_new": 0.02075754079283797, "HITS@3m_new": 0.04492704123699514, "HITS@10m_new": 0.0988408311043313}