{"MRRm_new": 0.11432700084920944, "MRm_new": 558.9791090855837, "HITS@1m_new": 0.06300988373525906, "HITS@3m_new": 0.12022128458421212, "HITS@10m_new": 0.21562394885635003}