{"MRRm_new": 0.09769452973810112, "MRm_new": 4188.3235632440565, "HITS@1m_new": 0.05355770822623745, "HITS@3m_new": 0.10303315094988794, "HITS@10m_new": 0.19093712782338262}