{"MRRm_new": 0.258712300830834, "MRm_new": 4517.022699459285, "HITS@1m_new": 0.178784323044747, "HITS@3m_new": 0.28199825553547997, "HITS@10m_new": 0.4196895751917618}