{"MRRm_new": 0.3138657686562474, "MRm_new": 1941.1127220067383, "HITS@1m_new": 0.23220862378377932, "HITS@3m_new": 0.33823438217723745, "HITS@10m_new": 0.48590280773321864}