{"MRRm_new": 0.12548879812741143, "MRm_new": 787.7363877858221, "HITS@1m_new": 0.06923482473851618, "HITS@3m_new": 0.13406305078748845, "HITS@10m_new": 0.2371126995592931}