{"MRRm_new": 0.1122195070010741, "MRm_new": 4119.823371074128, "HITS@1m_new": 0.07037961889021098, "HITS@3m_new": 0.11846236970881, "HITS@10m_new": 0.19545196699206718}