{"MRRm_new": 0.5773022871764115, "MRm_new": 223.27918561185152, "HITS@1m_new": 0.5137449253223749, "HITS@3m_new": 0.6099032797987529, "HITS@10m_new": 0.6957602722323208}