{"MRRm_new": 0.15998780662793025, "MRm_new": 3087.578059897661, "HITS@1m_new": 0.1066294269359787, "HITS@3m_new": 0.1644010882099683, "HITS@10m_new": 0.26732956572016703}