{"MRRm_new": 0.5052877895844995, "MRm_new": 248.15025649227948, "HITS@1m_new": 0.4418734032068023, "HITS@3m_new": 0.5307266057718371, "HITS@10m_new": 0.6262580959182269}