{"MRRm_new": 0.20516249763666564, "MRm_new": 397.39748073945043, "HITS@1m_new": 0.13897745918378931, "HITS@3m_new": 0.21872818849552422, "HITS@10m_new": 0.33850857837982473}