{"MRRm_new": 0.4388452747163319, "MRm_new": 235.4598480350375, "HITS@1m_new": 0.3469065405841975, "HITS@3m_new": 0.4792368113943667, "HITS@10m_new": 0.6190250969084591}