{"MRRm_new": 0.23843983984289516, "MRm_new": 231.5704595831394, "HITS@1m_new": 0.15394101742079946, "HITS@3m_new": 0.254025836882554, "HITS@10m_new": 0.41334245702270417}