{"MRRm_new": 0.5221095273152114, "MRm_new": 144.66773483887314, "HITS@1m_new": 0.40852307030084556, "HITS@3m_new": 0.5849160423408648, "HITS@10m_new": 0.7467544469576969}