{"MRRm_new": 0.08210030222434289, "MRm_new": 863.7580981490851, "HITS@1m_new": 0.04571078818318201, "HITS@3m_new": 0.08426912896608701, "HITS@10m_new": 0.1482119683804689}