{"MRRm_new": 0.1918487045568113, "MRm_new": 2417.676543493986, "HITS@1m_new": 0.13009595145104685, "HITS@3m_new": 0.20531913812665153, "HITS@10m_new": 0.3091761593292176}