{"MRRm_new": 0.0954365491066128, "MRm_new": 3923.534392486167, "HITS@1m_new": 0.05752494961237535, "HITS@3m_new": 0.10169233687561936, "HITS@10m_new": 0.16769463244196958}