{"MRRm_new": 0.2518457307933522, "MRm_new": 2459.150223012477, "HITS@1m_new": 0.18561058646917808, "HITS@3m_new": 0.27140827394684314, "HITS@10m_new": 0.3796800837328192}