{"MRRm_new": 0.3111186619957084, "MRm_new": 1594.4804059824646, "HITS@1m_new": 0.23424469101405704, "HITS@3m_new": 0.33378099572425707, "HITS@10m_new": 0.4690726572275162}