{"MRRm_new": 0.21481193405560134, "MRm_new": 578.9434864621013, "HITS@1m_new": 0.14664628799809726, "HITS@3m_new": 0.23098846846352536, "HITS@10m_new": 0.3473306274493079}