{"MRRm_new": 0.17745843524085503, "MRm_new": 337.2478375204086, "HITS@1m_new": 0.10580521132085123, "HITS@3m_new": 0.19192865028764355, "HITS@10m_new": 0.31613285641027616}