{"MRRm_new": 0.24934568775971858, "MRm_new": 389.613256720829, "HITS@1m_new": 0.17424868445144967, "HITS@3m_new": 0.2668493340163492, "HITS@10m_new": 0.40299449487654493}