{"MRRm_new": 0.2839236375402179, "MRm_new": 256.5029939216822, "HITS@1m_new": 0.20412198468427958, "HITS@3m_new": 0.3121048593744854, "HITS@10m_new": 0.4362362952313342}