{"MRRm_new": 0.19011707671813474, "MRm_new": 577.708161618583, "HITS@1m_new": 0.1208144948311492, "HITS@3m_new": 0.20518175558349686, "HITS@10m_new": 0.33001584155818636}