{"MRRm_new": 0.3423512106881781, "MRm_new": 466.37849493726344, "HITS@1m_new": 0.26406444425963854, "HITS@3m_new": 0.370238530853283, "HITS@10m_new": 0.49290396786385826}