{"MRRm_new": 0.10534653692213032, "MRm_new": 554.3835301139593, "HITS@1m_new": 0.06058982703234069, "HITS@3m_new": 0.10633640656610951, "HITS@10m_new": 0.19157286829100922}