{"MRRm_new": 0.2576783228584143, "MRm_new": 385.98202369709014, "HITS@1m_new": 0.18012786638021935, "HITS@3m_new": 0.27706035592635164, "HITS@10m_new": 0.4144360059408471}