{"MRRm_new": 0.5267556900718892, "MRm_new": 303.3959777659476, "HITS@1m_new": 0.46287140929167797, "HITS@3m_new": 0.5548040893953657, "HITS@10m_new": 0.6466229241731053}