{"MRRm_new": 0.23918562390112347, "MRm_new": 385.0543369772911, "HITS@1m_new": 0.16444432233893314, "HITS@3m_new": 0.2582739140190184, "HITS@10m_new": 0.39248929417990147}