{"MRRm_new": 0.13384955431041226, "MRm_new": 4036.4582793570758, "HITS@1m_new": 0.08658367144258228, "HITS@3m_new": 0.13425179028935963, "HITS@10m_new": 0.2277265829743992}