{"MRRm_new": 0.2928303396806914, "MRm_new": 2296.4655893947183, "HITS@1m_new": 0.21674614802433642, "HITS@3m_new": 0.31701652534806635, "HITS@10m_new": 0.4484010408343747}