{"MRRm_new": 0.11929387080597735, "MRm_new": 897.860880966261, "HITS@1m_new": 0.06541099159008446, "HITS@3m_new": 0.1273397167743751, "HITS@10m_new": 0.22667424184465199}