{"MRRm_new": 0.39362381543388164, "MRm_new": 178.75690138205886, "HITS@1m_new": 0.291103651346566, "HITS@3m_new": 0.43853639682557694, "HITS@10m_new": 0.591350403460412}