{"MRRm_new": 0.13650233682862653, "MRm_new": 3617.3224269074203, "HITS@1m_new": 0.08735248185042292, "HITS@3m_new": 0.1415262109413161, "HITS@10m_new": 0.23328836568139377}