{"MRRm_new": 0.17641477270372252, "MRm_new": 3489.4190002715586, "HITS@1m_new": 0.11806744166692079, "HITS@3m_new": 0.19355111054133886, "HITS@10m_new": 0.2957883648437564}