{"MRRm_new": 0.29331420581061546, "MRm_new": 2583.170412017763, "HITS@1m_new": 0.2119326703507104, "HITS@3m_new": 0.32000354577670803, "HITS@10m_new": 0.46212924016435863}