{"MRRm_new": 0.18288101372198434, "MRm_new": 328.8393087561369, "HITS@1m_new": 0.11290795717930305, "HITS@3m_new": 0.19878964290447765, "HITS@10m_new": 0.3231162764302164}