{"MRRm_new": 0.09866724009187164, "MRm_new": 3474.327294082594, "HITS@1m_new": 0.0552302268716041, "HITS@3m_new": 0.10480283725950867, "HITS@10m_new": 0.1826638067668304}