{"MRRm_new": 0.07923539914100639, "MRm_new": 3603.60584369345, "HITS@1m_new": 0.038099341211884165, "HITS@3m_new": 0.08279667374957353, "HITS@10m_new": 0.16368568733624125}