{"MRRm_new": 0.49294703470468265, "MRm_new": 151.12071791623532, "HITS@1m_new": 0.38434930390834415, "HITS@3m_new": 0.5475938433978299, "HITS@10m_new": 0.7121701663296554}