{"MRRm_new": 0.39285274218978883, "MRm_new": 174.0085059182793, "HITS@1m_new": 0.2923548618029017, "HITS@3m_new": 0.435943736654619, "HITS@10m_new": 0.5876456866738736}