{"MRRm_new": 0.18262399251697478, "MRm_new": 725.9111519387737, "HITS@1m_new": 0.11886194878221068, "HITS@3m_new": 0.1981949912080927, "HITS@10m_new": 0.3111415662310028}