{"MRRm_new": 0.09033217521314654, "MRm_new": 3949.9981945076465, "HITS@1m_new": 0.05010789107121527, "HITS@3m_new": 0.09275741586862132, "HITS@10m_new": 0.17736964809186756}