{"MRRm_new": 0.34815837221725177, "MRm_new": 500.5361773758009, "HITS@1m_new": 0.2878556556988879, "HITS@3m_new": 0.3695390525655421, "HITS@10m_new": 0.46020855468761873}