{"MRRm_new": 0.0015409360041576292, "MRm_new": 5511.787484604359, "HITS@1m_new": 4.6750329987844454e-05, "HITS@3m_new": 0.0003748276721453294, "HITS@10m_new": 0.0029756013169608196}