{"MRRm_new": 0.12010472744417203, "MRm_new": 668.0185108494281, "HITS@1m_new": 0.07245455373756123, "HITS@3m_new": 0.1249096039599739, "HITS@10m_new": 0.2103954773291247}