{"MRRm_new": 0.15643706458672432, "MRm_new": 3810.0942770717143, "HITS@1m_new": 0.1025431566152547, "HITS@3m_new": 0.16242545092618094, "HITS@10m_new": 0.2634445871351636}