{"MRRm_new": 0.09800381971871976, "MRm_new": 4056.7736189676048, "HITS@1m_new": 0.054109308182680976, "HITS@3m_new": 0.10307555645997636, "HITS@10m_new": 0.19558862019660883}