{"MRRm_new": 0.4577645733246127, "MRm_new": 364.3893334361985, "HITS@1m_new": 0.394050673790116, "HITS@3m_new": 0.481082457614546, "HITS@10m_new": 0.5789146509905113}