{"MRRm_new": 0.20696427077509433, "MRm_new": 405.6647996460438, "HITS@1m_new": 0.12954385227938184, "HITS@3m_new": 0.22296975593486568, "HITS@10m_new": 0.3622245860455092}