{"MRRm_new": 0.34968868875997944, "MRm_new": 543.1053744830713, "HITS@1m_new": 0.2852092426009003, "HITS@3m_new": 0.37507270302114193, "HITS@10m_new": 0.4729514675714054}