{"MRRm_new": 0.2451935338424504, "MRm_new": 371.85199064164163, "HITS@1m_new": 0.16714643498020013, "HITS@3m_new": 0.2671092309369706, "HITS@10m_new": 0.39839864308768885}