{"MRRm_new": 0.2314011984091616, "MRm_new": 251.0653388753891, "HITS@1m_new": 0.15391075163274073, "HITS@3m_new": 0.2458613535061013, "HITS@10m_new": 0.38588289614627136}