{"MRRm_new": 0.17339030597003238, "MRm_new": 1077.7118200747072, "HITS@1m_new": 0.11362579868279864, "HITS@3m_new": 0.1885084938846485, "HITS@10m_new": 0.29432573600916656}