{"MRRm_new": 0.09989417023442802, "MRm_new": 650.8186642690182, "HITS@1m_new": 0.05671748266632203, "HITS@3m_new": 0.10122982863539365, "HITS@10m_new": 0.18079604555548867}