{"MRRm_new": 0.288609663836467, "MRm_new": 2430.155726097733, "HITS@1m_new": 0.21158581264707027, "HITS@3m_new": 0.3196815149663016, "HITS@10m_new": 0.4410574419046752}