{"MRRm_new": 0.1014361310672437, "MRm_new": 620.008801999259, "HITS@1m_new": 0.059908846803515915, "HITS@3m_new": 0.10253748493950697, "HITS@10m_new": 0.17855967509258772}