{"MRRm_new": 0.18925947411372407, "MRm_new": 1866.7004178253412, "HITS@1m_new": 0.12260305342826178, "HITS@3m_new": 0.20040491483698133, "HITS@10m_new": 0.3206756742215948}