{"MRRm_new": 0.3568129448526715, "MRm_new": 392.40876605443657, "HITS@1m_new": 0.27904028307927364, "HITS@3m_new": 0.3852574435282295, "HITS@10m_new": 0.5127613981953473}