{"MRRm_new": 0.54436806146251, "MRm_new": 204.6685522101894, "HITS@1m_new": 0.47381031053731565, "HITS@3m_new": 0.5777422933144262, "HITS@10m_new": 0.6760956531695846}