{"MRRm_new": 0.25885394975155795, "MRm_new": 376.5332925709486, "HITS@1m_new": 0.1811916076972615, "HITS@3m_new": 0.2779587549695745, "HITS@10m_new": 0.41715716249234974}