{"MRRm_new": 0.14749023776701142, "MRm_new": 4034.597480294138, "HITS@1m_new": 0.09514556529533001, "HITS@3m_new": 0.15448529630110716, "HITS@10m_new": 0.2499240322058904}