{"MRRm_new": 0.10946580650595206, "MRm_new": 3874.0366161133798, "HITS@1m_new": 0.05690856861381326, "HITS@3m_new": 0.11728210076520917, "HITS@10m_new": 0.22065167357600876}