{"MRRm_new": 0.30191715783571726, "MRm_new": 652.2828464400768, "HITS@1m_new": 0.242817410351734, "HITS@3m_new": 0.31984613214856655, "HITS@10m_new": 0.41566842406881915}