{"MRRm_new": 0.18817254107452663, "MRm_new": 600.5632371634617, "HITS@1m_new": 0.11977060443441587, "HITS@3m_new": 0.20380152495833317, "HITS@10m_new": 0.3251660219630394}