{"MRRm_new": 0.35046143909683813, "MRm_new": 385.88999512111394, "HITS@1m_new": 0.2873529747710272, "HITS@3m_new": 0.37320028763530716, "HITS@10m_new": 0.4655521901100583}