{"MRRm_new": 0.20369766749264237, "MRm_new": 399.3662133096695, "HITS@1m_new": 0.13744617087760708, "HITS@3m_new": 0.21503636859923136, "HITS@10m_new": 0.33655487964998465}