{"MRRm_new": 0.08060476179299439, "MRm_new": 966.2657982402563, "HITS@1m_new": 0.04648096667164937, "HITS@3m_new": 0.08070322149830172, "HITS@10m_new": 0.14433787419546862}