{"MRRm_new": 0.09769183979222434, "MRm_new": 3505.570099787307, "HITS@1m_new": 0.05541755867633037, "HITS@3m_new": 0.10327273671268486, "HITS@10m_new": 0.18189681132631377}