{"MRRm_new": 0.43515403390314533, "MRm_new": 78.52307688592374, "HITS@1m_new": 0.337523087771202, "HITS@3m_new": 0.48220983416601665, "HITS@10m_new": 0.6198384418889764}