{"MRRm_new": 0.18311186624047113, "MRm_new": 547.7932965360164, "HITS@1m_new": 0.10943355363169685, "HITS@3m_new": 0.19912899084462551, "HITS@10m_new": 0.3333440967991017}