{"MRRm_new": 0.3678908816164494, "MRm_new": 278.5103103132695, "HITS@1m_new": 0.2708834567282902, "HITS@3m_new": 0.40710752849730486, "HITS@10m_new": 0.5583255869639107}