{"MRRm_new": 0.670105158714392, "MRm_new": 177.72825670339168, "HITS@1m_new": 0.6175416957609886, "HITS@3m_new": 0.6961010578058995, "HITS@10m_new": 0.7679022098601636}