{"MRRm_new": 0.0027554237538042797, "MRm_new": 5151.230877341271, "HITS@1m_new": 0.00041253380716079846, "HITS@3m_new": 0.0012804056688037234, "HITS@10m_new": 0.0049654251362590005}