{"MRRm_new": 0.09115960383803759, "MRm_new": 898.0724224870205, "HITS@1m_new": 0.0499193361821759, "HITS@3m_new": 0.09075598145839758, "HITS@10m_new": 0.17035753647228702}