{"MRRm_new": 0.11155464205653406, "MRm_new": 512.7710365152598, "HITS@1m_new": 0.060781145792390454, "HITS@3m_new": 0.11464710558676161, "HITS@10m_new": 0.20998630966432394}