{"MRRm_new": 0.18207761162183161, "MRm_new": 546.8785768812418, "HITS@1m_new": 0.12127211469252361, "HITS@3m_new": 0.192623226271756, "HITS@10m_new": 0.30691394277242945}