{"MRRm_new": 0.047865950528300345, "MRm_new": 3663.347214716166, "HITS@1m_new": 0.02040676582430751, "HITS@3m_new": 0.046824441243035836, "HITS@10m_new": 0.10137803040500148}