{"MRRm_new": 0.100101576569576, "MRm_new": 4185.035850168896, "HITS@1m_new": 0.055456500122044235, "HITS@3m_new": 0.10629840897950343, "HITS@10m_new": 0.19320506656402722}