{"MRRm_new": 0.543772204200176, "MRm_new": 341.1488780064434, "HITS@1m_new": 0.48153700680974, "HITS@3m_new": 0.5743414656440582, "HITS@10m_new": 0.6596704509856645}