{"MRRm_new": 0.10760695850796037, "MRm_new": 16567.270421247424, "HITS@1m_new": 0.06848786362446845, "HITS@3m_new": 0.11631355882389471, "HITS@10m_new": 0.1816776790546719}