{"MRRm_new": 0.16738622890808255, "MRm_new": 892.0535605762303, "HITS@1m_new": 0.10666482694935257, "HITS@3m_new": 0.1816592489443574, "HITS@10m_new": 0.2870229545776237}