{"MRRm_new": 0.1383508205798271, "MRm_new": 3421.1657687899174, "HITS@1m_new": 0.09359161075338489, "HITS@3m_new": 0.13824378028944193, "HITS@10m_new": 0.22584822121406614}