{"MRRm_new": 0.1845017486265817, "MRm_new": 510.1517332932949, "HITS@1m_new": 0.10991946548899868, "HITS@3m_new": 0.19982205291632563, "HITS@10m_new": 0.33929436864522283}