{"MRRm_new": 0.34930726540271734, "MRm_new": 449.91632516574117, "HITS@1m_new": 0.2839526831167059, "HITS@3m_new": 0.3735960237878571, "HITS@10m_new": 0.4704642911547053}