{"MRRm_new": 0.337016511201482, "MRm_new": 516.4770366715715, "HITS@1m_new": 0.2726693292375894, "HITS@3m_new": 0.3608477464305797, "HITS@10m_new": 0.4572266598065107}