{"MRRm_new": 0.2191586966865958, "MRm_new": 373.60100883519647, "HITS@1m_new": 0.14068995674422477, "HITS@3m_new": 0.2403573178718565, "HITS@10m_new": 0.3733900474782218}