{"MRRm_new": 0.002961169757121752, "MRm_new": 5046.649341442108, "HITS@1m_new": 0.0005995957328850636, "HITS@3m_new": 0.0013147690690093442, "HITS@10m_new": 0.005225789292242553}