{"MRRm_new": 0.1975270814486057, "MRm_new": 2590.5136756480338, "HITS@1m_new": 0.13418969988942261, "HITS@3m_new": 0.2122381470380351, "HITS@10m_new": 0.3187754224816163}