{"MRRm_new": 0.07270939777790772, "MRm_new": 870.7353472611666, "HITS@1m_new": 0.0359055794515647, "HITS@3m_new": 0.07364843824192649, "HITS@10m_new": 0.14027811826103134}