{"MRRm_new": 0.18689977129747712, "MRm_new": 382.2131223647356, "HITS@1m_new": 0.10957105001978343, "HITS@3m_new": 0.20350244243523338, "HITS@10m_new": 0.3390061043438967}