{"MRRm_new": 0.21046103786504392, "MRm_new": 403.91429111948014, "HITS@1m_new": 0.13189471737161512, "HITS@3m_new": 0.22083470447579165, "HITS@10m_new": 0.38519608281203543}