{"MRRm_new": 0.08698946086689394, "MRm_new": 620.7966896437168, "HITS@1m_new": 0.045677079583401795, "HITS@3m_new": 0.08689650158162694, "HITS@10m_new": 0.16603855047277175}