{"MRRm_new": 0.3698990393399708, "MRm_new": 130.79647027979792, "HITS@1m_new": 0.27354668123796, "HITS@3m_new": 0.412938222935627, "HITS@10m_new": 0.5573943053693802}