{"MRRm_new": 0.12907456269215162, "MRm_new": 4681.253906223625, "HITS@1m_new": 0.08557438906794414, "HITS@3m_new": 0.12935050887026592, "HITS@10m_new": 0.21542452756111743}