{"MRRm_new": 0.09517434626983158, "MRm_new": 692.9021551537752, "HITS@1m_new": 0.050691738549119326, "HITS@3m_new": 0.09671976909714285, "HITS@10m_new": 0.18028787751956843}