{"MRRm_new": 0.40236364561159005, "MRm_new": 305.05785868747535, "HITS@1m_new": 0.33496299753225683, "HITS@3m_new": 0.4321352199172979, "HITS@10m_new": 0.5227284839799977}