{"MRRm_new": 0.10751579958469519, "MRm_new": 648.7861184798955, "HITS@1m_new": 0.063572383226885, "HITS@3m_new": 0.11105483378311619, "HITS@10m_new": 0.18704271917437437}