{"MRRm_new": 0.10742153871331829, "MRm_new": 3929.43198057518, "HITS@1m_new": 0.06462462103529833, "HITS@3m_new": 0.11420562940156087, "HITS@10m_new": 0.1906609739123378}