{"MRRm_new": 0.09243937587559194, "MRm_new": 641.5081302367687, "HITS@1m_new": 0.049354223207267935, "HITS@3m_new": 0.0959723126799101, "HITS@10m_new": 0.1687892540211673}