{"MRRm_new": 0.29613949757810315, "MRm_new": 2880.400510687232, "HITS@1m_new": 0.21768869569443633, "HITS@3m_new": 0.3172562791372184, "HITS@10m_new": 0.46622569839347855}