{"MRRm_new": 0.1814029415791796, "MRm_new": 362.8163131947994, "HITS@1m_new": 0.10665818222434027, "HITS@3m_new": 0.19750309664802626, "HITS@10m_new": 0.3322714269842021}