{"MRRm_new": 0.06982913502368028, "MRm_new": 991.0973809802056, "HITS@1m_new": 0.0340219163030386, "HITS@3m_new": 0.07101889235900016, "HITS@10m_new": 0.1350226349464152}