{"MRRm_new": 0.08778565350531571, "MRm_new": 858.0680302751065, "HITS@1m_new": 0.051453847514279186, "HITS@3m_new": 0.08915773896295577, "HITS@10m_new": 0.15430036557561252}