{"MRRm_new": 0.09197567148930248, "MRm_new": 769.7681936800718, "HITS@1m_new": 0.05068974382608431, "HITS@3m_new": 0.09287132537781727, "HITS@10m_new": 0.17114112562938827}