{"MRRm_new": 0.14430558853773345, "MRm_new": 3466.882270649791, "HITS@1m_new": 0.09406705977168167, "HITS@3m_new": 0.15231701973904274, "HITS@10m_new": 0.23905926954213647}