{"MRRm_new": 0.1207085451499821, "MRm_new": 434.03373773770335, "HITS@1m_new": 0.06652155485120602, "HITS@3m_new": 0.12635290958108963, "HITS@10m_new": 0.22874920145894867}