{"MRRm_new": 0.14229110017993252, "MRm_new": 3422.8165080570875, "HITS@1m_new": 0.09523829670539999, "HITS@3m_new": 0.1428415026251605, "HITS@10m_new": 0.23569809873355552}