{"MRRm_new": 0.20171090507736245, "MRm_new": 424.45998801999536, "HITS@1m_new": 0.13017739723535487, "HITS@3m_new": 0.21721635402078027, "HITS@10m_new": 0.34396648879606073}