{"MRRm_new": 0.5486445628555648, "MRm_new": 197.88247532331198, "HITS@1m_new": 0.4776797620142752, "HITS@3m_new": 0.5830003744065471, "HITS@10m_new": 0.6812095833920175}