{"MRRm_new": 0.26966298200859545, "MRm_new": 553.6251384378075, "HITS@1m_new": 0.21135169547246188, "HITS@3m_new": 0.28647469649062623, "HITS@10m_new": 0.3799168066822167}