{"MRRm_new": 0.2959731636775632, "MRm_new": 643.937877040945, "HITS@1m_new": 0.23875580817078662, "HITS@3m_new": 0.31416759572329467, "HITS@10m_new": 0.40512995128367035}