{"MRRm_new": 0.10535016314839886, "MRm_new": 599.9429892410039, "HITS@1m_new": 0.05864199720594333, "HITS@3m_new": 0.10728504863483831, "HITS@10m_new": 0.19464217081251553}