{"MRRm_new": 0.5069598241708217, "MRm_new": 401.36002888776363, "HITS@1m_new": 0.45284523350927336, "HITS@3m_new": 0.5300698631260602, "HITS@10m_new": 0.609202152249869}