{"MRRm_new": 0.08467297282214895, "MRm_new": 16319.390029611646, "HITS@1m_new": 0.04132170020951889, "HITS@3m_new": 0.09232781118125422, "HITS@10m_new": 0.17607310204586246}