{"MRRm_new": 0.06988796761690082, "MRm_new": 16626.679063666164, "HITS@1m_new": 0.03315044563170522, "HITS@3m_new": 0.0721841431214707, "HITS@10m_new": 0.14949347538489383}