{"MRRm_new": 0.19054718712118773, "MRm_new": 318.12326367549895, "HITS@1m_new": 0.12128826536606648, "HITS@3m_new": 0.19701624399757128, "HITS@10m_new": 0.3363909958038479}