{"MRRm_new": 0.09748095289733173, "MRm_new": 707.8210776843309, "HITS@1m_new": 0.05204632425293094, "HITS@3m_new": 0.10169969339469098, "HITS@10m_new": 0.17719434469116385}