{"MRRm_new": 0.3006323230211642, "MRm_new": 2576.9766268516482, "HITS@1m_new": 0.2203300907018129, "HITS@3m_new": 0.33469252998335286, "HITS@10m_new": 0.46270117978705094}