{"MRRm_new": 0.09928222440200916, "MRm_new": 452.1419445706844, "HITS@1m_new": 0.04855533670289442, "HITS@3m_new": 0.10112371184104123, "HITS@10m_new": 0.19596086026132106}