{"MRRm_new": 0.0029419880226923853, "MRm_new": 5084.466376287461, "HITS@1m_new": 0.0005597342517139623, "HITS@3m_new": 0.0016595800669601886, "HITS@10m_new": 0.005034634291332623}