{"MRRm_new": 0.4028906255964839, "MRm_new": 160.81401333351434, "HITS@1m_new": 0.300680495493456, "HITS@3m_new": 0.44557651942277154, "HITS@10m_new": 0.6032589262526599}