{"MRRm_new": 0.35441637285923755, "MRm_new": 703.174573345296, "HITS@1m_new": 0.29457122250081375, "HITS@3m_new": 0.37565413353772603, "HITS@10m_new": 0.46589256632691833}