{"MRRm_new": 0.09880091387214861, "MRm_new": 16287.553739372432, "HITS@1m_new": 0.0555240521770902, "HITS@3m_new": 0.1062968983843457, "HITS@10m_new": 0.18998666509916073}