{"MRRm_new": 0.27569002147571336, "MRm_new": 4070.363160963297, "HITS@1m_new": 0.21073934111546258, "HITS@3m_new": 0.3036369976393762, "HITS@10m_new": 0.3943313206046296}