{"MRRm_new": 0.10491837879648373, "MRm_new": 455.5463263921499, "HITS@1m_new": 0.053366787622775885, "HITS@3m_new": 0.10719292175932787, "HITS@10m_new": 0.20603738567428664}