{"MRRm_new": 0.002644182639130122, "MRm_new": 5173.370815441608, "HITS@1m_new": 0.0004121776818064973, "HITS@3m_new": 0.0011550495434494224, "HITS@10m_new": 0.004817991422598425}