{"MRRm_new": 0.3827808805744244, "MRm_new": 623.2387277991027, "HITS@1m_new": 0.3233742339068413, "HITS@3m_new": 0.40492957654680506, "HITS@10m_new": 0.4935610655708697}