{"MRRm_new": 0.5150162760116973, "MRm_new": 254.4075589728877, "HITS@1m_new": 0.4497144858136489, "HITS@3m_new": 0.5411819560305267, "HITS@10m_new": 0.6414716425205698}