{"MRRm_new": 0.11352147439695727, "MRm_new": 1013.1623904435784, "HITS@1m_new": 0.06248071635580709, "HITS@3m_new": 0.12296054442113381, "HITS@10m_new": 0.21303224734686954}