{"MRRm_new": 0.3541590420835064, "MRm_new": 467.92062654481083, "HITS@1m_new": 0.2930572779392496, "HITS@3m_new": 0.3757450606731327, "HITS@10m_new": 0.46858242851666365}