{"MRRm_new": 0.23722155391458072, "MRm_new": 496.02224197068216, "HITS@1m_new": 0.1643053321108222, "HITS@3m_new": 0.25726904466697015, "HITS@10m_new": 0.38174688396332784}