{"MRRm_new": 0.30552631079993153, "MRm_new": 189.24586506772042, "HITS@1m_new": 0.19715289171142503, "HITS@3m_new": 0.35152345943823454, "HITS@10m_new": 0.5218218518381939}