{"MRRm_new": 0.091913570980019, "MRm_new": 743.6356883836746, "HITS@1m_new": 0.050531123623473104, "HITS@3m_new": 0.09300808604265913, "HITS@10m_new": 0.17083165192769376}