{"MRRm_new": 0.3595424290641513, "MRm_new": 1741.6654713577627, "HITS@1m_new": 0.24980954055802432, "HITS@3m_new": 0.4063921181010082, "HITS@10m_new": 0.5805051911147311}