{"MRRm_new": 0.11435572098512639, "MRm_new": 755.852254924941, "HITS@1m_new": 0.06902971204244532, "HITS@3m_new": 0.11733717652154155, "HITS@10m_new": 0.1993703971513547}