{"MRRm_new": 0.22094538014499557, "MRm_new": 323.82681977608206, "HITS@1m_new": 0.13900253060719697, "HITS@3m_new": 0.23249312559727114, "HITS@10m_new": 0.38722357580382377}