{"MRRm_new": 0.318050323247704, "MRm_new": 1065.1970328272357, "HITS@1m_new": 0.2669289548204324, "HITS@3m_new": 0.3396363290198569, "HITS@10m_new": 0.41288182072860946}