{"MRRm_new": 0.2972277821966072, "MRm_new": 1799.703441440761, "HITS@1m_new": 0.21954325277509634, "HITS@3m_new": 0.32276838800706903, "HITS@10m_new": 0.4538390869521536}