{"MRRm_new": 0.5208723228156187, "MRm_new": 101.02081204678863, "HITS@1m_new": 0.42714670833518903, "HITS@3m_new": 0.5662771263151081, "HITS@10m_new": 0.70054133758026}