{"MRRm_new": 0.2455128798819278, "MRm_new": 3441.619401808828, "HITS@1m_new": 0.16815284884386347, "HITS@3m_new": 0.26436803275963755, "HITS@10m_new": 0.39775270349311176}