{"MRRm_new": 0.09184282925010484, "MRm_new": 793.2485366903544, "HITS@1m_new": 0.05058581102603348, "HITS@3m_new": 0.09300260220526252, "HITS@10m_new": 0.17054936824046307}