{"MRRm_new": 0.5066380064303839, "MRm_new": 169.8173298394829, "HITS@1m_new": 0.3970665634383658, "HITS@3m_new": 0.5657257071546082, "HITS@10m_new": 0.722065599669615}