{"MRRm_new": 0.19161795103626936, "MRm_new": 316.3069303381443, "HITS@1m_new": 0.1226659811257443, "HITS@3m_new": 0.19825164937151712, "HITS@10m_new": 0.3356574452865403}