{"MRRm_new": 0.07316005879995237, "MRm_new": 16712.377555292456, "HITS@1m_new": 0.03847216950519942, "HITS@3m_new": 0.07385754534066655, "HITS@10m_new": 0.14174616309138946}