{"MRRm_new": 0.16869874235975293, "MRm_new": 378.27905479063986, "HITS@1m_new": 0.09498281010171632, "HITS@3m_new": 0.18344626450845972, "HITS@10m_new": 0.3135188124714885}