{"MRRm_new": 0.3902472011986083, "MRm_new": 283.3284325181544, "HITS@1m_new": 0.3025918083001961, "HITS@3m_new": 0.4256909894619785, "HITS@10m_new": 0.5638660684714741}