{"MRRm_new": 0.1860170183784503, "MRm_new": 446.1545842154026, "HITS@1m_new": 0.12371925171502517, "HITS@3m_new": 0.19750692782311235, "HITS@10m_new": 0.30838848581707573}