{"MRRm_new": 0.47282883726046565, "MRm_new": 507.34811701613665, "HITS@1m_new": 0.40079433385175434, "HITS@3m_new": 0.5043145471869648, "HITS@10m_new": 0.6089640708925727}