{"MRRm_new": 0.13383620612606956, "MRm_new": 3859.5693619473277, "HITS@1m_new": 0.08679360561593785, "HITS@3m_new": 0.139421550428131, "HITS@10m_new": 0.22606408781924983}