{"MRRm_new": 0.20603543872031377, "MRm_new": 2323.538016841233, "HITS@1m_new": 0.1411765282721899, "HITS@3m_new": 0.22102151642669923, "HITS@10m_new": 0.3303185107213503}