{"MRRm_new": 0.1952446954922474, "MRm_new": 378.7408722113848, "HITS@1m_new": 0.11852079327198443, "HITS@3m_new": 0.21645360395513707, "HITS@10m_new": 0.34785781200118365}