{"MRRm_new": 0.1933735703944665, "MRm_new": 448.59979934034345, "HITS@1m_new": 0.1297917361606378, "HITS@3m_new": 0.20809418150312267, "HITS@10m_new": 0.31586674868955744}