{"MRRm_new": 0.11545995152735122, "MRm_new": 674.4520589586734, "HITS@1m_new": 0.0684116012438084, "HITS@3m_new": 0.1191730816014111, "HITS@10m_new": 0.2033125288498588}