{"MRRm_new": 0.19197004663488407, "MRm_new": 2715.5234417722227, "HITS@1m_new": 0.13038849738633143, "HITS@3m_new": 0.20605998374635237, "HITS@10m_new": 0.31024178185500206}