{"MRRm_new": 0.49018915987041783, "MRm_new": 217.02742750243843, "HITS@1m_new": 0.3863411987524305, "HITS@3m_new": 0.5445553671141206, "HITS@10m_new": 0.69250374063052}