{"MRRm_new": 0.07019040208671068, "MRm_new": 919.8707392962694, "HITS@1m_new": 0.03518665245119482, "HITS@3m_new": 0.07035616601634538, "HITS@10m_new": 0.13426301583867753}