{"MRRm_new": 0.0014702531064099277, "MRm_new": 17359.68212079239, "HITS@1m_new": 0.00013743170071393252, "HITS@3m_new": 0.0003993364628404379, "HITS@10m_new": 0.0007952013653703034}