{"MRRm_new": 0.2957592447473562, "MRm_new": 244.03111154736578, "HITS@1m_new": 0.214388672483954, "HITS@3m_new": 0.32484052347131365, "HITS@10m_new": 0.45237198955763597}