{"MRRm_new": 0.2039289578987, "MRm_new": 2445.7031754866093, "HITS@1m_new": 0.13928586437470222, "HITS@3m_new": 0.23198397863570427, "HITS@10m_new": 0.33303048672611474}