{"MRRm_new": 0.38335898469336555, "MRm_new": 204.68353472559153, "HITS@1m_new": 0.2823935434890882, "HITS@3m_new": 0.42672148000678134, "HITS@10m_new": 0.5786549889078451}