{"MRRm_new": 0.21337419285032228, "MRm_new": 301.49355379981995, "HITS@1m_new": 0.13356067269494523, "HITS@3m_new": 0.2304094664514414, "HITS@10m_new": 0.3750721497801249}