{"MRRm_new": 0.23142044245351573, "MRm_new": 240.7990995112419, "HITS@1m_new": 0.1442113691248931, "HITS@3m_new": 0.24504281097315253, "HITS@10m_new": 0.4259334489296656}