{"MRRm_new": 0.09948431202057982, "MRm_new": 811.4883261951685, "HITS@1m_new": 0.0586552625589422, "HITS@3m_new": 0.10201535226918058, "HITS@10m_new": 0.17624912936589682}