{"MRRm_new": 0.18943191626416864, "MRm_new": 2022.043862770647, "HITS@1m_new": 0.12251747512427391, "HITS@3m_new": 0.20173605819643126, "HITS@10m_new": 0.3190247492151102}