{"MRRm_new": 0.09505511323218525, "MRm_new": 655.5631358702183, "HITS@1m_new": 0.05254978088606731, "HITS@3m_new": 0.09637684487787192, "HITS@10m_new": 0.17765550423116655}