{"MRRm_new": 0.0034650143451362965, "MRm_new": 5200.8545256092075, "HITS@1m_new": 0.0005963597923517227, "HITS@3m_new": 0.002382430763030425, "HITS@10m_new": 0.005913099890388548}