{"MRRm_new": 0.2168076106193512, "MRm_new": 544.8581938844472, "HITS@1m_new": 0.14770891933325037, "HITS@3m_new": 0.2393460328083165, "HITS@10m_new": 0.34597990418007246}