{"MRRm_new": 0.3039642634795591, "MRm_new": 509.0592820908949, "HITS@1m_new": 0.24592815117247666, "HITS@3m_new": 0.3228298102128974, "HITS@10m_new": 0.41481356447719736}