{"MRRm_new": 0.2767056698320957, "MRm_new": 3339.762649122, "HITS@1m_new": 0.2037508166404441, "HITS@3m_new": 0.29807464313018134, "HITS@10m_new": 0.4266869433922693}