{"MRRm_new": 0.09982089380222442, "MRm_new": 3510.1304535320924, "HITS@1m_new": 0.05713494832540164, "HITS@3m_new": 0.10511843333690195, "HITS@10m_new": 0.18593726304288793}