{"MRRm_new": 0.09045769710918539, "MRm_new": 3934.10169667685, "HITS@1m_new": 0.04830448204316199, "HITS@3m_new": 0.09380296284854413, "HITS@10m_new": 0.18019728598073126}