{"MRRm_new": 0.08882969597563642, "MRm_new": 804.7427732754945, "HITS@1m_new": 0.04704831984726479, "HITS@3m_new": 0.0901727223866037, "HITS@10m_new": 0.16886176694885363}