{"MRRm_new": 0.10218397163851624, "MRm_new": 4171.257493963075, "HITS@1m_new": 0.05607337060673162, "HITS@3m_new": 0.10861950350566767, "HITS@10m_new": 0.19908899593129753}