{"MRRm_new": 0.2303572972060225, "MRm_new": 250.4284597174406, "HITS@1m_new": 0.1434081596158445, "HITS@3m_new": 0.2449499307923019, "HITS@10m_new": 0.42467371213422156}