{"MRRm_new": 0.2836208250369027, "MRm_new": 2471.565307882786, "HITS@1m_new": 0.20802944500820011, "HITS@3m_new": 0.3096888386028004, "HITS@10m_new": 0.4313397794064367}