{"MRRm_new": 0.29967769899565067, "MRm_new": 2330.9647824430167, "HITS@1m_new": 0.2170961098189, "HITS@3m_new": 0.33427786944853144, "HITS@10m_new": 0.47185409756493757}