{"MRRm_new": 0.14678268208940837, "MRm_new": 2802.2815147475303, "HITS@1m_new": 0.09553381837299094, "HITS@3m_new": 0.15490923078652122, "HITS@10m_new": 0.2422972511142434}