{"MRRm_new": 0.19288804286992964, "MRm_new": 404.1900160465002, "HITS@1m_new": 0.12986096274489536, "HITS@3m_new": 0.20202462719939648, "HITS@10m_new": 0.3208654264171841}