{"MRRm_new": 0.40463075634553114, "MRm_new": 272.1431070247516, "HITS@1m_new": 0.31547540276849395, "HITS@3m_new": 0.4433957106979324, "HITS@10m_new": 0.574886554555851}