{"MRRm_new": 0.3288618887880084, "MRm_new": 586.7267224141434, "HITS@1m_new": 0.26712483467677156, "HITS@3m_new": 0.3514417797533788, "HITS@10m_new": 0.44440550155870007}