{"MRRm_new": 0.09552504860806221, "MRm_new": 687.1731789413213, "HITS@1m_new": 0.05084482416433748, "HITS@3m_new": 0.09731007422928233, "HITS@10m_new": 0.18147909422476077}