{"MRRm_new": 0.11026284364890852, "MRm_new": 3855.034943806246, "HITS@1m_new": 0.056089216215157646, "HITS@3m_new": 0.11827288525010227, "HITS@10m_new": 0.22623971631622408}