{"MRRm_new": 0.17148013448746205, "MRm_new": 816.8969374215364, "HITS@1m_new": 0.1022851258676732, "HITS@3m_new": 0.18414043821372325, "HITS@10m_new": 0.3095727422976866}