{"MRRm_new": 0.10430472098126047, "MRm_new": 560.6923784873009, "HITS@1m_new": 0.060467021932662464, "HITS@3m_new": 0.10533292258293368, "HITS@10m_new": 0.1852893433148274}