{"MRRm_new": 0.10152496860382089, "MRm_new": 618.0368906277419, "HITS@1m_new": 0.05986993056064821, "HITS@3m_new": 0.102810313156544, "HITS@10m_new": 0.17902863942567493}