{"MRRm_new": 0.28733503782783737, "MRm_new": 2102.3520320388675, "HITS@1m_new": 0.20973149464919696, "HITS@3m_new": 0.31181279325752986, "HITS@10m_new": 0.4427369925333187}