{"MRRm_new": 0.13448227066849905, "MRm_new": 3934.669329133153, "HITS@1m_new": 0.08650216356056625, "HITS@3m_new": 0.13927443339145976, "HITS@10m_new": 0.22827221175518936}