{"MRRm_new": 0.08420741222836077, "MRm_new": 561.9166380465507, "HITS@1m_new": 0.03800673717098543, "HITS@3m_new": 0.08825742012299598, "HITS@10m_new": 0.16968835182283074}