{"MRRm_new": 0.4985586071782327, "MRm_new": 274.3603956210688, "HITS@1m_new": 0.4342930609751566, "HITS@3m_new": 0.5236652392645483, "HITS@10m_new": 0.621199519732705}