{"MRRm_new": 0.10161197533831146, "MRm_new": 626.9562555688143, "HITS@1m_new": 0.05937898357883096, "HITS@3m_new": 0.10464168174716178, "HITS@10m_new": 0.17929080622007604}