{"MRRm_new": 0.1909479309823204, "MRm_new": 476.4999579051018, "HITS@1m_new": 0.1285199965897482, "HITS@3m_new": 0.19994584202850238, "HITS@10m_new": 0.31712360276221296}