{"MRRm_new": 0.20217864227716473, "MRm_new": 629.8060092934966, "HITS@1m_new": 0.1361969000732788, "HITS@3m_new": 0.22271534095426615, "HITS@10m_new": 0.3258605778076744}