{"MRRm_new": 0.25772264737562656, "MRm_new": 385.99550580561163, "HITS@1m_new": 0.17959681507302447, "HITS@3m_new": 0.27938589515434575, "HITS@10m_new": 0.4159955333279446}