{"MRRm_new": 0.26021626091442596, "MRm_new": 351.71429126124383, "HITS@1m_new": 0.18110800893893467, "HITS@3m_new": 0.28033470455710774, "HITS@10m_new": 0.42105591259254144}