{"MRRm_new": 0.40090728673378273, "MRm_new": 150.96607788018883, "HITS@1m_new": 0.2984062902894366, "HITS@3m_new": 0.4472364429469453, "HITS@10m_new": 0.6002592499753518}