{"MRRm_new": 0.002111946210821043, "MRm_new": 5191.416431595898, "HITS@1m_new": 2.7479569567367434e-05, "HITS@3m_new": 0.0005109790783841163, "HITS@10m_new": 0.003216478790785186}