{"MRRm_new": 0.5037360945141809, "MRm_new": 217.4887704967186, "HITS@1m_new": 0.44069226441484716, "HITS@3m_new": 0.5280895803759049, "HITS@10m_new": 0.6240501777307509}