{"MRRm_new": 0.0036236762777145486, "MRm_new": 5169.219290180206, "HITS@1m_new": 0.0005925862073898315, "HITS@3m_new": 0.002698657178366557, "HITS@10m_new": 0.0061239327024668454}