{"MRRm_new": 0.22875802734421305, "MRm_new": 470.34488324234485, "HITS@1m_new": 0.15413091548766242, "HITS@3m_new": 0.24468776900405065, "HITS@10m_new": 0.38296692130453885}