{"MRRm_new": 0.4614825674720005, "MRm_new": 223.71397267381846, "HITS@1m_new": 0.3594006996833523, "HITS@3m_new": 0.5124341898190942, "HITS@10m_new": 0.6637897159323475}