{"MRRm_new": 0.10635309405586159, "MRm_new": 576.5182239790201, "HITS@1m_new": 0.05976803394650342, "HITS@3m_new": 0.10906662157746613, "HITS@10m_new": 0.19447294416865335}