{"MRRm_new": 0.1012798696184138, "MRm_new": 4174.014683482361, "HITS@1m_new": 0.05614997435761616, "HITS@3m_new": 0.10710674548544921, "HITS@10m_new": 0.1966186195196584}