{"MRRm_new": 0.21778235856199754, "MRm_new": 371.4129232136726, "HITS@1m_new": 0.1374299784582341, "HITS@3m_new": 0.23025523669137618, "HITS@10m_new": 0.37848889476852493}