{"MRRm_new": 0.3260210767844892, "MRm_new": 534.740311971806, "HITS@1m_new": 0.2650645344506411, "HITS@3m_new": 0.3501968630425108, "HITS@10m_new": 0.43760232043905123}