{"MRRm_new": 0.10388474246082333, "MRm_new": 562.4822866327047, "HITS@1m_new": 0.06004793656093534, "HITS@3m_new": 0.10476340871893335, "HITS@10m_new": 0.18566092893136665}