{"MRRm_new": 0.07099366703402629, "MRm_new": 893.7309943838358, "HITS@1m_new": 0.03574348548403941, "HITS@3m_new": 0.07108385616721352, "HITS@10m_new": 0.13586041627824305}