{"MRRm_new": 0.45573345499090556, "MRm_new": 808.29541139853, "HITS@1m_new": 0.3391010188560467, "HITS@3m_new": 0.5235176460943185, "HITS@10m_new": 0.6743269270779565}