{"MRRm_new": 0.292513240133414, "MRm_new": 247.5129805935472, "HITS@1m_new": 0.21136409482483579, "HITS@3m_new": 0.3219608605129615, "HITS@10m_new": 0.44866870376456064}