{"MRRm_new": 0.2827361847910747, "MRm_new": 1894.5267695917487, "HITS@1m_new": 0.2114342174533085, "HITS@3m_new": 0.30426334373101416, "HITS@10m_new": 0.4194203812194173}