{"MRRm_new": 0.0961165501398078, "MRm_new": 3441.5601420209646, "HITS@1m_new": 0.055366941878618674, "HITS@3m_new": 0.10048678479697555, "HITS@10m_new": 0.17710975942933}