{"MRRm_new": 0.0990209077587715, "MRm_new": 786.1792074816942, "HITS@1m_new": 0.05691820823085727, "HITS@3m_new": 0.10055343919495353, "HITS@10m_new": 0.17854353925874455}