{"MRRm_new": 0.11960484795116645, "MRm_new": 851.8730778924524, "HITS@1m_new": 0.06516489383439329, "HITS@3m_new": 0.12953241843268914, "HITS@10m_new": 0.22553216548210184}