{"MRRm_new": 0.1424797223080959, "MRm_new": 4669.704648541004, "HITS@1m_new": 0.09129202534424258, "HITS@3m_new": 0.14794870102037386, "HITS@10m_new": 0.2453280251683318}