{"MRRm_new": 0.13383951180108353, "MRm_new": 4022.9664518158434, "HITS@1m_new": 0.08637967693654355, "HITS@3m_new": 0.13450544113838986, "HITS@10m_new": 0.22800313316870596}