{"MRRm_new": 0.48753032958283166, "MRm_new": 221.20135890246928, "HITS@1m_new": 0.38186085088906113, "HITS@3m_new": 0.5429928408252636, "HITS@10m_new": 0.6993008509877363}