{"MRRm_new": 0.4380106789896836, "MRm_new": 118.72294452602416, "HITS@1m_new": 0.34946844278657224, "HITS@3m_new": 0.4748237002126989, "HITS@10m_new": 0.6094401372460853}