{"MRRm_new": 0.12457174422913231, "MRm_new": 550.2819671965123, "HITS@1m_new": 0.07466564584836596, "HITS@3m_new": 0.1312707602872164, "HITS@10m_new": 0.2187410250075627}