{"MRRm_new": 0.09543504779820068, "MRm_new": 16818.824016367227, "HITS@1m_new": 0.048218463385361246, "HITS@3m_new": 0.10805930302198977, "HITS@10m_new": 0.1884214853933081}