{"MRRm_new": 0.15345931931009726, "MRm_new": 4132.795651746094, "HITS@1m_new": 0.10188807520696719, "HITS@3m_new": 0.15904592665498785, "HITS@10m_new": 0.25643304516829085}