{"MRRm_new": 0.5090892543281816, "MRm_new": 260.29690875644235, "HITS@1m_new": 0.4440099750573463, "HITS@3m_new": 0.5342694495315482, "HITS@10m_new": 0.6352358108579065}