{"MRRm_new": 0.11731636351339549, "MRm_new": 553.0886337428808, "HITS@1m_new": 0.06736489581093193, "HITS@3m_new": 0.12177825742219575, "HITS@10m_new": 0.2131967309613712}