{"MRRm_new": 0.14103784843806352, "MRm_new": 3414.291970240295, "HITS@1m_new": 0.08896376338518167, "HITS@3m_new": 0.1497666612645262, "HITS@10m_new": 0.2398841713911097}