{"MRRm_new": 0.2176458358967764, "MRm_new": 492.903510843277, "HITS@1m_new": 0.14173659015636658, "HITS@3m_new": 0.2364113763432484, "HITS@10m_new": 0.3711423357769905}