{"MRRm_new": 0.1066227324741456, "MRm_new": 4001.168216444707, "HITS@1m_new": 0.0618508834104985, "HITS@3m_new": 0.110627348262351, "HITS@10m_new": 0.19772313139592299}