{"MRRm_new": 0.10010830210947315, "MRm_new": 772.6421353955984, "HITS@1m_new": 0.058622775230789556, "HITS@3m_new": 0.10222011813331629, "HITS@10m_new": 0.17677563718010206}