{"MRRm_new": 0.23442497684773117, "MRm_new": 5452.122377397269, "HITS@1m_new": 0.15923682258556074, "HITS@3m_new": 0.2573700321938813, "HITS@10m_new": 0.3822533579287119}