{"MRRm_new": 0.3044317734098986, "MRm_new": 2195.990810185194, "HITS@1m_new": 0.22400830987287917, "HITS@3m_new": 0.3331168021488702, "HITS@10m_new": 0.4711808416913846}