{"MRRm_new": 0.10526702972516613, "MRm_new": 16687.084990843206, "HITS@1m_new": 0.05823432361707091, "HITS@3m_new": 0.11663748431787826, "HITS@10m_new": 0.20146346598048695}