{"MRRm_new": 0.2996873990429349, "MRm_new": 2991.0132120628655, "HITS@1m_new": 0.22732865699235116, "HITS@3m_new": 0.3273247430319898, "HITS@10m_new": 0.43569618169934254}