{"MRRm_new": 0.7411175811202138, "MRm_new": 121.95838482069969, "HITS@1m_new": 0.6846838172030257, "HITS@3m_new": 0.7742874269074309, "HITS@10m_new": 0.8459312641262077}