{"MRRm_new": 0.1982256818932743, "MRm_new": 857.3574596502066, "HITS@1m_new": 0.12673829677165485, "HITS@3m_new": 0.21845093396706505, "HITS@10m_new": 0.33697657498862243}