{"MRRm_new": 0.10025210276569997, "MRm_new": 623.612802581501, "HITS@1m_new": 0.056796421818976525, "HITS@3m_new": 0.10217425589758787, "HITS@10m_new": 0.18195403758981848}