{"MRRm_new": 0.002937562449717916, "MRm_new": 5085.519711805582, "HITS@1m_new": 0.0005597342517139623, "HITS@3m_new": 0.0016595800669601886, "HITS@10m_new": 0.005034634291332623}