{"MRRm_new": 0.14692288166111683, "MRm_new": 920.8029381662845, "HITS@1m_new": 0.0821568182969233, "HITS@3m_new": 0.15789983500621746, "HITS@10m_new": 0.2760603282978758}