{"MRRm_new": 0.18333404757416283, "MRm_new": 328.61824457371233, "HITS@1m_new": 0.11146692758242134, "HITS@3m_new": 0.19496082491073757, "HITS@10m_new": 0.3192862324574671}