{"MRRm_new": 0.12148866796216608, "MRm_new": 618.9820541092396, "HITS@1m_new": 0.07278029948651092, "HITS@3m_new": 0.1282731132101966, "HITS@10m_new": 0.2107953557254281}