{"MRRm_new": 0.43507532951502254, "MRm_new": 133.19518123383074, "HITS@1m_new": 0.3473046268874896, "HITS@3m_new": 0.472289437508618, "HITS@10m_new": 0.6038071754168486}