{"MRRm_new": 0.15490440114394877, "MRm_new": 273.0926100443125, "HITS@1m_new": 0.08784342983132229, "HITS@3m_new": 0.16320990781653671, "HITS@10m_new": 0.2962664726903662}