{"MRRm_new": 0.25005424319747543, "MRm_new": 355.59113841121194, "HITS@1m_new": 0.17381682440961013, "HITS@3m_new": 0.26709529812228866, "HITS@10m_new": 0.4058875473770313}