{"MRRm_new": 0.23942137325772456, "MRm_new": 7246.833471514076, "HITS@1m_new": 0.16187240492890123, "HITS@3m_new": 0.26204818364133825, "HITS@10m_new": 0.3937509689239669}