{"MRRm_new": 0.4871321916556617, "MRm_new": 215.7898032629043, "HITS@1m_new": 0.3844146016725863, "HITS@3m_new": 0.5399495911362865, "HITS@10m_new": 0.6876786295109778}