{"MRRm_new": 0.25399985731390234, "MRm_new": 3469.89899603039, "HITS@1m_new": 0.17662439198013452, "HITS@3m_new": 0.27680966861690104, "HITS@10m_new": 0.4058129495081375}