{"MRRm_new": 0.5081353107716741, "MRm_new": 173.3907999498248, "HITS@1m_new": 0.39903699481615695, "HITS@3m_new": 0.5663799117120252, "HITS@10m_new": 0.7222597385749832}