{"MRRm_new": 0.13009087060909405, "MRm_new": 700.4794901455193, "HITS@1m_new": 0.0726285417716499, "HITS@3m_new": 0.1371917072283395, "HITS@10m_new": 0.24587326256475353}