{"MRRm_new": 0.24727053975727176, "MRm_new": 173.13911464750765, "HITS@1m_new": 0.1430758054278791, "HITS@3m_new": 0.2812314211079851, "HITS@10m_new": 0.4638799269711599}