{"MRRm_new": 0.09875522343227348, "MRm_new": 517.0739998090744, "HITS@1m_new": 0.050042269078467504, "HITS@3m_new": 0.102102827744768, "HITS@10m_new": 0.19051524747652002}