{"MRRm_new": 0.24354155596006785, "MRm_new": 421.3343729566932, "HITS@1m_new": 0.16850618509254128, "HITS@3m_new": 0.27187991697851976, "HITS@10m_new": 0.3841481968758162}