{"MRRm_new": 0.0038078749620181042, "MRm_new": 5163.270159638977, "HITS@1m_new": 0.0010068875799886883, "HITS@3m_new": 0.0023902933755423875, "HITS@10m_new": 0.00690439219167456}