{"MRRm_new": 0.10101078612721612, "MRm_new": 3816.956659729052, "HITS@1m_new": 0.05955035939156078, "HITS@3m_new": 0.1067155619546771, "HITS@10m_new": 0.18648182196426205}