{"MRRm_new": 0.3393695545532564, "MRm_new": 2839.84489948301, "HITS@1m_new": 0.3006307104692969, "HITS@3m_new": 0.35711706549356315, "HITS@10m_new": 0.4102931027536688}