{"MRRm_new": 0.24185948984345895, "MRm_new": 3758.4592815645933, "HITS@1m_new": 0.16544737700143014, "HITS@3m_new": 0.25984069193399045, "HITS@10m_new": 0.39081921184260865}