{"MRRm_new": 0.3094951365258676, "MRm_new": 2084.9669826102554, "HITS@1m_new": 0.23356319256802088, "HITS@3m_new": 0.33088897483143953, "HITS@10m_new": 0.4671694586002268}