{"MRRm_new": 0.2655443007124104, "MRm_new": 341.1578262064755, "HITS@1m_new": 0.18826997510341606, "HITS@3m_new": 0.29244829313234366, "HITS@10m_new": 0.41429717334674204}