{"MRRm_new": 0.11446417488788575, "MRm_new": 4079.843668987942, "HITS@1m_new": 0.0695353002300486, "HITS@3m_new": 0.12272020988161676, "HITS@10m_new": 0.20615875505399892}