{"MRRm_new": 0.20109896152945875, "MRm_new": 220.15037361783982, "HITS@1m_new": 0.13409715046943166, "HITS@3m_new": 0.2149664663505275, "HITS@10m_new": 0.3300613748954609}