{"MRRm_new": 0.0029516701710954295, "MRm_new": 5080.598916340828, "HITS@1m_new": 0.0005597342517139623, "HITS@3m_new": 0.0016595800669601886, "HITS@10m_new": 0.0050392639209967454}