{"MRRm_new": 0.10473521991299203, "MRm_new": 446.7910206332684, "HITS@1m_new": 0.05259479328203015, "HITS@3m_new": 0.10825029166480526, "HITS@10m_new": 0.20500592339085416}