{"MRRm_new": 0.22514161225102725, "MRm_new": 249.78118045299053, "HITS@1m_new": 0.1420031061682501, "HITS@3m_new": 0.24030011672144755, "HITS@10m_new": 0.38851705473479814}