{"MRRm_new": 0.19579703556498718, "MRm_new": 375.41020947966575, "HITS@1m_new": 0.11870687389884843, "HITS@3m_new": 0.2171923799092998, "HITS@10m_new": 0.3486705129305832}