{"MRRm_new": 0.6380008085952422, "MRm_new": 201.8497593693286, "HITS@1m_new": 0.5815486173082172, "HITS@3m_new": 0.6657723943606834, "HITS@10m_new": 0.7439544456305448}