{"MRRm_new": 0.07687631740690995, "MRm_new": 753.2440943205119, "HITS@1m_new": 0.03671418662920478, "HITS@3m_new": 0.07668745480547659, "HITS@10m_new": 0.1532791662008036}