{"MRRm_new": 0.07273651242791239, "MRm_new": 906.5849211728811, "HITS@1m_new": 0.03649397097718902, "HITS@3m_new": 0.0720229095656774, "HITS@10m_new": 0.13998768373645143}