{"MRRm_new": 0.353394768930455, "MRm_new": 2996.8271098288296, "HITS@1m_new": 0.28774545022833625, "HITS@3m_new": 0.40433061463560444, "HITS@10m_new": 0.4586168397317815}