{"MRRm_new": 0.10547072177812807, "MRm_new": 557.6266085853815, "HITS@1m_new": 0.06093559825900011, "HITS@3m_new": 0.10587438137149438, "HITS@10m_new": 0.19173782465327532}