{"MRRm_new": 0.6376033750460001, "MRm_new": 32.833221326828, "HITS@1m_new": 0.48861813074085514, "HITS@3m_new": 0.7555821719979576, "HITS@10m_new": 0.8902061959794956}