{"MRRm_new": 0.301278528501467, "MRm_new": 2492.5427013796866, "HITS@1m_new": 0.22097131008212453, "HITS@3m_new": 0.33503960632672536, "HITS@10m_new": 0.4634743184070103}