{"MRRm_new": 0.22888398317993852, "MRm_new": 468.3165396761656, "HITS@1m_new": 0.15470686976212308, "HITS@3m_new": 0.2444477366806008, "HITS@10m_new": 0.3812007625065744}