{"MRRm_new": 0.12807978916407864, "MRm_new": 723.4356616700143, "HITS@1m_new": 0.07005745336613473, "HITS@3m_new": 0.13698927591780374, "HITS@10m_new": 0.24370949557830318}