{"MRRm_new": 0.0021463497118136728, "MRm_new": 5190.895433554745, "HITS@1m_new": 2.7479569567367434e-05, "HITS@3m_new": 0.0005109790783841163, "HITS@10m_new": 0.0032848717995686456}