{"MRRm_new": 0.0017979528125028992, "MRm_new": 17309.19237857008, "HITS@1m_new": 0.00041520947869867086, "HITS@3m_new": 0.0004707650365307927, "HITS@10m_new": 0.0014307746742852033}