{"MRRm_new": 0.10276961977564497, "MRm_new": 653.4651085214376, "HITS@1m_new": 0.05943051023184089, "HITS@3m_new": 0.10227173180067911, "HITS@10m_new": 0.18471484124177368}