{"MRRm_new": 0.3800008152991877, "MRm_new": 219.81615853330493, "HITS@1m_new": 0.2816893202530482, "HITS@3m_new": 0.42074440967087867, "HITS@10m_new": 0.5722278929477325}