{"MRRm_new": 0.306720260153902, "MRm_new": 2280.5376461637916, "HITS@1m_new": 0.23066010463866404, "HITS@3m_new": 0.32721990946517326, "HITS@10m_new": 0.4656573155145161}