{"MRRm_new": 0.10017397339048621, "MRm_new": 771.7572485994101, "HITS@1m_new": 0.05664025258461479, "HITS@3m_new": 0.10250853678127751, "HITS@10m_new": 0.180654464993719}