{"MRRm_new": 0.5746622892555479, "MRm_new": 192.27227745969594, "HITS@1m_new": 0.4979251540686091, "HITS@3m_new": 0.6142349268933903, "HITS@10m_new": 0.7125165891287616}