{"MRRm_new": 0.18979665592367836, "MRm_new": 584.7072433029934, "HITS@1m_new": 0.12090586464838635, "HITS@3m_new": 0.20508150407251013, "HITS@10m_new": 0.3287704299050274}