{"MRRm_new": 0.1945982837364063, "MRm_new": 407.3412797624588, "HITS@1m_new": 0.12885964658899465, "HITS@3m_new": 0.20934712209193967, "HITS@10m_new": 0.32077748772506604}