{"MRRm_new": 0.09087531455733697, "MRm_new": 801.0207228344441, "HITS@1m_new": 0.05296313585209427, "HITS@3m_new": 0.09155433901990764, "HITS@10m_new": 0.15970042623593472}