{"MRRm_new": 0.0012059663174927664, "MRm_new": 17457.721271125793, "HITS@1m_new": 0.0001470238119363785, "HITS@3m_new": 0.0001470238119363785, "HITS@10m_new": 0.000822498959954828}