{"MRRm_new": 0.32842623237746466, "MRm_new": 639.5500610580742, "HITS@1m_new": 0.23348763138926007, "HITS@3m_new": 0.3635195061301929, "HITS@10m_new": 0.5203126544859406}