{"MRRm_new": 0.34183666423826525, "MRm_new": 613.6558872359767, "HITS@1m_new": 0.2783264971140088, "HITS@3m_new": 0.36715070078361894, "HITS@10m_new": 0.4635787286047853}