{"MRRm_new": 0.0016013317953602383, "MRm_new": 17366.11105219269, "HITS@1m_new": 0.0003874317007139325, "HITS@3m_new": 0.0004464594786986709, "HITS@10m_new": 0.000814546603243798}