{"MRRm_new": 0.2253948379776207, "MRm_new": 5456.521890473753, "HITS@1m_new": 0.1678359458979685, "HITS@3m_new": 0.2480994165930897, "HITS@10m_new": 0.33113500442457733}