{"MRRm_new": 0.19281997733790632, "MRm_new": 433.33393031487464, "HITS@1m_new": 0.1282960270342999, "HITS@3m_new": 0.20821082423254847, "HITS@10m_new": 0.316636817317619}