{"MRRm_new": 0.1844639619919908, "MRm_new": 495.319324472785, "HITS@1m_new": 0.12277583320737467, "HITS@3m_new": 0.19514469368404244, "HITS@10m_new": 0.30601842957383485}