{"MRRm_new": 0.5042150618172736, "MRm_new": 173.03655035087465, "HITS@1m_new": 0.3952849703677093, "HITS@3m_new": 0.5622469962284704, "HITS@10m_new": 0.718761046708707}