{"MRRm_new": 0.4787780149551127, "MRm_new": 287.0523608656004, "HITS@1m_new": 0.41674277884919136, "HITS@3m_new": 0.5022741965529567, "HITS@10m_new": 0.5973776170825622}