{"MRRm_new": 0.16930458171096835, "MRm_new": 546.7839614260197, "HITS@1m_new": 0.10758164520507563, "HITS@3m_new": 0.17524358017860214, "HITS@10m_new": 0.3075804064967146}