{"MRRm_new": 0.39403287693458694, "MRm_new": 315.3351577406004, "HITS@1m_new": 0.3084879794457811, "HITS@3m_new": 0.43044010867827454, "HITS@10m_new": 0.5602208598424404}