{"MRRm_new": 0.16624149351431552, "MRm_new": 403.81242246000767, "HITS@1m_new": 0.09349022204006324, "HITS@3m_new": 0.18039346381295474, "HITS@10m_new": 0.3092394001116045}