{"MRRm_new": 0.7078230346357969, "MRm_new": 157.4853699581325, "HITS@1m_new": 0.6469241212269553, "HITS@3m_new": 0.7425848078455419, "HITS@10m_new": 0.8215425788087596}