{"MRRm_new": 0.09050822983272373, "MRm_new": 3935.0307536242963, "HITS@1m_new": 0.04858383949883282, "HITS@3m_new": 0.09400114319436252, "HITS@10m_new": 0.18035029520504176}