{"MRRm_new": 0.29098116942592606, "MRm_new": 572.9343986771479, "HITS@1m_new": 0.23335560690694182, "HITS@3m_new": 0.3084468217948634, "HITS@10m_new": 0.4019973491963319}