{"MRRm_new": 0.20866277594000984, "MRm_new": 2185.618522630155, "HITS@1m_new": 0.1421990257902071, "HITS@3m_new": 0.22432576183523634, "HITS@10m_new": 0.3362999322893156}