{"MRRm_new": 0.1415641888302821, "MRm_new": 3621.883190652877, "HITS@1m_new": 0.09510951044497779, "HITS@3m_new": 0.14185898116212048, "HITS@10m_new": 0.23328818460702314}