{"MRRm_new": 0.19205088771621232, "MRm_new": 386.1905491907358, "HITS@1m_new": 0.11665968647443224, "HITS@3m_new": 0.20483178644326983, "HITS@10m_new": 0.34964863341171293}