{"MRRm_new": 0.09994331199373119, "MRm_new": 624.2097879383088, "HITS@1m_new": 0.05456896779112285, "HITS@3m_new": 0.10015014599675778, "HITS@10m_new": 0.19042573287874692}