{"MRRm_new": 0.10092082359209743, "MRm_new": 662.6922931526661, "HITS@1m_new": 0.057352321292867416, "HITS@3m_new": 0.10495460370973451, "HITS@10m_new": 0.18338417750719235}