{"MRRm_new": 0.15398139446596043, "MRm_new": 4010.4886420642733, "HITS@1m_new": 0.100607535357296, "HITS@3m_new": 0.15971730052388738, "HITS@10m_new": 0.2593663488808961}