{"MRRm_new": 0.6351853330889607, "MRm_new": 181.40149783916772, "HITS@1m_new": 0.575405334453666, "HITS@3m_new": 0.6682557359623388, "HITS@10m_new": 0.7488174229288997}