{"MRRm_new": 0.43120236230547926, "MRm_new": 3153.010065238014, "HITS@1m_new": 0.4117541123058181, "HITS@3m_new": 0.4425853919222718, "HITS@10m_new": 0.4639796859668859}