{"MRRm_new": 0.1844539198776576, "MRm_new": 314.13894940481185, "HITS@1m_new": 0.11384562873397372, "HITS@3m_new": 0.20115504834487802, "HITS@10m_new": 0.3267336147097114}