{"MRRm_new": 0.12960000092646032, "MRm_new": 4696.688431536883, "HITS@1m_new": 0.08432343548187055, "HITS@3m_new": 0.13051783632888692, "HITS@10m_new": 0.21905973969452316}