{"MRRm_new": 0.31532846327368724, "MRm_new": 2023.4858175413608, "HITS@1m_new": 0.23405363065307028, "HITS@3m_new": 0.3446613480675151, "HITS@10m_new": 0.4743658596244641}