{"MRRm_new": 0.3639817188778325, "MRm_new": 434.69709590066225, "HITS@1m_new": 0.3024799645907733, "HITS@3m_new": 0.3861727843568333, "HITS@10m_new": 0.47918943077867154}