{"MRRm_new": 0.2928086104640415, "MRm_new": 677.1166241427884, "HITS@1m_new": 0.23592415096145122, "HITS@3m_new": 0.3106706109788647, "HITS@10m_new": 0.4026848818956714}