{"MRRm_new": 0.1662405784532006, "MRm_new": 242.44157503523826, "HITS@1m_new": 0.09522383841127158, "HITS@3m_new": 0.17912662014337258, "HITS@10m_new": 0.3093179659116082}