{"MRRm_new": 0.14015143813828398, "MRm_new": 2173.414288203299, "HITS@1m_new": 0.08995846884098137, "HITS@3m_new": 0.14397546806838363, "HITS@10m_new": 0.2325570132957655}