{"MRRm_new": 0.2944329175448593, "MRm_new": 2925.8366162799894, "HITS@1m_new": 0.20967766151751857, "HITS@3m_new": 0.33074695863714443, "HITS@10m_new": 0.4669065669407137}