{"MRRm_new": 0.4985044905549803, "MRm_new": 183.50799789853394, "HITS@1m_new": 0.3904481346449793, "HITS@3m_new": 0.5563427023126315, "HITS@10m_new": 0.7113405216161919}