{"MRRm_new": 0.3035111311946666, "MRm_new": 637.2757029322386, "HITS@1m_new": 0.24439739014693987, "HITS@3m_new": 0.32125889331089275, "HITS@10m_new": 0.41690336594491234}