{"MRRm_new": 0.21373931227938883, "MRm_new": 322.09739721899035, "HITS@1m_new": 0.13670642027170396, "HITS@3m_new": 0.23230192319792695, "HITS@10m_new": 0.3672774561719969}