{"MRRm_new": 0.3876890575168009, "MRm_new": 208.3592855398506, "HITS@1m_new": 0.286276570069218, "HITS@3m_new": 0.429512925766081, "HITS@10m_new": 0.5882261262662941}