{"MRRm_new": 0.1959418284247422, "MRm_new": 494.7513708018139, "HITS@1m_new": 0.1253258520090385, "HITS@3m_new": 0.20853207653250502, "HITS@10m_new": 0.33859001979177267}