{"MRRm_new": 0.19602991168183506, "MRm_new": 521.8022332837508, "HITS@1m_new": 0.12430753614312198, "HITS@3m_new": 0.21400710763336975, "HITS@10m_new": 0.3398014698120387}