{"MRRm_new": 0.282343574004929, "MRm_new": 2972.626977996051, "HITS@1m_new": 0.20469072271039476, "HITS@3m_new": 0.3161342511749826, "HITS@10m_new": 0.43860213149152694}