{"MRRm_new": 0.2952863714894038, "MRm_new": 1006.9996910951734, "HITS@1m_new": 0.24260892939079712, "HITS@3m_new": 0.31237763915527467, "HITS@10m_new": 0.39405101497115536}