{"MRRm_new": 0.22096580020579276, "MRm_new": 279.85984078822133, "HITS@1m_new": 0.14040443911361508, "HITS@3m_new": 0.23434412797791884, "HITS@10m_new": 0.38194379880139606}