{"MRRm_new": 0.12029332611787395, "MRm_new": 450.73427116642, "HITS@1m_new": 0.06555302687856601, "HITS@3m_new": 0.1273099476833595, "HITS@10m_new": 0.22711847696406767}