{"MRRm_new": 0.3826192152040485, "MRm_new": 207.28758785428107, "HITS@1m_new": 0.28343119538716566, "HITS@3m_new": 0.42405492161845904, "HITS@10m_new": 0.5763692172271548}