{"MRRm_new": 0.18783218868638069, "MRm_new": 513.6167137813329, "HITS@1m_new": 0.1279458810133161, "HITS@3m_new": 0.1948598673367407, "HITS@10m_new": 0.3079268607056001}