{"MRRm_new": 0.2106983207914036, "MRm_new": 2113.06011481303, "HITS@1m_new": 0.14365654467945568, "HITS@3m_new": 0.22515684469253755, "HITS@10m_new": 0.3412342264699109}