{"MRRm_new": 0.12568119192393806, "MRm_new": 750.3460065640808, "HITS@1m_new": 0.06875745402790927, "HITS@3m_new": 0.13455164131017228, "HITS@10m_new": 0.2389814344219558}