{"MRRm_new": 0.14006619170234536, "MRm_new": 5292.090264552653, "HITS@1m_new": 0.09228800040567876, "HITS@3m_new": 0.1482064836108184, "HITS@10m_new": 0.23155235220836767}