{"MRRm_new": 0.14651117117008924, "MRm_new": 4323.457804240763, "HITS@1m_new": 0.0970314187953627, "HITS@3m_new": 0.15441224464608239, "HITS@10m_new": 0.2428325472704455}