{"MRRm_new": 0.48825377025913896, "MRm_new": 402.0907109564543, "HITS@1m_new": 0.4296989860171307, "HITS@3m_new": 0.5135260988265509, "HITS@10m_new": 0.5992469656718312}