{"MRRm_new": 0.09511621710840264, "MRm_new": 744.2077538262606, "HITS@1m_new": 0.052717876329959834, "HITS@3m_new": 0.09702748888641363, "HITS@10m_new": 0.17699225922938203}