{"MRRm_new": 0.41818281922581174, "MRm_new": 3519.740909457475, "HITS@1m_new": 0.39591942243720407, "HITS@3m_new": 0.431855932084145, "HITS@10m_new": 0.45799328041708215}