{"MRRm_new": 0.10997678742465178, "MRm_new": 3860.3352353853584, "HITS@1m_new": 0.055878068145219006, "HITS@3m_new": 0.11932417674575117, "HITS@10m_new": 0.22373701125563822}