{"MRRm_new": 0.1093348237405924, "MRm_new": 518.0500110733985, "HITS@1m_new": 0.059273651286872335, "HITS@3m_new": 0.11202172721654642, "HITS@10m_new": 0.20690246652509087}