{"MRRm_new": 0.29313060122084017, "MRm_new": 1783.9419952061176, "HITS@1m_new": 0.2149744292207761, "HITS@3m_new": 0.3176500993537484, "HITS@10m_new": 0.4488516103359871}