{"MRRm_new": 0.23360970328445047, "MRm_new": 3706.3731976067425, "HITS@1m_new": 0.1686559407931054, "HITS@3m_new": 0.25190831397200236, "HITS@10m_new": 0.35760852590037395}