{"MRRm_new": 0.35950384917673545, "MRm_new": 413.54520464727284, "HITS@1m_new": 0.29393936648304225, "HITS@3m_new": 0.38308900621914654, "HITS@10m_new": 0.4837339662703307}