{"MRRm_new": 0.22523109732260035, "MRm_new": 1628.1038684451282, "HITS@1m_new": 0.15215497617266374, "HITS@3m_new": 0.2435393270003551, "HITS@10m_new": 0.36512984018275163}