{"MRRm_new": 0.08605743696701974, "MRm_new": 637.7557238547087, "HITS@1m_new": 0.044680467771476835, "HITS@3m_new": 0.08478850397510687, "HITS@10m_new": 0.16595965603534132}