{"MRRm_new": 0.07718042973835254, "MRm_new": 799.212015408945, "HITS@1m_new": 0.039141696853283794, "HITS@3m_new": 0.07771262170806294, "HITS@10m_new": 0.14841540438501397}