{"MRRm_new": 0.6866044248911194, "MRm_new": 153.86058643335105, "HITS@1m_new": 0.6300353166216082, "HITS@3m_new": 0.7170177928296034, "HITS@10m_new": 0.7933038130938367}