{"MRRm_new": 0.4197799759530944, "MRm_new": 264.2303174957186, "HITS@1m_new": 0.3213223740124849, "HITS@3m_new": 0.46523915268537896, "HITS@10m_new": 0.6137840161590284}