{"MRRm_new": 0.1059895000429955, "MRm_new": 3929.590207923484, "HITS@1m_new": 0.06339980964413844, "HITS@3m_new": 0.11446364391404204, "HITS@10m_new": 0.19262845244500787}