{"MRRm_new": 0.09608714714877716, "MRm_new": 4232.254163806486, "HITS@1m_new": 0.05355845903288573, "HITS@3m_new": 0.09980429096743465, "HITS@10m_new": 0.18461809674096294}