{"MRRm_new": 0.2755471941244691, "MRm_new": 3242.905221504927, "HITS@1m_new": 0.2043900985638611, "HITS@3m_new": 0.3014424515180581, "HITS@10m_new": 0.41085112441162347}