{"MRRm_new": 0.1430282583683211, "MRm_new": 4750.990852668256, "HITS@1m_new": 0.09545855890444363, "HITS@3m_new": 0.14989802310717643, "HITS@10m_new": 0.23422461396102154}