{"MRRm_new": 0.08765882455586917, "MRm_new": 15909.894555941253, "HITS@1m_new": 0.05609544845158234, "HITS@3m_new": 0.09166528151533566, "HITS@10m_new": 0.14958784189540894}