{"MRRm_new": 0.18268062930268933, "MRm_new": 725.7576811237112, "HITS@1m_new": 0.11702873254953738, "HITS@3m_new": 0.19856162408429373, "HITS@10m_new": 0.31259194770096294}