{"MRRm_new": 0.07840519961752579, "MRm_new": 3568.730308430895, "HITS@1m_new": 0.037765691111068006, "HITS@3m_new": 0.08075410530205408, "HITS@10m_new": 0.1599338332523621}