{"MRRm_new": 0.11259419510190201, "MRm_new": 769.822350037384, "HITS@1m_new": 0.06720099277789704, "HITS@3m_new": 0.11692260085640009, "HITS@10m_new": 0.1939257621551864}