{"MRRm_new": 0.61506833044821, "MRm_new": 121.02969000309706, "HITS@1m_new": 0.5400621696207673, "HITS@3m_new": 0.6577631314411992, "HITS@10m_new": 0.747280053211056}