{"MRRm_new": 0.40465328861960914, "MRm_new": 293.80180557144433, "HITS@1m_new": 0.31717378682743586, "HITS@3m_new": 0.44241014645340326, "HITS@10m_new": 0.5742424540566062}