{"MRRm_new": 0.12607435165746136, "MRm_new": 427.16890197036264, "HITS@1m_new": 0.0709015876038, "HITS@3m_new": 0.13219094411619006, "HITS@10m_new": 0.23190145373921842}