{"MRRm_new": 0.20364984598448063, "MRm_new": 5870.5742790847125, "HITS@1m_new": 0.15048921246358077, "HITS@3m_new": 0.22025581801519728, "HITS@10m_new": 0.3026269703669241}