{"MRRm_new": 0.07285877073835537, "MRm_new": 16688.815768357814, "HITS@1m_new": 0.03835456359409727, "HITS@3m_new": 0.07353363259253091, "HITS@10m_new": 0.14175253482465633}