{"MRRm_new": 0.5111422816566683, "MRm_new": 299.67196507077665, "HITS@1m_new": 0.4412739197070041, "HITS@3m_new": 0.5421102358010831, "HITS@10m_new": 0.643034838157706}