{"MRRm_new": 0.18899018320703725, "MRm_new": 590.5023884974122, "HITS@1m_new": 0.12124716077464473, "HITS@3m_new": 0.20105596301039622, "HITS@10m_new": 0.32612542579190995}