{"MRRm_new": 0.06240462399561784, "MRm_new": 3531.5918556256966, "HITS@1m_new": 0.03517100558927632, "HITS@3m_new": 0.06297836870153696, "HITS@10m_new": 0.11157389116174454}