{"MRRm_new": 0.0032867717457247636, "MRm_new": 4943.263450595021, "HITS@1m_new": 0.0005828755957481917, "HITS@3m_new": 0.001684471178901731, "HITS@10m_new": 0.00535658904012962}