{"MRRm_new": 0.23895797563230964, "MRm_new": 6967.404656685441, "HITS@1m_new": 0.16404233062248386, "HITS@3m_new": 0.2606774683052936, "HITS@10m_new": 0.3902501975028426}