{"MRRm_new": 0.2284779257347982, "MRm_new": 4828.5745599007605, "HITS@1m_new": 0.15428919395178672, "HITS@3m_new": 0.24357829156069782, "HITS@10m_new": 0.3748962077946635}