{"MRRm_new": 0.40067958178257684, "MRm_new": 363.5773208498433, "HITS@1m_new": 0.31525822775911, "HITS@3m_new": 0.4375589097651282, "HITS@10m_new": 0.5645239384978776}