{"MRRm_new": 0.2887385738816629, "MRm_new": 258.5587664294243, "HITS@1m_new": 0.20816752904753957, "HITS@3m_new": 0.3176057093015261, "HITS@10m_new": 0.4440088644282659}