{"MRRm_new": 0.18507684917729694, "MRm_new": 716.0805290546417, "HITS@1m_new": 0.11917119110072599, "HITS@3m_new": 0.20115576837665503, "HITS@10m_new": 0.31917843315146455}