{"MRRm_new": 0.1148717918676848, "MRm_new": 718.7717760418177, "HITS@1m_new": 0.06807954456242733, "HITS@3m_new": 0.11983037486951799, "HITS@10m_new": 0.20067391247819177}