{"MRRm_new": 0.25897287191895013, "MRm_new": 369.5328138461828, "HITS@1m_new": 0.1794907849141862, "HITS@3m_new": 0.2809073660638649, "HITS@10m_new": 0.41892393354121593}