{"MRRm_new": 0.2388913579629254, "MRm_new": 227.387023177433, "HITS@1m_new": 0.15375550924057607, "HITS@3m_new": 0.255367534233816, "HITS@10m_new": 0.413289576089289}