{"MRRm_new": 0.18212373732835385, "MRm_new": 3116.618331431985, "HITS@1m_new": 0.12286219224953675, "HITS@3m_new": 0.1951123035546916, "HITS@10m_new": 0.2962859151760349}