{"MRRm_new": 0.18579546892890084, "MRm_new": 579.8141786305606, "HITS@1m_new": 0.12218266799603225, "HITS@3m_new": 0.19807620837461581, "HITS@10m_new": 0.31739435709824465}