{"MRRm_new": 0.24014492828611764, "MRm_new": 3064.17195129177, "HITS@1m_new": 0.16609381905692863, "HITS@3m_new": 0.2536322044686531, "HITS@10m_new": 0.391849899864872}