{"MRRm_new": 0.12807357002763312, "MRm_new": 432.8483698563337, "HITS@1m_new": 0.0737897756799357, "HITS@3m_new": 0.13260790252028964, "HITS@10m_new": 0.2347334076002706}