{"MRRm_new": 0.10214168538663361, "MRm_new": 4166.494347198629, "HITS@1m_new": 0.05644221818344668, "HITS@3m_new": 0.10777418661327101, "HITS@10m_new": 0.19820535325100647}