{"MRRm_new": 0.2469022515233919, "MRm_new": 3309.14423582986, "HITS@1m_new": 0.16900098880045697, "HITS@3m_new": 0.2654950127191842, "HITS@10m_new": 0.39943570148327856}