{"MRRm_new": 0.3181443582101074, "MRm_new": 566.5365515861661, "HITS@1m_new": 0.24879567392511673, "HITS@3m_new": 0.3416199895445898, "HITS@10m_new": 0.45630815773870564}