{"MRRm_new": 0.1840828312745234, "MRm_new": 700.0707332332134, "HITS@1m_new": 0.12429468648009788, "HITS@3m_new": 0.19811320235571112, "HITS@10m_new": 0.2973426523077796}