{"MRRm_new": 0.2447390084277562, "MRm_new": 462.2994875932455, "HITS@1m_new": 0.16715861539071192, "HITS@3m_new": 0.2683933081320953, "HITS@10m_new": 0.39702473523458465}