{"MRRm_new": 0.07369725943901358, "MRm_new": 16684.573599004416, "HITS@1m_new": 0.03887967279669829, "HITS@3m_new": 0.07455569873633794, "HITS@10m_new": 0.14262506189593113}