{"MRRm_new": 0.10011643939838687, "MRm_new": 758.6562212727308, "HITS@1m_new": 0.058658000711386556, "HITS@3m_new": 0.10242544782718178, "HITS@10m_new": 0.17791073925615056}