{"MRRm_new": 0.28300331280738644, "MRm_new": 1033.3972611500471, "HITS@1m_new": 0.20109847546736273, "HITS@3m_new": 0.3110262422564847, "HITS@10m_new": 0.4441742481395922}