{"MRRm_new": 0.11643425179028417, "MRm_new": 460.62605151708124, "HITS@1m_new": 0.06264278013192816, "HITS@3m_new": 0.12188967603487545, "HITS@10m_new": 0.22320373668756802}