{"MRRm_new": 0.4134021572776255, "MRm_new": 284.97859982094167, "HITS@1m_new": 0.31827494614884927, "HITS@3m_new": 0.45576920074667215, "HITS@10m_new": 0.6020868328286014}