{"MRRm_new": 0.4696985023833313, "MRm_new": 218.29195635850726, "HITS@1m_new": 0.367859505413584, "HITS@3m_new": 0.5181915905452043, "HITS@10m_new": 0.6758970785112469}