{"MRRm_new": 0.4753525435379497, "MRm_new": 443.18551137578487, "HITS@1m_new": 0.39954537122270267, "HITS@3m_new": 0.5073057236402092, "HITS@10m_new": 0.6192444377932116}