{"MRRm_new": 0.09798237235061388, "MRm_new": 480.6466663627386, "HITS@1m_new": 0.046408153614599726, "HITS@3m_new": 0.10305611173454672, "HITS@10m_new": 0.19886451732064597}