{"MRRm_new": 0.3363704603011265, "MRm_new": 566.2139032190889, "HITS@1m_new": 0.27480577527474087, "HITS@3m_new": 0.3572383357069702, "HITS@10m_new": 0.45375405938224866}