{"MRRm_new": 0.1513010432634226, "MRm_new": 240.36160591464042, "HITS@1m_new": 0.07748777893176302, "HITS@3m_new": 0.16169154289597645, "HITS@10m_new": 0.29951218697112053}