{"MRRm_new": 0.3941941359069906, "MRm_new": 92.2851325944066, "HITS@1m_new": 0.2878201843754214, "HITS@3m_new": 0.44262195739132587, "HITS@10m_new": 0.5984632582834456}