{"MRRm_new": 0.08393330449810892, "MRm_new": 872.3434201145888, "HITS@1m_new": 0.04850501436785562, "HITS@3m_new": 0.08437430712716887, "HITS@10m_new": 0.14717462685002247}