{"MRRm_new": 0.11107026465968374, "MRm_new": 812.6444574893713, "HITS@1m_new": 0.06654426841018722, "HITS@3m_new": 0.11442480266508646, "HITS@10m_new": 0.19391416713550572}