{"MRRm_new": 0.1774229480697817, "MRm_new": 332.0931497242689, "HITS@1m_new": 0.10589267751267761, "HITS@3m_new": 0.19197731242730515, "HITS@10m_new": 0.31547335157794876}