{"MRRm_new": 0.07591214827285003, "MRm_new": 805.9090809741974, "HITS@1m_new": 0.037967595873610115, "HITS@3m_new": 0.07694247609240701, "HITS@10m_new": 0.14631433073187947}