{"MRRm_new": 0.3475690665329594, "MRm_new": 458.08196637830883, "HITS@1m_new": 0.2825854806965544, "HITS@3m_new": 0.3717010371558245, "HITS@10m_new": 0.46882190655031447}