{"MRRm_new": 0.3023641826961489, "MRm_new": 2429.24409144029, "HITS@1m_new": 0.22332664098741953, "HITS@3m_new": 0.3235533078701701, "HITS@10m_new": 0.47232421508076367}