{"MRRm_new": 0.1758874856954164, "MRm_new": 432.5219641523361, "HITS@1m_new": 0.11241841123796184, "HITS@3m_new": 0.18449793871308212, "HITS@10m_new": 0.30355913685599806}