{"MRRm_new": 0.2368386434811082, "MRm_new": 10028.614137312501, "HITS@1m_new": 0.17029636826738714, "HITS@3m_new": 0.2748026797731873, "HITS@10m_new": 0.36708654832048343}