{"MRRm_new": 0.5141877302760413, "MRm_new": 166.1809197885692, "HITS@1m_new": 0.4042444206043183, "HITS@3m_new": 0.573483661100563, "HITS@10m_new": 0.7316561794304435}