{"MRRm_new": 0.09022439821623994, "MRm_new": 3938.5213310373306, "HITS@1m_new": 0.04897988767977804, "HITS@3m_new": 0.09291904801912605, "HITS@10m_new": 0.1797239177540876}