{"MRRm_new": 0.2164065024914482, "MRm_new": 161.4677056577921, "HITS@1m_new": 0.10610014443211258, "HITS@3m_new": 0.24745133812418207, "HITS@10m_new": 0.45703987559312953}