{"MRRm_new": 0.12225551027100445, "MRm_new": 568.3646265054703, "HITS@1m_new": 0.07378541243297514, "HITS@3m_new": 0.12691053610646633, "HITS@10m_new": 0.21230114119142526}