{"MRRm_new": 0.10073527315592073, "MRm_new": 639.374562011981, "HITS@1m_new": 0.055053891581768405, "HITS@3m_new": 0.10295166971057187, "HITS@10m_new": 0.18931024595554918}