{"MRRm_new": 0.4014477690197273, "MRm_new": 357.9214397840947, "HITS@1m_new": 0.31171554334192114, "HITS@3m_new": 0.44218000780257355, "HITS@10m_new": 0.5770561133516531}