{"MRRm_new": 0.09517316261052619, "MRm_new": 687.8135157625914, "HITS@1m_new": 0.050738787685811984, "HITS@3m_new": 0.0966539891747525, "HITS@10m_new": 0.18013743889047765}