{"MRRm_new": 0.6559181063505448, "MRm_new": 201.68472552052884, "HITS@1m_new": 0.5996980998505751, "HITS@3m_new": 0.684554946829594, "HITS@10m_new": 0.7637669916950035}