{"MRRm_new": 0.18063903498356085, "MRm_new": 713.8404904445648, "HITS@1m_new": 0.12217243274699431, "HITS@3m_new": 0.19003639607094228, "HITS@10m_new": 0.29865796871443745}