{"MRRm_new": 0.1945795371209988, "MRm_new": 506.02959298878164, "HITS@1m_new": 0.12456631081182422, "HITS@3m_new": 0.2072221735691601, "HITS@10m_new": 0.3354730001248172}