{"MRRm_new": 0.21919957530970277, "MRm_new": 304.0347381613016, "HITS@1m_new": 0.13519071670795094, "HITS@3m_new": 0.23289609861201607, "HITS@10m_new": 0.4033512861466501}