{"MRRm_new": 0.09977590681818546, "MRm_new": 671.8865016269922, "HITS@1m_new": 0.05509202665533521, "HITS@3m_new": 0.09966705592204816, "HITS@10m_new": 0.18686020032204687}