{"MRRm_new": 0.14370548576578357, "MRm_new": 3048.796191742033, "HITS@1m_new": 0.09566587766748853, "HITS@3m_new": 0.1464654649800068, "HITS@10m_new": 0.23744735815668536}