{"MRRm_new": 0.24877713038145885, "MRm_new": 413.4108161080122, "HITS@1m_new": 0.17098452485237503, "HITS@3m_new": 0.2707456131652463, "HITS@10m_new": 0.40118449605400675}