{"MRRm_new": 0.2715420427258523, "MRm_new": 2587.9706158898175, "HITS@1m_new": 0.19984631692507537, "HITS@3m_new": 0.2932474116917001, "HITS@10m_new": 0.4128066832754121}