{"MRRm_new": 0.41743524953532596, "MRm_new": 257.83873950166253, "HITS@1m_new": 0.3510732910579973, "HITS@3m_new": 0.4454366853603278, "HITS@10m_new": 0.5392750562749862}