{"MRRm_new": 0.20186024870654948, "MRm_new": 430.43231831691264, "HITS@1m_new": 0.12780177354961633, "HITS@3m_new": 0.21650609860287515, "HITS@10m_new": 0.35017439366407344}