{"MRRm_new": 0.1450247907266262, "MRm_new": 4330.575830020338, "HITS@1m_new": 0.0940134713343723, "HITS@3m_new": 0.15114591275071143, "HITS@10m_new": 0.2458917432926246}