{"MRRm_new": 0.38261913342822934, "MRm_new": 207.28755176736414, "HITS@1m_new": 0.28343119538716566, "HITS@3m_new": 0.4240541594233655, "HITS@10m_new": 0.5763683783010929}