{"MRRm_new": 0.07300063094289408, "MRm_new": 16476.033738334238, "HITS@1m_new": 0.03534672883374151, "HITS@3m_new": 0.0748345416468801, "HITS@10m_new": 0.15109493028896395}