{"MRRm_new": 0.09914869257668579, "MRm_new": 3502.8063879934475, "HITS@1m_new": 0.056297324883315014, "HITS@3m_new": 0.10431845909443654, "HITS@10m_new": 0.1858168122959505}