{"MRRm_new": 0.13162323422760527, "MRm_new": 4112.006511886865, "HITS@1m_new": 0.0875005783073866, "HITS@3m_new": 0.13122901083013858, "HITS@10m_new": 0.21973433354176813}