{"MRRm_new": 0.19460944799112184, "MRm_new": 298.36264555704594, "HITS@1m_new": 0.12544653432069464, "HITS@3m_new": 0.2040927910582279, "HITS@10m_new": 0.33839732613290546}