{"MRRm_new": 0.18526811067367963, "MRm_new": 319.1674450119257, "HITS@1m_new": 0.11510748654535854, "HITS@3m_new": 0.20047346173393307, "HITS@10m_new": 0.32640936299461754}