{"MRRm_new": 0.09951133004249459, "MRm_new": 3510.592206215404, "HITS@1m_new": 0.05655614083667752, "HITS@3m_new": 0.10530296198024734, "HITS@10m_new": 0.18587732468023388}