{"MRRm_new": 0.17652809590902235, "MRm_new": 790.0892098110617, "HITS@1m_new": 0.11986611566002102, "HITS@3m_new": 0.188743543877481, "HITS@10m_new": 0.28469491690474386}