{"MRRm_new": 0.17330307163547332, "MRm_new": 3455.3247288363873, "HITS@1m_new": 0.11436651486072515, "HITS@3m_new": 0.19009425010143605, "HITS@10m_new": 0.29493620937161175}