{"MRRm_new": 0.07463325703786496, "MRm_new": 16485.083906080275, "HITS@1m_new": 0.037163313687895425, "HITS@3m_new": 0.075252829524572, "HITS@10m_new": 0.15408394994551783}