{"MRRm_new": 0.1896120254623229, "MRm_new": 516.0101824952885, "HITS@1m_new": 0.12381577223615023, "HITS@3m_new": 0.20213757312685993, "HITS@10m_new": 0.3227717937928901}