{"MRRm_new": 0.45835724275028406, "MRm_new": 337.5421178657338, "HITS@1m_new": 0.3967221844389351, "HITS@3m_new": 0.4811215927416924, "HITS@10m_new": 0.5753326294206199}