{"MRRm_new": 0.15033238257456652, "MRm_new": 2945.037227920085, "HITS@1m_new": 0.09891071557364194, "HITS@3m_new": 0.15815535353007726, "HITS@10m_new": 0.24731906828290084}