{"MRRm_new": 0.12626815005316394, "MRm_new": 15296.874304003804, "HITS@1m_new": 0.08150678012822754, "HITS@3m_new": 0.14070202418393454, "HITS@10m_new": 0.21145287966006435}