{"MRRm_new": 0.1704893883533905, "MRm_new": 914.2418956696242, "HITS@1m_new": 0.11454355622512957, "HITS@3m_new": 0.18366934430186302, "HITS@10m_new": 0.27870608774607536}