{"MRRm_new": 0.09990541973263171, "MRm_new": 3543.3470517440555, "HITS@1m_new": 0.05676560003771447, "HITS@3m_new": 0.10670992920701391, "HITS@10m_new": 0.18485544541371055}