{"MRRm_new": 0.2181178179155936, "MRm_new": 1606.367893499285, "HITS@1m_new": 0.14922636938496725, "HITS@3m_new": 0.23577688140029204, "HITS@10m_new": 0.35148195602401394}