{"MRRm_new": 0.2834761076791797, "MRm_new": 3185.519431543499, "HITS@1m_new": 0.21635354570418713, "HITS@3m_new": 0.3028860442560399, "HITS@10m_new": 0.41371086435054893}