{"MRRm_new": 0.10372952267976653, "MRm_new": 580.3070098592997, "HITS@1m_new": 0.05633203073158511, "HITS@3m_new": 0.10693746705967933, "HITS@10m_new": 0.19503303427752108}