{"MRRm_new": 0.10563939619934244, "MRm_new": 3897.542451371956, "HITS@1m_new": 0.061857985500758515, "HITS@3m_new": 0.11335518680284731, "HITS@10m_new": 0.19500838925498537}