{"MRRm_new": 0.11089247420894244, "MRm_new": 922.5934508495569, "HITS@1m_new": 0.06658510481468402, "HITS@3m_new": 0.11621666981690797, "HITS@10m_new": 0.19120751148881973}