{"MRRm_new": 0.2832158845885115, "MRm_new": 3385.8607081810833, "HITS@1m_new": 0.2052288334670011, "HITS@3m_new": 0.3171129552538041, "HITS@10m_new": 0.43554407959815583}