{"MRRm_new": 0.10521517641917308, "MRm_new": 590.959080055356, "HITS@1m_new": 0.06060113249372225, "HITS@3m_new": 0.1073699393830262, "HITS@10m_new": 0.1887708425961435}