{"MRRm_new": 0.0990641082879316, "MRm_new": 651.6955830585956, "HITS@1m_new": 0.055632632035622374, "HITS@3m_new": 0.09985777326710522, "HITS@10m_new": 0.1823552245580009}