{"MRRm_new": 0.40713423014333694, "MRm_new": 1100.6148951057196, "HITS@1m_new": 0.29184185139345936, "HITS@3m_new": 0.46512574491743, "HITS@10m_new": 0.6379851190051995}