{"MRRm_new": 0.19182059282651517, "MRm_new": 596.992176690124, "HITS@1m_new": 0.12464256774072419, "HITS@3m_new": 0.20833356575637663, "HITS@10m_new": 0.32574766737827304}