{"MRRm_new": 0.23113407300802355, "MRm_new": 263.11203508193495, "HITS@1m_new": 0.1432018877552531, "HITS@3m_new": 0.24441196889222483, "HITS@10m_new": 0.4258284635489341}