{"MRRm_new": 0.42749460645571435, "MRm_new": 262.3097238889709, "HITS@1m_new": 0.3356016502661696, "HITS@3m_new": 0.46984793459721186, "HITS@10m_new": 0.6026942079181318}