{"MRRm_new": 0.10260479173893108, "MRm_new": 713.4626179369689, "HITS@1m_new": 0.05936570034004981, "HITS@3m_new": 0.10550312082661549, "HITS@10m_new": 0.1835166868799017}