{"MRRm_new": 0.17863455797325878, "MRm_new": 540.6135299647808, "HITS@1m_new": 0.1038607394594641, "HITS@3m_new": 0.19465251301485115, "HITS@10m_new": 0.32617361615439877}