{"MRRm_new": 0.2988122661024181, "MRm_new": 375.75618570457397, "HITS@1m_new": 0.21430337739980315, "HITS@3m_new": 0.329479308598442, "HITS@10m_new": 0.4668458268366521}