{"MRRm_new": 0.22759755696428965, "MRm_new": 6576.380979198813, "HITS@1m_new": 0.15413846493665187, "HITS@3m_new": 0.24856712006191084, "HITS@10m_new": 0.3701829328207823}