{"MRRm_new": 0.3842325773134107, "MRm_new": 347.1707781553045, "HITS@1m_new": 0.2987098019303812, "HITS@3m_new": 0.4203714525462456, "HITS@10m_new": 0.5497609200128063}