{"MRRm_new": 0.1009486299627606, "MRm_new": 3824.835189847326, "HITS@1m_new": 0.05945753297931515, "HITS@3m_new": 0.10708561358423904, "HITS@10m_new": 0.18654408624316565}