{"MRRm_new": 0.08920634215882892, "MRm_new": 816.1728090320826, "HITS@1m_new": 0.05142532384886872, "HITS@3m_new": 0.08989226416738239, "HITS@10m_new": 0.1585356084836647}