{"MRRm_new": 0.22089690219854966, "MRm_new": 278.9561288151264, "HITS@1m_new": 0.1400935901160352, "HITS@3m_new": 0.2337559619720094, "HITS@10m_new": 0.3833675238710828}