{"MRRm_new": 0.4431588592310218, "MRm_new": 380.1782696916908, "HITS@1m_new": 0.3827783498115823, "HITS@3m_new": 0.46475770613923667, "HITS@10m_new": 0.5592372719651321}