{"MRRm_new": 0.25013092840953466, "MRm_new": 376.6138600234747, "HITS@1m_new": 0.17414091320503503, "HITS@3m_new": 0.2685803037339822, "HITS@10m_new": 0.40293305995641276}