{"MRRm_new": 0.1944448477109372, "MRm_new": 1596.8960820364655, "HITS@1m_new": 0.12787968818677473, "HITS@3m_new": 0.20603894844537718, "HITS@10m_new": 0.32863438068330286}