{"MRRm_new": 0.1670641558740799, "MRm_new": 841.8983977793083, "HITS@1m_new": 0.10987509119432798, "HITS@3m_new": 0.181074838938599, "HITS@10m_new": 0.27523643380578144}