{"MRRm_new": 0.25690694694581045, "MRm_new": 3697.9916738620104, "HITS@1m_new": 0.17763220518332673, "HITS@3m_new": 0.2778605617519643, "HITS@10m_new": 0.41197920151823203}