{"MRRm_new": 0.0984669268792757, "MRm_new": 734.6854664019824, "HITS@1m_new": 0.05683615673828171, "HITS@3m_new": 0.09913023063442669, "HITS@10m_new": 0.17689166212654672}