{"MRRm_new": 0.10517972243768454, "MRm_new": 4104.758582713675, "HITS@1m_new": 0.0638766045122873, "HITS@3m_new": 0.11126669750241562, "HITS@10m_new": 0.18596608650642446}