{"MRRm_new": 0.2675095303993958, "MRm_new": 2741.8327360510825, "HITS@1m_new": 0.19596930307347793, "HITS@3m_new": 0.28998290062200976, "HITS@10m_new": 0.4060523125053442}