{"MRRm_new": 0.26260203473362165, "MRm_new": 2184.1769138395784, "HITS@1m_new": 0.19162345208856277, "HITS@3m_new": 0.2846405262757908, "HITS@10m_new": 0.39860573194525206}