{"MRRm_new": 0.24747511565142777, "MRm_new": 445.67012382597926, "HITS@1m_new": 0.17212704008489382, "HITS@3m_new": 0.2658182454684516, "HITS@10m_new": 0.39986493087070996}