{"MRRm_new": 0.07351720107573784, "MRm_new": 16692.24875549102, "HITS@1m_new": 0.03870213655964471, "HITS@3m_new": 0.07471338429092429, "HITS@10m_new": 0.1422554241346661}