{"MRRm_new": 0.2810454457510159, "MRm_new": 485.9316579372287, "HITS@1m_new": 0.2225904008927573, "HITS@3m_new": 0.2977630677087145, "HITS@10m_new": 0.3902182144177532}