{"MRRm_new": 0.298056266444903, "MRm_new": 2826.0154455167353, "HITS@1m_new": 0.21792482607834973, "HITS@3m_new": 0.32863475622422994, "HITS@10m_new": 0.46725550762168133}