{"MRRm_new": 0.08228469003813325, "MRm_new": 15421.728832448154, "HITS@1m_new": 0.05100281147332862, "HITS@3m_new": 0.086798328734003, "HITS@10m_new": 0.1432099108733237}