{"MRRm_new": 0.29198460647893626, "MRm_new": 2414.3953208517432, "HITS@1m_new": 0.21334008566313423, "HITS@3m_new": 0.3137404065435985, "HITS@10m_new": 0.45668908893922344}