{"MRRm_new": 0.18538813784405647, "MRm_new": 681.8326301197708, "HITS@1m_new": 0.12041984684712224, "HITS@3m_new": 0.2010077941145173, "HITS@10m_new": 0.316276452322847}