{"MRRm_new": 0.12897034829037238, "MRm_new": 697.3368461604416, "HITS@1m_new": 0.07052138376325456, "HITS@3m_new": 0.13749456603563157, "HITS@10m_new": 0.24543655212990415}