{"MRRm_new": 0.31763661838110513, "MRm_new": 1065.2334814514593, "HITS@1m_new": 0.2664227650991379, "HITS@3m_new": 0.33920237531475866, "HITS@10m_new": 0.41231521711299135}