{"MRRm_new": 0.09759982323884606, "MRm_new": 16367.450051337779, "HITS@1m_new": 0.05528394437814131, "HITS@3m_new": 0.10443562573031523, "HITS@10m_new": 0.18747476066625676}