{"MRRm_new": 0.19507232284715864, "MRm_new": 304.7689094264984, "HITS@1m_new": 0.12450475520304172, "HITS@3m_new": 0.20477025207951666, "HITS@10m_new": 0.3428077799838968}