{"MRRm_new": 0.556174782331761, "MRm_new": 88.77145778666437, "HITS@1m_new": 0.4852542523422162, "HITS@3m_new": 0.5898179705272196, "HITS@10m_new": 0.6868236240914557}