{"MRRm_new": 0.10030553779159963, "MRm_new": 598.6919043302775, "HITS@1m_new": 0.05467586175113683, "HITS@3m_new": 0.10119623632936273, "HITS@10m_new": 0.19053176556701074}