{"MRRm_new": 0.10573439062464604, "MRm_new": 988.9943761297465, "HITS@1m_new": 0.06416324419343146, "HITS@3m_new": 0.10657509911266388, "HITS@10m_new": 0.1820309443472419}