{"MRRm_new": 0.2940691984111081, "MRm_new": 3115.6112358049454, "HITS@1m_new": 0.2281102751062135, "HITS@3m_new": 0.31665492669783996, "HITS@10m_new": 0.4205373998360301}