{"MRRm_new": 0.10958320211843965, "MRm_new": 4060.734194084239, "HITS@1m_new": 0.06692865045112557, "HITS@3m_new": 0.11702103225379251, "HITS@10m_new": 0.1923627876605373}