{"MRRm_new": 0.38384345282275534, "MRm_new": 298.67324939071386, "HITS@1m_new": 0.31617211251445404, "HITS@3m_new": 0.41210944417543943, "HITS@10m_new": 0.5074773920760054}