{"MRRm_new": 0.0894593651112059, "MRm_new": 16145.212981165529, "HITS@1m_new": 0.0501621702114353, "HITS@3m_new": 0.09288295852858573, "HITS@10m_new": 0.17192712075286545}