{"MRRm_new": 0.10916068941192353, "MRm_new": 3822.8343158944367, "HITS@1m_new": 0.06616622022264637, "HITS@3m_new": 0.11302682044617832, "HITS@10m_new": 0.1966280272529926}