{"MRRm_new": 0.0954858009665666, "MRm_new": 697.3591357942581, "HITS@1m_new": 0.05247449945822591, "HITS@3m_new": 0.09718892733671819, "HITS@10m_new": 0.17933959543011152}