{"MRRm_new": 0.5631043372723415, "MRm_new": 175.57666928468646, "HITS@1m_new": 0.48985460097305256, "HITS@3m_new": 0.5997600889413297, "HITS@10m_new": 0.7004707955407503}