{"MRRm_new": 0.12740496102700946, "MRm_new": 740.7010190002173, "HITS@1m_new": 0.06930889159818616, "HITS@3m_new": 0.1362300701910208, "HITS@10m_new": 0.24292210334869743}