{"MRRm_new": 0.08606583205114339, "MRm_new": 16252.530108649731, "HITS@1m_new": 0.04304382808611262, "HITS@3m_new": 0.0940335718166898, "HITS@10m_new": 0.17711757694761035}