{"MRRm_new": 0.6572402801479457, "MRm_new": 226.75272565585374, "HITS@1m_new": 0.5989608256840547, "HITS@3m_new": 0.6865767398116149, "HITS@10m_new": 0.7655234065938057}