{"MRRm_new": 0.29654947573944357, "MRm_new": 2894.591583818406, "HITS@1m_new": 0.2275280328374356, "HITS@3m_new": 0.3185973293092393, "HITS@10m_new": 0.43289317351926004}