{"MRRm_new": 0.6654906616304707, "MRm_new": 200.4167142002955, "HITS@1m_new": 0.6098427720245818, "HITS@3m_new": 0.6949935885123559, "HITS@10m_new": 0.7721005699114976}