{"MRRm_new": 0.09982273183165088, "MRm_new": 648.6691641834259, "HITS@1m_new": 0.05599924189974554, "HITS@3m_new": 0.1017828993897885, "HITS@10m_new": 0.1827302599746792}