{"MRRm_new": 0.15613062436456449, "MRm_new": 3274.815495842874, "HITS@1m_new": 0.10465731965095619, "HITS@3m_new": 0.1638303681081452, "HITS@10m_new": 0.25824807242516545}