{"MRRm_new": 0.10999777832865493, "MRm_new": 3857.3873658602683, "HITS@1m_new": 0.05594836415359168, "HITS@3m_new": 0.11892552871844964, "HITS@10m_new": 0.2246712900021812}