{"MRRm_new": 0.0920226956580591, "MRm_new": 995.6450582005263, "HITS@1m_new": 0.052082312779221686, "HITS@3m_new": 0.09159876876920461, "HITS@10m_new": 0.1666267961353762}