{"MRRm_new": 0.07155965462726453, "MRm_new": 961.478062774825, "HITS@1m_new": 0.03615932951471768, "HITS@3m_new": 0.07047567470020148, "HITS@10m_new": 0.13681463946332223}