{"MRRm_new": 0.20693689945120786, "MRm_new": 3210.6776943270265, "HITS@1m_new": 0.15618295672742533, "HITS@3m_new": 0.22093669671189128, "HITS@10m_new": 0.30962430110738204}