{"MRRm_new": 0.25212996597645904, "MRm_new": 4498.096272522002, "HITS@1m_new": 0.17449614249530715, "HITS@3m_new": 0.27258413388972985, "HITS@10m_new": 0.4037137807743857}