{"MRRm_new": 0.04645440796267212, "MRm_new": 3623.1902786886244, "HITS@1m_new": 0.021394463573786198, "HITS@3m_new": 0.04420892926525266, "HITS@10m_new": 0.0963814201841742}