{"MRRm_new": 0.10917284607573965, "MRm_new": 922.6442585788011, "HITS@1m_new": 0.0643981988683343, "HITS@3m_new": 0.11493863747568102, "HITS@10m_new": 0.19087103357734742}