{"MRRm_new": 0.19204183242922546, "MRm_new": 1688.258633163184, "HITS@1m_new": 0.12571860430989182, "HITS@3m_new": 0.20361410250223708, "HITS@10m_new": 0.3246661221360555}