{"MRRm_new": 0.10060657427314727, "MRm_new": 3828.73179311738, "HITS@1m_new": 0.0592177099020686, "HITS@3m_new": 0.10621261732140556, "HITS@10m_new": 0.18561340582440608}