{"MRRm_new": 0.3287431751666045, "MRm_new": 664.4052002358809, "HITS@1m_new": 0.267796717425088, "HITS@3m_new": 0.34952808784682565, "HITS@10m_new": 0.44634360019535596}