{"MRRm_new": 0.15685594156902424, "MRm_new": 3560.2072798402605, "HITS@1m_new": 0.10504169997261488, "HITS@3m_new": 0.160935162067879, "HITS@10m_new": 0.26102599250586356}