{"MRRm_new": 0.3538456759612618, "MRm_new": 509.8587697834745, "HITS@1m_new": 0.2889674722990894, "HITS@3m_new": 0.3794459566378864, "HITS@10m_new": 0.4777344995967251}