{"MRRm_new": 0.31308612162958477, "MRm_new": 2191.4562120093105, "HITS@1m_new": 0.23373394967027708, "HITS@3m_new": 0.3404237358068931, "HITS@10m_new": 0.4705225072260946}