{"MRRm_new": 0.5423400366311871, "MRm_new": 207.00700845638661, "HITS@1m_new": 0.46573197474222977, "HITS@3m_new": 0.5772771363891225, "HITS@10m_new": 0.6868110601551889}