{"MRRm_new": 0.25165556499006836, "MRm_new": 3628.142892514348, "HITS@1m_new": 0.17382580598899222, "HITS@3m_new": 0.27438570888181857, "HITS@10m_new": 0.4042474866090051}