{"MRRm_new": 0.5847241522049408, "MRm_new": 268.34193177954853, "HITS@1m_new": 0.5230355410067823, "HITS@3m_new": 0.6149506328826392, "HITS@10m_new": 0.7013655462734241}