{"MRRm_new": 0.4197036087464248, "MRm_new": 530.3338697120622, "HITS@1m_new": 0.36092200654831325, "HITS@3m_new": 0.4409962962464197, "HITS@10m_new": 0.5320660742389809}