{"MRRm_new": 0.24761295516541285, "MRm_new": 438.81947584884165, "HITS@1m_new": 0.17238722282171948, "HITS@3m_new": 0.265635423640674, "HITS@10m_new": 0.3991374966295436}