{"MRRm_new": 0.0909133536560621, "MRm_new": 530.4007215209007, "HITS@1m_new": 0.042081472377630415, "HITS@3m_new": 0.09579553797135595, "HITS@10m_new": 0.18295743173654191}