{"MRRm_new": 0.4188196934263065, "MRm_new": 941.9502195024193, "HITS@1m_new": 0.2853071699074935, "HITS@3m_new": 0.4931007795385085, "HITS@10m_new": 0.683328086815076}