{"MRRm_new": 0.09058108640108321, "MRm_new": 16117.98759776485, "HITS@1m_new": 0.051290594448917544, "HITS@3m_new": 0.09427783096535132, "HITS@10m_new": 0.17319820109638384}