{"MRRm_new": 0.25717984410936195, "MRm_new": 4731.201799992591, "HITS@1m_new": 0.17729459167258757, "HITS@3m_new": 0.28078461261755727, "HITS@10m_new": 0.4194746310451883}