{"MRRm_new": 0.20006636466514027, "MRm_new": 418.10097033233643, "HITS@1m_new": 0.13442324705570935, "HITS@3m_new": 0.21141835474758408, "HITS@10m_new": 0.3314882747772499}