{"MRRm_new": 0.09184840675476007, "MRm_new": 761.0919223963738, "HITS@1m_new": 0.050739828115230194, "HITS@3m_new": 0.09201700163620989, "HITS@10m_new": 0.17002197944779182}