{"MRRm_new": 0.18871859493553983, "MRm_new": 568.650739576973, "HITS@1m_new": 0.12291707419576778, "HITS@3m_new": 0.2005497510472451, "HITS@10m_new": 0.3210847609461125}