{"MRRm_new": 0.10065876732711768, "MRm_new": 594.1699410948753, "HITS@1m_new": 0.055116143767291216, "HITS@3m_new": 0.10168630939007271, "HITS@10m_new": 0.19058775104606757}