{"MRRm_new": 0.1189341252411934, "MRm_new": 446.2683698340416, "HITS@1m_new": 0.06532604017453268, "HITS@3m_new": 0.12399862148590036, "HITS@10m_new": 0.22587895067154895}