{"MRRm_new": 0.19213201291282603, "MRm_new": 313.77627208640575, "HITS@1m_new": 0.12302609316770104, "HITS@3m_new": 0.20217945956132607, "HITS@10m_new": 0.334972011967859}