{"MRRm_new": 0.2898852688975953, "MRm_new": 2591.0829707578123, "HITS@1m_new": 0.21178623106633312, "HITS@3m_new": 0.3116355913822772, "HITS@10m_new": 0.45189514524210245}