{"MRRm_new": 0.1766487987376866, "MRm_new": 813.0302055444956, "HITS@1m_new": 0.1201694662097143, "HITS@3m_new": 0.1841094980011345, "HITS@10m_new": 0.2900922934339731}