{"MRRm_new": 0.31969492857465864, "MRm_new": 1003.6771688740403, "HITS@1m_new": 0.27069290073401864, "HITS@3m_new": 0.3359087797230968, "HITS@10m_new": 0.410370502503647}