{"MRRm_new": 0.182153608232869, "MRm_new": 354.9182205655098, "HITS@1m_new": 0.10736548788872315, "HITS@3m_new": 0.1966735734091606, "HITS@10m_new": 0.33287766979290173}