{"MRRm_new": 0.18385704464239533, "MRm_new": 182.3815906048298, "HITS@1m_new": 0.11226420278474689, "HITS@3m_new": 0.19346280322866513, "HITS@10m_new": 0.32391091650882736}