{"MRRm_new": 0.21870220477297697, "MRm_new": 468.8554437698126, "HITS@1m_new": 0.14233827391219092, "HITS@3m_new": 0.2360671749929432, "HITS@10m_new": 0.37242957198355}