{"MRRm_new": 0.17607624524975546, "MRm_new": 426.3744915851593, "HITS@1m_new": 0.11045517196073197, "HITS@3m_new": 0.18309437603149564, "HITS@10m_new": 0.3083880672954896}