{"MRRm_new": 0.18095328556377263, "MRm_new": 768.562778547883, "HITS@1m_new": 0.11816785169511422, "HITS@3m_new": 0.19710415466322956, "HITS@10m_new": 0.30857326582270617}