{"MRRm_new": 0.3346661289925478, "MRm_new": 620.530393379666, "HITS@1m_new": 0.27250817835251656, "HITS@3m_new": 0.3557975227466523, "HITS@10m_new": 0.45417931873577255}