{"MRRm_new": 0.300353212119946, "MRm_new": 172.6464917318821, "HITS@1m_new": 0.20906580664506183, "HITS@3m_new": 0.3308818823872134, "HITS@10m_new": 0.48395994270611553}