{"MRRm_new": 0.4407928749881994, "MRm_new": 106.600808220312, "HITS@1m_new": 0.3337304361328424, "HITS@3m_new": 0.4944763565395842, "HITS@10m_new": 0.6487585448167811}