{"MRRm_new": 0.3117416971265466, "MRm_new": 764.3637019284294, "HITS@1m_new": 0.25354701752185427, "HITS@3m_new": 0.33287031372039927, "HITS@10m_new": 0.42134262170704095}