{"MRRm_new": 0.12808819120255976, "MRm_new": 5169.725194369495, "HITS@1m_new": 0.08388549737713766, "HITS@3m_new": 0.13151828019329695, "HITS@10m_new": 0.21224391015054425}