{"MRRm_new": 0.08826333391115332, "MRm_new": 846.2595973893881, "HITS@1m_new": 0.05224976502009668, "HITS@3m_new": 0.08719747138263192, "HITS@10m_new": 0.15707573067096528}