{"MRRm_new": 0.10713551740716357, "MRm_new": 601.3208661843777, "HITS@1m_new": 0.06282831067207735, "HITS@3m_new": 0.11032995689099188, "HITS@10m_new": 0.1884665307059069}