{"MRRm_new": 0.10464101175365649, "MRm_new": 560.088708041644, "HITS@1m_new": 0.060141533141816035, "HITS@3m_new": 0.10479330538399517, "HITS@10m_new": 0.19075977958752774}