{"MRRm_new": 0.19622307295924984, "MRm_new": 294.5006981785774, "HITS@1m_new": 0.1281217408811499, "HITS@3m_new": 0.2042310944615514, "HITS@10m_new": 0.3389829631169967}