{"MRRm_new": 0.36293253142669707, "MRm_new": 456.7378306763619, "HITS@1m_new": 0.2825313752934817, "HITS@3m_new": 0.3943832049711928, "HITS@10m_new": 0.5179402434583608}