{"MRRm_new": 0.64055954817167, "MRm_new": 204.21450489581377, "HITS@1m_new": 0.5846054221016675, "HITS@3m_new": 0.6679161928912799, "HITS@10m_new": 0.7477380635814261}