{"MRRm_new": 0.1060616574230895, "MRm_new": 604.9080946359396, "HITS@1m_new": 0.06254168516544159, "HITS@3m_new": 0.10979712956828298, "HITS@10m_new": 0.185079369957617}