{"MRRm_new": 0.2830344745258417, "MRm_new": 2709.278371963531, "HITS@1m_new": 0.21624599377199774, "HITS@3m_new": 0.3035325901075848, "HITS@10m_new": 0.41366753350693036}