{"MRRm_new": 0.4557334547557066, "MRm_new": 808.2953781343698, "HITS@1m_new": 0.3391010188560467, "HITS@3m_new": 0.5235176460943185, "HITS@10m_new": 0.6743269270779565}