{"MRRm_new": 0.18908893514961675, "MRm_new": 475.69292674770355, "HITS@1m_new": 0.1146556786551373, "HITS@3m_new": 0.20257374148385135, "HITS@10m_new": 0.34405280339946037}