{"MRRm_new": 0.08944378449532378, "MRm_new": 583.0662742579221, "HITS@1m_new": 0.04368581877526594, "HITS@3m_new": 0.09176078798521775, "HITS@10m_new": 0.1721392020332627}