{"MRRm_new": 0.10488024637729977, "MRm_new": 455.4783295217514, "HITS@1m_new": 0.05291477051554248, "HITS@3m_new": 0.1073546883676201, "HITS@10m_new": 0.20692132976027205}