{"MRRm_new": 0.5921520268340573, "MRm_new": 217.76579656229913, "HITS@1m_new": 0.523153933273381, "HITS@3m_new": 0.6243315694256962, "HITS@10m_new": 0.7259560824655927}