{"MRRm_new": 0.16580884469255544, "MRm_new": 423.6497866328001, "HITS@1m_new": 0.0938136460858048, "HITS@3m_new": 0.18001963159679435, "HITS@10m_new": 0.306598614731757}