{"MRRm_new": 0.18251214454529235, "MRm_new": 612.599258361131, "HITS@1m_new": 0.11918618627206524, "HITS@3m_new": 0.19600611526559442, "HITS@10m_new": 0.3107461757338824}