{"MRRm_new": 0.3441171750025969, "MRm_new": 385.54200553171336, "HITS@1m_new": 0.2503865048679072, "HITS@3m_new": 0.38044690622361665, "HITS@10m_new": 0.528313209878368}