{"MRRm_new": 0.2960469124992696, "MRm_new": 2747.9144002625344, "HITS@1m_new": 0.21842024243390187, "HITS@3m_new": 0.3196075827294262, "HITS@10m_new": 0.45586758432991337}