{"MRRm_new": 0.10117386875938336, "MRm_new": 17308.11420747787, "HITS@1m_new": 0.05281442074693041, "HITS@3m_new": 0.11418528935016366, "HITS@10m_new": 0.1994591570268967}