{"MRRm_new": 0.29321450590033327, "MRm_new": 1791.8006440181732, "HITS@1m_new": 0.21490191839903128, "HITS@3m_new": 0.3178383028245298, "HITS@10m_new": 0.4492244706612546}