{"MRRm_new": 0.13859790111653, "MRm_new": 3998.3357538826763, "HITS@1m_new": 0.0892081799292937, "HITS@3m_new": 0.144942633979168, "HITS@10m_new": 0.23333952853028314}