{"MRRm_new": 0.08404937060726343, "MRm_new": 16583.32680380559, "HITS@1m_new": 0.04162847232038621, "HITS@3m_new": 0.09107285480148858, "HITS@10m_new": 0.1732610473059467}