{"MRRm_new": 0.16920610532883437, "MRm_new": 575.0756813800335, "HITS@1m_new": 0.10477809979426675, "HITS@3m_new": 0.180797912999033, "HITS@10m_new": 0.3031573494982906}