{"MRRm_new": 0.19005296614520556, "MRm_new": 572.4556781742498, "HITS@1m_new": 0.12185771380367078, "HITS@3m_new": 0.2068385674428573, "HITS@10m_new": 0.3242157111488705}