{"MRRm_new": 0.1822104798043865, "MRm_new": 715.583134547919, "HITS@1m_new": 0.12292657251108176, "HITS@3m_new": 0.1957099450023925, "HITS@10m_new": 0.2947334537230345}