{"MRRm_new": 0.12341109789036273, "MRm_new": 3795.133261642027, "HITS@1m_new": 0.07889012415921315, "HITS@3m_new": 0.13127920379950664, "HITS@10m_new": 0.2150945003020577}