{"MRRm_new": 0.193119169125398, "MRm_new": 526.4327942468301, "HITS@1m_new": 0.12377918036933261, "HITS@3m_new": 0.2058466723522033, "HITS@10m_new": 0.33333534344544025}