{"MRRm_new": 0.24118944276167487, "MRm_new": 4165.443330261796, "HITS@1m_new": 0.17893975495948689, "HITS@3m_new": 0.26410647857707226, "HITS@10m_new": 0.35703485715101124}