{"MRRm_new": 0.1404994427090096, "MRm_new": 2728.7743792559804, "HITS@1m_new": 0.0907226341496571, "HITS@3m_new": 0.14404571902833413, "HITS@10m_new": 0.22990490804420552}