{"MRRm_new": 0.0905241401940657, "MRm_new": 557.599565549159, "HITS@1m_new": 0.042192822386906484, "HITS@3m_new": 0.09404794287162367, "HITS@10m_new": 0.1803541670699138}