{"MRRm_new": 0.19477187358091852, "MRm_new": 555.3234123525098, "HITS@1m_new": 0.1238441801779336, "HITS@3m_new": 0.21302384931749838, "HITS@10m_new": 0.3367259054437309}