{"MRRm_new": 0.1550030912831673, "MRm_new": 669.6301694504976, "HITS@1m_new": 0.08751319670359371, "HITS@3m_new": 0.16700185550586322, "HITS@10m_new": 0.28693020236729644}