{"MRRm_new": 0.1757233413351405, "MRm_new": 487.3025690774992, "HITS@1m_new": 0.10938992643691381, "HITS@3m_new": 0.19016469527095614, "HITS@10m_new": 0.30876661069287364}