{"MRRm_new": 0.2209458374277674, "MRm_new": 358.60493311243056, "HITS@1m_new": 0.14264513587162364, "HITS@3m_new": 0.24220390614464413, "HITS@10m_new": 0.37528963153987427}