{"MRRm_new": 0.3465119028076888, "MRm_new": 403.7098204331994, "HITS@1m_new": 0.2500186587018543, "HITS@3m_new": 0.383910970710167, "HITS@10m_new": 0.537006551911094}