{"MRRm_new": 0.10812418205654103, "MRm_new": 869.4446674758196, "HITS@1m_new": 0.06478372169663198, "HITS@3m_new": 0.11063691318942001, "HITS@10m_new": 0.1883304747023154}