{"MRRm_new": 0.23114950836485515, "MRm_new": 265.252831320405, "HITS@1m_new": 0.1431749331937812, "HITS@3m_new": 0.24436137369942734, "HITS@10m_new": 0.425775996322697}