{"MRRm_new": 0.2788766373183221, "MRm_new": 855.0094493309557, "HITS@1m_new": 0.1818056091107428, "HITS@3m_new": 0.3137873630269896, "HITS@10m_new": 0.4747221595495939}