{"MRRm_new": 0.10308598144152784, "MRm_new": 713.0280167776584, "HITS@1m_new": 0.05620008002377581, "HITS@3m_new": 0.10667834075721912, "HITS@10m_new": 0.19267299780524336}