{"MRRm_new": 0.22437178409249464, "MRm_new": 250.7762016908884, "HITS@1m_new": 0.1419555331315496, "HITS@3m_new": 0.23934741635629908, "HITS@10m_new": 0.3879039244942833}