{"MRRm_new": 0.1974444112554833, "MRm_new": 300.16740814495085, "HITS@1m_new": 0.11670505740930094, "HITS@3m_new": 0.21660671472061657, "HITS@10m_new": 0.35821579757058064}