{"MRRm_new": 0.2172424985178208, "MRm_new": 381.1695968214989, "HITS@1m_new": 0.13859476696553175, "HITS@3m_new": 0.23916727659932804, "HITS@10m_new": 0.3722123318946455}