{"MRRm_new": 0.4121331825910311, "MRm_new": 108.4045626300335, "HITS@1m_new": 0.3062479962553829, "HITS@3m_new": 0.4570462836677209, "HITS@10m_new": 0.628584334506467}