{"MRRm_new": 0.23945301224181895, "MRm_new": 222.99689332859515, "HITS@1m_new": 0.154277197473892, "HITS@3m_new": 0.2566865035623312, "HITS@10m_new": 0.41393235858036204}