{"MRRm_new": 0.10087520202242467, "MRm_new": 16177.609134923756, "HITS@1m_new": 0.05746650670771487, "HITS@3m_new": 0.1083190024907235, "HITS@10m_new": 0.1919175945937168}