{"MRRm_new": 0.2721169671469443, "MRm_new": 323.06690145860614, "HITS@1m_new": 0.1938932403288127, "HITS@3m_new": 0.30004773398386897, "HITS@10m_new": 0.42173499415413246}