{"MRRm_new": 0.19059273859931092, "MRm_new": 545.751094847463, "HITS@1m_new": 0.1243724799962838, "HITS@3m_new": 0.20183666909910972, "HITS@10m_new": 0.32544749221976965}