{"MRRm_new": 0.10750607466440561, "MRm_new": 598.4792009987831, "HITS@1m_new": 0.06313409916516394, "HITS@3m_new": 0.110595554026647, "HITS@10m_new": 0.18819097475287272}