{"MRRm_new": 0.09903422241609369, "MRm_new": 729.9369954484939, "HITS@1m_new": 0.05730689084044425, "HITS@3m_new": 0.10197631774775218, "HITS@10m_new": 0.17827877198768546}