{"MRRm_new": 0.19805314436161733, "MRm_new": 3162.7639707260428, "HITS@1m_new": 0.14604161979004857, "HITS@3m_new": 0.21275549624007908, "HITS@10m_new": 0.3018372279709001}