{"MRRm_new": 0.29351537398436356, "MRm_new": 893.0449996787905, "HITS@1m_new": 0.22787317893086584, "HITS@3m_new": 0.31605254634524316, "HITS@10m_new": 0.4217391599110124}