{"MRRm_new": 0.29276642605820236, "MRm_new": 682.6820768804178, "HITS@1m_new": 0.2370186145333937, "HITS@3m_new": 0.3110775853840605, "HITS@10m_new": 0.3957099064468348}