{"MRRm_new": 0.2360773667119327, "MRm_new": 498.15501428825854, "HITS@1m_new": 0.1631053954477189, "HITS@3m_new": 0.250364283358492, "HITS@10m_new": 0.38581377776665615}