{"MRRm_new": 0.08903354320461077, "MRm_new": 792.5162937888146, "HITS@1m_new": 0.047640346851490906, "HITS@3m_new": 0.08959944007247686, "HITS@10m_new": 0.16799939699153182}