{"MRRm_new": 0.4123687295245818, "MRm_new": 261.33485733347385, "HITS@1m_new": 0.3458253955596738, "HITS@3m_new": 0.4402359752440534, "HITS@10m_new": 0.5342821883065626}