{"MRRm_new": 0.18297238183109585, "MRm_new": 536.457689758277, "HITS@1m_new": 0.12116844968943624, "HITS@3m_new": 0.190670001243148, "HITS@10m_new": 0.3066571243676357}