{"MRRm_new": 0.22290840690047772, "MRm_new": 279.2394269101143, "HITS@1m_new": 0.13985286105020203, "HITS@3m_new": 0.23639548050002196, "HITS@10m_new": 0.3876848455730826}