{"MRRm_new": 0.1846872032346455, "MRm_new": 2841.0740405228435, "HITS@1m_new": 0.12418017319857609, "HITS@3m_new": 0.19581579083952239, "HITS@10m_new": 0.3009703156237665}