{"MRRm_new": 0.08890623477250047, "MRm_new": 821.4157938512802, "HITS@1m_new": 0.052677840696834025, "HITS@3m_new": 0.08771397538536693, "HITS@10m_new": 0.15815022375185508}