{"MRRm_new": 0.1936389529231252, "MRm_new": 428.46311352441313, "HITS@1m_new": 0.1290047729194397, "HITS@3m_new": 0.2071267058929894, "HITS@10m_new": 0.3194968496416695}