{"MRRm_new": 0.29411725758225976, "MRm_new": 2208.988079450071, "HITS@1m_new": 0.21756725997349713, "HITS@3m_new": 0.31873811907728666, "HITS@10m_new": 0.4513506223587319}