{"MRRm_new": 0.22876244738550594, "MRm_new": 470.3441387484789, "HITS@1m_new": 0.15413091548766242, "HITS@3m_new": 0.24458776900405063, "HITS@10m_new": 0.38296692130453885}