{"MRRm_new": 0.07606425754678349, "MRm_new": 766.2203630061865, "HITS@1m_new": 0.03271163989958004, "HITS@3m_new": 0.07902551849933807, "HITS@10m_new": 0.1553244384586811}