{"MRRm_new": 0.7457299948694927, "MRm_new": 60.3641227510795, "HITS@1m_new": 0.6808963502077677, "HITS@3m_new": 0.7849793073083274, "HITS@10m_new": 0.862527812074637}