{"MRRm_new": 0.10011049351601832, "MRm_new": 659.6932747524023, "HITS@1m_new": 0.05525020041163661, "HITS@3m_new": 0.09991146113784052, "HITS@10m_new": 0.18753604784450725}