{"MRRm_new": 0.12433416809952323, "MRm_new": 551.1507656089068, "HITS@1m_new": 0.07553026496081147, "HITS@3m_new": 0.13033603490295353, "HITS@10m_new": 0.21543400671961718}