{"MRRm_new": 0.30372857103360273, "MRm_new": 884.2547268778235, "HITS@1m_new": 0.21556022222062893, "HITS@3m_new": 0.33595280038423514, "HITS@10m_new": 0.48024510467937215}