{"MRRm_new": 0.1782581204083126, "MRm_new": 826.5524592738599, "HITS@1m_new": 0.11608447219699519, "HITS@3m_new": 0.19170272643702993, "HITS@10m_new": 0.30125968308950907}