{"MRRm_new": 0.07335531932926143, "MRm_new": 16674.94561051783, "HITS@1m_new": 0.03832083694566973, "HITS@3m_new": 0.0743442235335242, "HITS@10m_new": 0.1435626424148213}