{"MRRm_new": 0.13794825678697953, "MRm_new": 3596.279513428122, "HITS@1m_new": 0.08862682117617805, "HITS@3m_new": 0.14514211977845115, "HITS@10m_new": 0.2322412963856623}