{"MRRm_new": 0.09923070589904383, "MRm_new": 3551.1267307359217, "HITS@1m_new": 0.05837065085009672, "HITS@3m_new": 0.10432910379336681, "HITS@10m_new": 0.18194618773367255}