{"MRRm_new": 0.08563493828925565, "MRm_new": 546.8833219110966, "HITS@1m_new": 0.038905058131285475, "HITS@3m_new": 0.08990971247102134, "HITS@10m_new": 0.17333200945444405}