{"MRRm_new": 0.1416670688589129, "MRm_new": 2592.5131037243304, "HITS@1m_new": 0.09204745462385472, "HITS@3m_new": 0.1465574012141151, "HITS@10m_new": 0.23236319073184858}