{"MRRm_new": 0.1000594279725643, "MRm_new": 631.5065598236561, "HITS@1m_new": 0.05451432712372043, "HITS@3m_new": 0.1001765311381314, "HITS@10m_new": 0.19040009597527097}