{"MRRm_new": 0.19676640229951772, "MRm_new": 2437.3179059549866, "HITS@1m_new": 0.13349699080578284, "HITS@3m_new": 0.20952200863722828, "HITS@10m_new": 0.3181503003898251}