{"MRRm_new": 0.25753983269873604, "MRm_new": 3385.4160934489964, "HITS@1m_new": 0.1933745121746033, "HITS@3m_new": 0.2750659503987408, "HITS@10m_new": 0.3800929221798433}