{"MRRm_new": 0.1810187653671419, "MRm_new": 753.4278147588, "HITS@1m_new": 0.12192280047299574, "HITS@3m_new": 0.19463226027476777, "HITS@10m_new": 0.2958135820752359}