{"MRRm_new": 0.1868319322944044, "MRm_new": 557.8308610674665, "HITS@1m_new": 0.12205311284921481, "HITS@3m_new": 0.1993679812441078, "HITS@10m_new": 0.31982106694889806}