{"MRRm_new": 0.18830598415117492, "MRm_new": 522.5456593127922, "HITS@1m_new": 0.12289019134175032, "HITS@3m_new": 0.20118397043614458, "HITS@10m_new": 0.3207868485291765}