{"MRRm_new": 0.6864493554720111, "MRm_new": 166.48167407215388, "HITS@1m_new": 0.6258793093651766, "HITS@3m_new": 0.7196800399079221, "HITS@10m_new": 0.7987540548934193}