{"MRRm_new": 0.09742100317233998, "MRm_new": 757.861890257883, "HITS@1m_new": 0.05395924203530303, "HITS@3m_new": 0.09767395140812732, "HITS@10m_new": 0.18042410064877476}