{"MRRm_new": 0.6664213980190589, "MRm_new": 180.3574665631652, "HITS@1m_new": 0.6141447611051444, "HITS@3m_new": 0.692161487000696, "HITS@10m_new": 0.7633789041477794}