{"MRRm_new": 0.33265861683387904, "MRm_new": 550.795453700073, "HITS@1m_new": 0.2690592171235658, "HITS@3m_new": 0.35647693305078426, "HITS@10m_new": 0.4507313093646881}