{"MRRm_new": 0.16605896235787349, "MRm_new": 2988.7125405417682, "HITS@1m_new": 0.10872740204498405, "HITS@3m_new": 0.17218579414876875, "HITS@10m_new": 0.27756095615774395}