{"MRRm_new": 0.2402473654232017, "MRm_new": 208.63998895740508, "HITS@1m_new": 0.1539269770685816, "HITS@3m_new": 0.25761393616367134, "HITS@10m_new": 0.4186400450875983}