{"MRRm_new": 0.28662613967315975, "MRm_new": 3273.463445863426, "HITS@1m_new": 0.21138143740943632, "HITS@3m_new": 0.31025681233045177, "HITS@10m_new": 0.43942053138604387}