{"MRRm_new": 0.24325664124122615, "MRm_new": 5500.307812687576, "HITS@1m_new": 0.168153355289076, "HITS@3m_new": 0.26284150022815445, "HITS@10m_new": 0.39190204154257663}