{"MRRm_new": 0.0815131808406295, "MRm_new": 15337.083087939232, "HITS@1m_new": 0.0509490868372377, "HITS@3m_new": 0.0857249003504403, "HITS@10m_new": 0.14057725098216906}