{"MRRm_new": 0.08694534913945244, "MRm_new": 665.5600764904499, "HITS@1m_new": 0.045383560515061254, "HITS@3m_new": 0.08570607522927458, "HITS@10m_new": 0.16538051150734537}