{"MRRm_new": 0.19176374926965217, "MRm_new": 507.15447018609046, "HITS@1m_new": 0.12886866229549052, "HITS@3m_new": 0.20433633163127815, "HITS@10m_new": 0.31984245175283865}