{"MRRm_new": 0.09506643236920936, "MRm_new": 687.9369325060844, "HITS@1m_new": 0.05045127742399927, "HITS@3m_new": 0.09671201636230108, "HITS@10m_new": 0.18018416809259216}