{"MRRm_new": 0.6521843098273931, "MRm_new": 202.40208992610127, "HITS@1m_new": 0.596032167149373, "HITS@3m_new": 0.6808751244781888, "HITS@10m_new": 0.7596480581242576}