{"MRRm_new": 0.30266828729407824, "MRm_new": 509.92269453228266, "HITS@1m_new": 0.24467049371907343, "HITS@3m_new": 0.3215632768696232, "HITS@10m_new": 0.41329420985582693}