{"MRRm_new": 0.10711938120743725, "MRm_new": 4156.40095031302, "HITS@1m_new": 0.06560946484724992, "HITS@3m_new": 0.1137000075083226, "HITS@10m_new": 0.1892695011347998}