{"MRRm_new": 0.10589592991685495, "MRm_new": 551.0424588088274, "HITS@1m_new": 0.06073784221257083, "HITS@3m_new": 0.10735224272869527, "HITS@10m_new": 0.1922586862991564}