{"MRRm_new": 0.3248169185797469, "MRm_new": 544.8698004326299, "HITS@1m_new": 0.2634797221896697, "HITS@3m_new": 0.3474601456962555, "HITS@10m_new": 0.4378525026675343}