{"MRRm_new": 0.07079676489564372, "MRm_new": 16890.58548531899, "HITS@1m_new": 0.03698283627512865, "HITS@3m_new": 0.07047448622086086, "HITS@10m_new": 0.1397587516049389}