{"MRRm_new": 0.24704610587473416, "MRm_new": 410.5345037845671, "HITS@1m_new": 0.1729391654270803, "HITS@3m_new": 0.2701515607269539, "HITS@10m_new": 0.390418926047103}