{"MRRm_new": 0.10167323578887008, "MRm_new": 620.6928373250246, "HITS@1m_new": 0.06005704630915425, "HITS@3m_new": 0.10297214007565635, "HITS@10m_new": 0.17891407953264424}