{"MRRm_new": 0.29850442524581833, "MRm_new": 2333.4996431745885, "HITS@1m_new": 0.21960651890281588, "HITS@3m_new": 0.3237448005139595, "HITS@10m_new": 0.46133331180282405}