{"MRRm_new": 0.5318374690585616, "MRm_new": 230.24889144727587, "HITS@1m_new": 0.4582854576584687, "HITS@3m_new": 0.5664072712187918, "HITS@10m_new": 0.6706511624929699}