{"MRRm_new": 0.07239468042020235, "MRm_new": 16552.70791040948, "HITS@1m_new": 0.03482193143863697, "HITS@3m_new": 0.07436211232386995, "HITS@10m_new": 0.1514269423984224}