{"MRRm_new": 0.11106057016445266, "MRm_new": 812.6871448889732, "HITS@1m_new": 0.06722521080649457, "HITS@3m_new": 0.11292932328658645, "HITS@10m_new": 0.19329100660160184}