{"MRRm_new": 0.19597189425186662, "MRm_new": 476.73889134500024, "HITS@1m_new": 0.13310017166591714, "HITS@3m_new": 0.20415886544777312, "HITS@10m_new": 0.3269057818360394}