{"MRRm_new": 0.18175023047916475, "MRm_new": 532.4578631874084, "HITS@1m_new": 0.11006158238096396, "HITS@3m_new": 0.19810082655731823, "HITS@10m_new": 0.32595117031494153}