{"MRRm_new": 0.09469059036616964, "MRm_new": 722.0526326825857, "HITS@1m_new": 0.050800871732330416, "HITS@3m_new": 0.09708707260864322, "HITS@10m_new": 0.1783597814095672}