{"MRRm_new": 0.23375375964125997, "MRm_new": 269.6095332048416, "HITS@1m_new": 0.14989455650674643, "HITS@3m_new": 0.2517944773044437, "HITS@10m_new": 0.4063030912069138}