{"MRRm_new": 0.5464902747579117, "MRm_new": 341.1322337332666, "HITS@1m_new": 0.4854728797814023, "HITS@3m_new": 0.5762089444591983, "HITS@10m_new": 0.6606964315560181}