{"MRRm_new": 0.7358674853045987, "MRm_new": 70.44634234896303, "HITS@1m_new": 0.6754883043151931, "HITS@3m_new": 0.773069385298877, "HITS@10m_new": 0.8447797235432081}