{"MRRm_new": 0.2891193777208359, "MRm_new": 2745.691593913525, "HITS@1m_new": 0.2197904616187152, "HITS@3m_new": 0.3094557626905153, "HITS@10m_new": 0.42402063331624956}