{"MRRm_new": 0.1518169450234127, "MRm_new": 4429.402527913421, "HITS@1m_new": 0.10228765989102248, "HITS@3m_new": 0.15900703804483055, "HITS@10m_new": 0.24755183223671337}