{"MRRm_new": 0.24520483143948876, "MRm_new": 4046.8089787564577, "HITS@1m_new": 0.16901389892649604, "HITS@3m_new": 0.2641540893244673, "HITS@10m_new": 0.3969960740345996}