{"MRRm_new": 0.13626417197740148, "MRm_new": 3759.8336394402386, "HITS@1m_new": 0.08725918689413811, "HITS@3m_new": 0.1413297680753167, "HITS@10m_new": 0.231299820269458}