{"MRRm_new": 0.5234154659478608, "MRm_new": 169.584898663342, "HITS@1m_new": 0.4103780823923335, "HITS@3m_new": 0.5861889693392477, "HITS@10m_new": 0.7449194652618754}