{"MRRm_new": 0.49823838758625427, "MRm_new": 273.4030164775178, "HITS@1m_new": 0.43396855004921964, "HITS@3m_new": 0.5255761386067533, "HITS@10m_new": 0.6169918271539864}