{"MRRm_new": 0.3064213660665682, "MRm_new": 2164.545910776019, "HITS@1m_new": 0.22487014627741883, "HITS@3m_new": 0.3340667273743311, "HITS@10m_new": 0.47504038540093463}