{"MRRm_new": 0.2879648208088456, "MRm_new": 2414.0140917236804, "HITS@1m_new": 0.21969975302310193, "HITS@3m_new": 0.30806868684262734, "HITS@10m_new": 0.42120680052257375}