{"MRRm_new": 0.17935596858796543, "MRm_new": 492.5854545634314, "HITS@1m_new": 0.11264986206422327, "HITS@3m_new": 0.19195609050640997, "HITS@10m_new": 0.315811192083871}