{"MRRm_new": 0.14862378011375812, "MRm_new": 4318.365380734116, "HITS@1m_new": 0.09669978490775975, "HITS@3m_new": 0.15385912295078744, "HITS@10m_new": 0.2520916994184372}