{"MRRm_new": 0.19343207347151764, "MRm_new": 448.59997102258205, "HITS@1m_new": 0.12991173616242596, "HITS@3m_new": 0.20809418150312267, "HITS@10m_new": 0.31586674868955744}