{"MRRm_new": 0.0956443498626555, "MRm_new": 633.0147692424297, "HITS@1m_new": 0.05035915993412491, "HITS@3m_new": 0.09948900954100537, "HITS@10m_new": 0.17555773471490246}