{"MRRm_new": 0.06258298109447605, "MRm_new": 3543.4543655640705, "HITS@1m_new": 0.03523184897037572, "HITS@3m_new": 0.06312309174839902, "HITS@10m_new": 0.11234391263736325}