{"MRRm_new": 0.25342005782129173, "MRm_new": 5434.646139878959, "HITS@1m_new": 0.17548904655290243, "HITS@3m_new": 0.27669037778735217, "HITS@10m_new": 0.41028351926288453}