{"MRRm_new": 0.11804507942687924, "MRm_new": 459.20157888319494, "HITS@1m_new": 0.06418897002221784, "HITS@3m_new": 0.12361775530278683, "HITS@10m_new": 0.22483035008686128}