{"MRRm_new": 0.08981206844163535, "MRm_new": 528.4602519961358, "HITS@1m_new": 0.04132763598576421, "HITS@3m_new": 0.09375420034958515, "HITS@10m_new": 0.18143952818708495}