{"MRRm_new": 0.10713105947596487, "MRm_new": 671.547014558053, "HITS@1m_new": 0.06253327140870969, "HITS@3m_new": 0.1105688494256814, "HITS@10m_new": 0.18720414987844414}