{"MRRm_new": 0.06275125654481144, "MRm_new": 3533.7318157359136, "HITS@1m_new": 0.03547928254833096, "HITS@3m_new": 0.06334676267501345, "HITS@10m_new": 0.11185642426348204}