{"MRRm_new": 0.13682195588701687, "MRm_new": 2747.7495300627647, "HITS@1m_new": 0.08772774570208276, "HITS@3m_new": 0.13959322030952898, "HITS@10m_new": 0.22698619651416083}