{"MRRm_new": 0.1810160878855095, "MRm_new": 362.4062888449788, "HITS@1m_new": 0.11539455175510957, "HITS@3m_new": 0.18776143021238967, "HITS@10m_new": 0.3207369783781469}