{"MRRm_new": 0.08165094831766183, "MRm_new": 888.0185366035938, "HITS@1m_new": 0.04554397124679526, "HITS@3m_new": 0.08342652246839134, "HITS@10m_new": 0.14767678997495678}