{"MRRm_new": 0.18125457459313613, "MRm_new": 2425.1580997047126, "HITS@1m_new": 0.11917894850781886, "HITS@3m_new": 0.18960492541862187, "HITS@10m_new": 0.30136478507844733}