{"MRRm_new": 0.04654372182850966, "MRm_new": 3627.406070933506, "HITS@1m_new": 0.0208142795189342, "HITS@3m_new": 0.0444124645867123, "HITS@10m_new": 0.09799739482942095}