{"MRRm_new": 0.11468921557187568, "MRm_new": 4080.4575231120584, "HITS@1m_new": 0.06981298438422381, "HITS@3m_new": 0.12234033539961092, "HITS@10m_new": 0.20640382005521096}