{"MRRm_new": 0.11563050138955296, "MRm_new": 694.9267416395903, "HITS@1m_new": 0.06892161406119121, "HITS@3m_new": 0.11924654902780894, "HITS@10m_new": 0.20276901989718898}