{"MRRm_new": 0.22165734713844495, "MRm_new": 1624.0886809729338, "HITS@1m_new": 0.14930872289004038, "HITS@3m_new": 0.23940030089160427, "HITS@10m_new": 0.3644628873647598}