{"MRRm_new": 0.19769373042694205, "MRm_new": 367.09538666889665, "HITS@1m_new": 0.12051163192029343, "HITS@3m_new": 0.21942468924195274, "HITS@10m_new": 0.3496529107537121}