{"MRRm_new": 0.08616221671840321, "MRm_new": 622.46392943542, "HITS@1m_new": 0.045307401423645206, "HITS@3m_new": 0.08559684080325533, "HITS@10m_new": 0.16391910523243713}