{"MRRm_new": 0.09941253320280376, "MRm_new": 4171.261751420259, "HITS@1m_new": 0.05491406442476437, "HITS@3m_new": 0.10263036410948262, "HITS@10m_new": 0.19481236630836501}