{"MRRm_new": 0.16178362429702703, "MRm_new": 989.9379686250687, "HITS@1m_new": 0.10326939114065317, "HITS@3m_new": 0.17573000663002314, "HITS@10m_new": 0.2775450643166405}