{"MRRm_new": 0.15429883488807172, "MRm_new": 3928.1813925940096, "HITS@1m_new": 0.10121030694742512, "HITS@3m_new": 0.15952732384944102, "HITS@10m_new": 0.2605793639364711}