{"MRRm_new": 0.4260508389022816, "MRm_new": 316.66969099362194, "HITS@1m_new": 0.33445582058193757, "HITS@3m_new": 0.46939191716059575, "HITS@10m_new": 0.6080581449934689}