{"MRRm_new": 0.08828616494256357, "MRm_new": 16163.800906478942, "HITS@1m_new": 0.048682381844031626, "HITS@3m_new": 0.09270905520301312, "HITS@10m_new": 0.17087103566946463}