{"MRRm_new": 0.16465453298314786, "MRm_new": 3123.27762083596, "HITS@1m_new": 0.10557272178521089, "HITS@3m_new": 0.18156316374176823, "HITS@10m_new": 0.28548596849975}