{"MRRm_new": 0.12340320173383516, "MRm_new": 558.2895241588593, "HITS@1m_new": 0.07441827706678304, "HITS@3m_new": 0.12849811390989926, "HITS@10m_new": 0.21615745545225218}