{"MRRm_new": 0.17379895371519616, "MRm_new": 713.5857688491568, "HITS@1m_new": 0.10999274934723507, "HITS@3m_new": 0.18816263814340345, "HITS@10m_new": 0.30057563934943393}