{"MRRm_new": 0.09963201725529944, "MRm_new": 4001.9534834352253, "HITS@1m_new": 0.05978217944423668, "HITS@3m_new": 0.1076217528807465, "HITS@10m_new": 0.17690828559622168}