{"MRRm_new": 0.10530423357244, "MRm_new": 558.1598586104632, "HITS@1m_new": 0.0610077965722885, "HITS@3m_new": 0.10587364592300728, "HITS@10m_new": 0.1905683771945536}