{"MRRm_new": 0.15224534043790255, "MRm_new": 4177.246245086342, "HITS@1m_new": 0.09959771937703772, "HITS@3m_new": 0.1590274068491417, "HITS@10m_new": 0.2556452005855972}