{"MRRm_new": 0.22447399948375096, "MRm_new": 3316.480193680376, "HITS@1m_new": 0.17956702450702142, "HITS@3m_new": 0.24023422808226677, "HITS@10m_new": 0.3117235238140493}