{"MRRm_new": 0.08346044596278171, "MRm_new": 15471.361429924518, "HITS@1m_new": 0.051420975687215105, "HITS@3m_new": 0.08891729305731133, "HITS@10m_new": 0.14582623063167557}