{"MRRm_new": 0.29237418097518364, "MRm_new": 481.5235584584922, "HITS@1m_new": 0.21525070475920438, "HITS@3m_new": 0.32003062029293505, "HITS@10m_new": 0.44556427641078333}