{"MRRm_new": 0.14010219635075055, "MRm_new": 2403.5927918491066, "HITS@1m_new": 0.08944143435359, "HITS@3m_new": 0.14537528648975423, "HITS@10m_new": 0.23386533598924872}