{"MRRm_new": 0.09589221439617177, "MRm_new": 3656.3528160823735, "HITS@1m_new": 0.053696503117404065, "HITS@3m_new": 0.10381759359124408, "HITS@10m_new": 0.17973124035529325}