{"MRRm_new": 0.27566209531452934, "MRm_new": 264.93512151251736, "HITS@1m_new": 0.19663938020902424, "HITS@3m_new": 0.3022046386835209, "HITS@10m_new": 0.42727250819994517}