{"MRRm_new": 0.6680419880227136, "MRm_new": 200.39838257386535, "HITS@1m_new": 0.6125687571613962, "HITS@3m_new": 0.6974493644103059, "HITS@10m_new": 0.7738393516193246}