{"MRRm_new": 0.17417491827196135, "MRm_new": 750.6888938901425, "HITS@1m_new": 0.11606038255988096, "HITS@3m_new": 0.18832494836376645, "HITS@10m_new": 0.2853470896426297}