{"MRRm_new": 0.33722451387937596, "MRm_new": 585.9025618880614, "HITS@1m_new": 0.2744853942443006, "HITS@3m_new": 0.35816042360527356, "HITS@10m_new": 0.45716669823004125}