{"MRRm_new": 0.1528383405216364, "MRm_new": 3551.513660251826, "HITS@1m_new": 0.10218894024245674, "HITS@3m_new": 0.15814560681427248, "HITS@10m_new": 0.253822786020668}