{"MRRm_new": 0.15165209661098106, "MRm_new": 4018.9555621519685, "HITS@1m_new": 0.09994011296592362, "HITS@3m_new": 0.15785428540229623, "HITS@10m_new": 0.25425410805152204}