{"MRRm_new": 0.29092343198312665, "MRm_new": 1293.6253269464523, "HITS@1m_new": 0.24260870255156988, "HITS@3m_new": 0.3100903109863466, "HITS@10m_new": 0.3802342936988571}