{"MRRm_new": 0.3613762422019836, "MRm_new": 316.0004609438628, "HITS@1m_new": 0.26402361800599466, "HITS@3m_new": 0.39932476297613173, "HITS@10m_new": 0.5532123565131624}