{"MRRm_new": 0.3070978150703427, "MRm_new": 2242.3304446017146, "HITS@1m_new": 0.22461759724916192, "HITS@3m_new": 0.33875017409730934, "HITS@10m_new": 0.4690378391095437}