{"MRRm_new": 0.1121739048168296, "MRm_new": 781.0741443526983, "HITS@1m_new": 0.06731370177441276, "HITS@3m_new": 0.11423179427402792, "HITS@10m_new": 0.19678563290223827}