{"MRRm_new": 0.12944831271858584, "MRm_new": 4255.45736766228, "HITS@1m_new": 0.08610840716469102, "HITS@3m_new": 0.12890370685097877, "HITS@10m_new": 0.215027591734397}