{"MRRm_new": 0.23677161975856414, "MRm_new": 3608.070016155645, "HITS@1m_new": 0.17574570484497962, "HITS@3m_new": 0.2635816491347214, "HITS@10m_new": 0.35757299990504543}