{"MRRm_new": 0.1672780587339066, "MRm_new": 3152.9642616679967, "HITS@1m_new": 0.10890782749222126, "HITS@3m_new": 0.18430464526393917, "HITS@10m_new": 0.2875913887845527}