{"MRRm_new": 0.09934246730038868, "MRm_new": 724.5879517637729, "HITS@1m_new": 0.0577154127400252, "HITS@3m_new": 0.10260879080041778, "HITS@10m_new": 0.17828065994259668}