{"MRRm_new": 0.15643215082232492, "MRm_new": 579.0912598864794, "HITS@1m_new": 0.08621947915448108, "HITS@3m_new": 0.17017031028745697, "HITS@10m_new": 0.2922429066478275}