{"MRRm_new": 0.3925786503958652, "MRm_new": 321.1288754035905, "HITS@1m_new": 0.3058983373835508, "HITS@3m_new": 0.42937512098272057, "HITS@10m_new": 0.5621608257996995}