{"MRRm_new": 0.33060848314363195, "MRm_new": 583.7508281044513, "HITS@1m_new": 0.2686422280851002, "HITS@3m_new": 0.35081292971430955, "HITS@10m_new": 0.4500652756224954}