{"MRRm_new": 0.13924762449233094, "MRm_new": 3598.765874361545, "HITS@1m_new": 0.09449429110380879, "HITS@3m_new": 0.1393234472393524, "HITS@10m_new": 0.22660700029744477}