{"MRRm_new": 0.09904952897537296, "MRm_new": 758.6041350452184, "HITS@1m_new": 0.0578138409231673, "HITS@3m_new": 0.10118099124529399, "HITS@10m_new": 0.1763043377902708}