{"MRRm_new": 0.15012830114946119, "MRm_new": 2753.33976446836, "HITS@1m_new": 0.0893236622709781, "HITS@3m_new": 0.17306115809050387, "HITS@10m_new": 0.27396180105619133}