{"MRRm_new": 0.35566031085278066, "MRm_new": 473.84613865765186, "HITS@1m_new": 0.27508518960754735, "HITS@3m_new": 0.3882861071926054, "HITS@10m_new": 0.5102860875264087}