{"MRRm_new": 0.22079661082027088, "MRm_new": 356.1711801087856, "HITS@1m_new": 0.1287663408665976, "HITS@3m_new": 0.24649440229241737, "HITS@10m_new": 0.41104290321239384}