{"MRRm_new": 0.2636376834373232, "MRm_new": 2914.2861421274247, "HITS@1m_new": 0.1931180605206755, "HITS@3m_new": 0.2848869354955386, "HITS@10m_new": 0.4005384454537125}