{"MRRm_new": 0.37004353519675076, "MRm_new": 315.0416920029372, "HITS@1m_new": 0.2695662557684336, "HITS@3m_new": 0.4106575297614836, "HITS@10m_new": 0.5689076277774875}