{"MRRm_new": 0.3609871620828244, "MRm_new": 442.84130297184737, "HITS@1m_new": 0.2995138177868466, "HITS@3m_new": 0.38277143979354517, "HITS@10m_new": 0.4767167845464137}