{"MRRm_new": 0.09745885378056701, "MRm_new": 3468.944373507857, "HITS@1m_new": 0.05628094545309432, "HITS@3m_new": 0.10173333342270925, "HITS@10m_new": 0.1797444802591577}