{"MRRm_new": 0.1628926654298717, "MRm_new": 441.6918141831636, "HITS@1m_new": 0.09148419808392645, "HITS@3m_new": 0.17645645451722666, "HITS@10m_new": 0.30302369814668784}