{"MRRm_new": 0.11429046567585464, "MRm_new": 472.13229375846385, "HITS@1m_new": 0.06186202332469402, "HITS@3m_new": 0.11919592746066628, "HITS@10m_new": 0.21816116647047457}