{"MRRm_new": 0.1929523277888191, "MRm_new": 385.4793966840267, "HITS@1m_new": 0.11688726020882605, "HITS@3m_new": 0.2133640252410085, "HITS@10m_new": 0.3445870933679864}