{"MRRm_new": 0.16932376305487287, "MRm_new": 2521.885852696478, "HITS@1m_new": 0.10934051277465187, "HITS@3m_new": 0.17673324555938597, "HITS@10m_new": 0.2868224092485616}