{"MRRm_new": 0.08639504065096698, "MRm_new": 921.5340951550722, "HITS@1m_new": 0.05103671385515481, "HITS@3m_new": 0.08499292798085371, "HITS@10m_new": 0.15457883884294424}