{"MRRm_new": 0.20110329302035734, "MRm_new": 438.15835957271605, "HITS@1m_new": 0.12997574875023565, "HITS@3m_new": 0.2163248577850718, "HITS@10m_new": 0.3422405631417714}