{"MRRm_new": 0.09180063260127645, "MRm_new": 813.0236231167078, "HITS@1m_new": 0.0536153381240787, "HITS@3m_new": 0.09220353183685802, "HITS@10m_new": 0.16299236072198256}