{"MRRm_new": 0.14208017111287974, "MRm_new": 4237.886786624283, "HITS@1m_new": 0.0928001345606317, "HITS@3m_new": 0.1460709956642968, "HITS@10m_new": 0.23567116115684622}