{"MRRm_new": 0.21926740088117003, "MRm_new": 5706.1678833907545, "HITS@1m_new": 0.1502639178543759, "HITS@3m_new": 0.2310153869112837, "HITS@10m_new": 0.3553664755448699}