{"MRRm_new": 0.2458167451328145, "MRm_new": 3611.7909217175843, "HITS@1m_new": 0.18120194822810298, "HITS@3m_new": 0.2709196663317998, "HITS@10m_new": 0.3680571325243509}