{"MRRm_new": 0.3865399216941405, "MRm_new": 292.40363961933554, "HITS@1m_new": 0.3002939085934631, "HITS@3m_new": 0.4213965725796479, "HITS@10m_new": 0.5576396403497783}