{"MRRm_new": 0.18494981910645147, "MRm_new": 403.31706682543756, "HITS@1m_new": 0.10831512164896122, "HITS@3m_new": 0.201132947061921, "HITS@10m_new": 0.33530333916512317}