{"MRRm_new": 0.10121378982944297, "MRm_new": 3820.8294268802883, "HITS@1m_new": 0.05957087576477788, "HITS@3m_new": 0.10724670815030113, "HITS@10m_new": 0.18673522521196864}