{"MRRm_new": 0.47806007754161056, "MRm_new": 345.03479594524947, "HITS@1m_new": 0.41501285462132365, "HITS@3m_new": 0.5037406335237828, "HITS@10m_new": 0.5970829148859557}