{"MRRm_new": 0.34218670455718714, "MRm_new": 468.3723355686143, "HITS@1m_new": 0.27974764328737367, "HITS@3m_new": 0.3660895983288356, "HITS@10m_new": 0.4574825027149782}