{"MRRm_new": 0.16785929841010366, "MRm_new": 940.739078963852, "HITS@1m_new": 0.10117774347174563, "HITS@3m_new": 0.18486706846928574, "HITS@10m_new": 0.30031066509049853}