{"MRRm_new": 0.24454471879753836, "MRm_new": 502.1981127841711, "HITS@1m_new": 0.1709790921455715, "HITS@3m_new": 0.2618389486776665, "HITS@10m_new": 0.39332068148944527}