{"MRRm_new": 0.1251401307821783, "MRm_new": 432.936718925643, "HITS@1m_new": 0.07072068233836908, "HITS@3m_new": 0.1298352933680173, "HITS@10m_new": 0.2317736051023472}