{"MRRm_new": 0.12107083957442664, "MRm_new": 459.1758153494358, "HITS@1m_new": 0.06806591338482686, "HITS@3m_new": 0.1254520950273145, "HITS@10m_new": 0.22553091886145993}