{"MRRm_new": 0.6791764834952937, "MRm_new": 161.75399622789024, "HITS@1m_new": 0.62259840902414, "HITS@3m_new": 0.7090351957220701, "HITS@10m_new": 0.7858902751381102}