{"MRRm_new": 0.5751999449268406, "MRm_new": 223.3658126968816, "HITS@1m_new": 0.5108556540901882, "HITS@3m_new": 0.6086566979338822, "HITS@10m_new": 0.6949389846419799}