{"MRRm_new": 0.22568478675868528, "MRm_new": 1471.6060490799248, "HITS@1m_new": 0.1547124097706692, "HITS@3m_new": 0.24480336806693231, "HITS@10m_new": 0.36619119713566034}