{"MRRm_new": 0.31091451761980077, "MRm_new": 387.5263941825181, "HITS@1m_new": 0.22876665303109986, "HITS@3m_new": 0.3405330900507324, "HITS@10m_new": 0.473864158204713}