{"MRRm_new": 0.21333327421870582, "MRm_new": 6050.742000197112, "HITS@1m_new": 0.14643144731450594, "HITS@3m_new": 0.22442891566484469, "HITS@10m_new": 0.35066312786698106}