{"MRRm_new": 0.20765743824850916, "MRm_new": 2025.763981488943, "HITS@1m_new": 0.1419246571927215, "HITS@3m_new": 0.22246736861296812, "HITS@10m_new": 0.3362892995741277}