{"MRRm_new": 0.0012050852427714744, "MRm_new": 17472.909229026794, "HITS@1m_new": 0.0001470238119363785, "HITS@3m_new": 0.0001470238119363785, "HITS@10m_new": 0.000822498959954828}