{"MRRm_new": 0.5439024833128451, "MRm_new": 204.49687968423962, "HITS@1m_new": 0.47062500180496497, "HITS@3m_new": 0.57954013029403, "HITS@10m_new": 0.6825636312414426}