{"MRRm_new": 0.2014811170129674, "MRm_new": 2180.683731174171, "HITS@1m_new": 0.13733068086381536, "HITS@3m_new": 0.21536429643139127, "HITS@10m_new": 0.3265039074794913}