{"MRRm_new": 0.665356471935329, "MRm_new": 220.89093789947032, "HITS@1m_new": 0.6066213271454144, "HITS@3m_new": 0.6959706981303607, "HITS@10m_new": 0.7746001589242151}