{"MRRm_new": 0.0800773545629927, "MRm_new": 663.1585106579065, "HITS@1m_new": 0.03944496503660921, "HITS@3m_new": 0.07820419434501091, "HITS@10m_new": 0.1599071711460594}