{"MRRm_new": 0.11259135398124345, "MRm_new": 435.4527817655325, "HITS@1m_new": 0.05762967874170281, "HITS@3m_new": 0.11910021877852268, "HITS@10m_new": 0.2208418871326372}