{"MRRm_new": 0.1596467759282714, "MRm_new": 3167.7057356540563, "HITS@1m_new": 0.10625332219764823, "HITS@3m_new": 0.16450364813269697, "HITS@10m_new": 0.2657729731419822}