{"MRRm_new": 0.09558978182503343, "MRm_new": 561.4087786718369, "HITS@1m_new": 0.048333106036635584, "HITS@3m_new": 0.09926528476504609, "HITS@10m_new": 0.18230055028200148}