{"MRRm_new": 0.17867248182566253, "MRm_new": 655.8897489979029, "HITS@1m_new": 0.11970920283920132, "HITS@3m_new": 0.1900527487750049, "HITS@10m_new": 0.29398388569033707}