{"MRRm_new": 0.10016816349553119, "MRm_new": 3724.3887106426478, "HITS@1m_new": 0.05918925017514266, "HITS@3m_new": 0.10719219709620811, "HITS@10m_new": 0.17869948408557101}