{"MRRm_new": 0.29375450335109415, "MRm_new": 2234.294290516019, "HITS@1m_new": 0.21721913563052658, "HITS@3m_new": 0.3185192317873007, "HITS@10m_new": 0.45093541604653004}