{"MRRm_new": 0.16011390598199252, "MRm_new": 991.5172509530038, "HITS@1m_new": 0.10633886126278957, "HITS@3m_new": 0.17247100282805694, "HITS@10m_new": 0.26255941417046413}