{"MRRm_new": 0.0823321305128411, "MRm_new": 608.321047104311, "HITS@1m_new": 0.037144793611310886, "HITS@3m_new": 0.08639796943017282, "HITS@10m_new": 0.16530092021473683}