{"MRRm_new": 0.3736994425474786, "MRm_new": 252.2978932337463, "HITS@1m_new": 0.27547608042862703, "HITS@3m_new": 0.41267924537444195, "HITS@10m_new": 0.5669985904601926}