{"MRRm_new": 0.2886861202471887, "MRm_new": 2456.829197003156, "HITS@1m_new": 0.21159731090365677, "HITS@3m_new": 0.320096280281432, "HITS@10m_new": 0.4417014523311518}