{"MRRm_new": 0.13228597694032623, "MRm_new": 4019.8197509837746, "HITS@1m_new": 0.08556256538724119, "HITS@3m_new": 0.13724346891671302, "HITS@10m_new": 0.224299657466152}