{"MRRm_new": 0.1754838105466959, "MRm_new": 628.9384357947588, "HITS@1m_new": 0.1035311198524956, "HITS@3m_new": 0.1906109306748025, "HITS@10m_new": 0.317035856669303}