{"MRRm_new": 0.13162108145418233, "MRm_new": 4269.904564676165, "HITS@1m_new": 0.08567775302697556, "HITS@3m_new": 0.13241339931543916, "HITS@10m_new": 0.22296125003127965}