{"MRRm_new": 0.08606977800005261, "MRm_new": 719.1350651714087, "HITS@1m_new": 0.042186317536339626, "HITS@3m_new": 0.08749824471536558, "HITS@10m_new": 0.1639164014905691}