{"MRRm_new": 0.18362756483726253, "MRm_new": 1990.9874572693109, "HITS@1m_new": 0.11816319450028823, "HITS@3m_new": 0.19525710895689555, "HITS@10m_new": 0.3127582022831775}