{"MRRm_new": 0.10933291586285923, "MRm_new": 3839.111984818435, "HITS@1m_new": 0.0663322474136483, "HITS@3m_new": 0.11410103484122082, "HITS@10m_new": 0.19618587648454122}