{"MRRm_new": 0.5000532535875254, "MRm_new": 256.3407712922171, "HITS@1m_new": 0.4374560620038683, "HITS@3m_new": 0.5247388290434029, "HITS@10m_new": 0.6200280420043891}