{"MRRm_new": 0.3515264284031855, "MRm_new": 441.87062548796087, "HITS@1m_new": 0.28603823047266996, "HITS@3m_new": 0.37555795027417843, "HITS@10m_new": 0.4728877008456548}