{"MRRm_new": 0.12566658172733441, "MRm_new": 427.2468561138153, "HITS@1m_new": 0.07083269971129484, "HITS@3m_new": 0.13254822878376582, "HITS@10m_new": 0.23165631772838532}