{"MRRm_new": 0.17207042476823844, "MRm_new": 659.7435387066603, "HITS@1m_new": 0.11249325391330058, "HITS@3m_new": 0.1848148015390616, "HITS@10m_new": 0.28779639735391827}