{"MRRm_new": 0.22581815965103888, "MRm_new": 221.38249995560645, "HITS@1m_new": 0.12434650688264519, "HITS@3m_new": 0.2541508653640747, "HITS@10m_new": 0.436958048357442}