{"MRRm_new": 0.0026445467850544444, "MRm_new": 5181.6828360643385, "HITS@1m_new": 0.00037651015270967036, "HITS@3m_new": 0.0011665606759343064, "HITS@10m_new": 0.005058143208349066}