{"MRRm_new": 0.1926098455275878, "MRm_new": 520.7874570203647, "HITS@1m_new": 0.12528997952358986, "HITS@3m_new": 0.20417716405226383, "HITS@10m_new": 0.32953645575395785}