{"MRRm_new": 0.19252189194206293, "MRm_new": 429.4205934196472, "HITS@1m_new": 0.12778250817299122, "HITS@3m_new": 0.20802154185343533, "HITS@10m_new": 0.31639399654173755}