{"MRRm_new": 0.1727149608986685, "MRm_new": 450.86253201782705, "HITS@1m_new": 0.10807080936059937, "HITS@3m_new": 0.181137884801731, "HITS@10m_new": 0.30274133126807284}