{"MRRm_new": 0.2844098861605453, "MRm_new": 144.1821720007658, "HITS@1m_new": 0.17321991146001964, "HITS@3m_new": 0.3213441552068107, "HITS@10m_new": 0.5214408490173519}