{"MRRm_new": 0.002797153759963294, "MRm_new": 5110.669952941417, "HITS@1m_new": 0.00041253380716079846, "HITS@3m_new": 0.0011469207806949272, "HITS@10m_new": 0.0049547132048610365}