{"MRRm_new": 0.0012134709744605061, "MRm_new": 17462.49800930023, "HITS@1m_new": 0.0001470238119363785, "HITS@3m_new": 0.0001470238119363785, "HITS@10m_new": 0.000822498959954828}