{"MRRm_new": 0.15960804809079127, "MRm_new": 479.8388044367075, "HITS@1m_new": 0.08830345322858775, "HITS@3m_new": 0.17404374096505343, "HITS@10m_new": 0.29933470958662217}