{"MRRm_new": 0.1333458587668092, "MRm_new": 4113.891969465434, "HITS@1m_new": 0.08653684899403015, "HITS@3m_new": 0.13371823693945772, "HITS@10m_new": 0.22623761141530122}