{"MRRm_new": 0.19075682123431761, "MRm_new": 320.305029917264, "HITS@1m_new": 0.12305986252852599, "HITS@3m_new": 0.19974618916335748, "HITS@10m_new": 0.33101922645938464}