{"MRRm_new": 0.10569265408049541, "MRm_new": 609.5305751558304, "HITS@1m_new": 0.05954321562900441, "HITS@3m_new": 0.1076233625064604, "HITS@10m_new": 0.19353810815420003}