{"MRRm_new": 0.11609986734149133, "MRm_new": 774.087057832241, "HITS@1m_new": 0.06986675561477895, "HITS@3m_new": 0.12110833279609215, "HITS@10m_new": 0.20238994998665294}