{"MRRm_new": 0.3156764114513935, "MRm_new": 2207.0438573538063, "HITS@1m_new": 0.2369077038106625, "HITS@3m_new": 0.34437029615184295, "HITS@10m_new": 0.4713409235784784}