{"MRRm_new": 0.29568598300646, "MRm_new": 2424.2708943516614, "HITS@1m_new": 0.21320151858287864, "HITS@3m_new": 0.32755353886995, "HITS@10m_new": 0.45669373067165725}