{"MRRm_new": 0.11974619998911075, "MRm_new": 631.8502178770542, "HITS@1m_new": 0.07113981980001553, "HITS@3m_new": 0.1262142017968232, "HITS@10m_new": 0.2087348177731619}