{"MRRm_new": 0.14297374092678136, "MRm_new": 4841.597697454631, "HITS@1m_new": 0.09532007960861665, "HITS@3m_new": 0.14973023959557757, "HITS@10m_new": 0.23592352121595467}