{"MRRm_new": 0.18295711338396067, "MRm_new": 526.5352421422243, "HITS@1m_new": 0.11952181388153695, "HITS@3m_new": 0.19593070056079886, "HITS@10m_new": 0.30853300102273934}