{"MRRm_new": 0.11149300865643454, "MRm_new": 4014.6273777907372, "HITS@1m_new": 0.06854301148811355, "HITS@3m_new": 0.11640324719543568, "HITS@10m_new": 0.19955262864548712}