{"MRRm_new": 0.1401370938096784, "MRm_new": 2464.2567694287004, "HITS@1m_new": 0.08973157279158477, "HITS@3m_new": 0.14538579039360047, "HITS@10m_new": 0.23364477111326415}