{"MRRm_new": 0.25931208740512374, "MRm_new": 360.8198833143711, "HITS@1m_new": 0.17992660816917197, "HITS@3m_new": 0.28013423645724544, "HITS@10m_new": 0.4211442195453681}