{"MRRm_new": 0.14407456383203826, "MRm_new": 2952.640598097825, "HITS@1m_new": 0.0857732606089674, "HITS@3m_new": 0.16560872370554133, "HITS@10m_new": 0.26515826618578286}