{"MRRm_new": 0.09811951240330527, "MRm_new": 4051.6634920295237, "HITS@1m_new": 0.05407780514252372, "HITS@3m_new": 0.1018030646439176, "HITS@10m_new": 0.19733393019731157}