{"MRRm_new": 0.24010647911309524, "MRm_new": 3926.9540297069548, "HITS@1m_new": 0.16380552394039113, "HITS@3m_new": 0.2577375232942868, "HITS@10m_new": 0.3889033303075703}