{"MRRm_new": 0.20957278359004122, "MRm_new": 351.9404094113827, "HITS@1m_new": 0.13409225909849629, "HITS@3m_new": 0.22548898069418502, "HITS@10m_new": 0.3610405228770862}