{"MRRm_new": 0.11966940147181594, "MRm_new": 603.2724583739996, "HITS@1m_new": 0.07104859485991764, "HITS@3m_new": 0.12624273209325038, "HITS@10m_new": 0.20926326087473426}