{"MRRm_new": 0.13151991604064506, "MRm_new": 4592.7039012126925, "HITS@1m_new": 0.08607382701826281, "HITS@3m_new": 0.13253923424601088, "HITS@10m_new": 0.2210459082602465}