{"MRRm_new": 0.3033080558520787, "MRm_new": 515.2629602153227, "HITS@1m_new": 0.2456040447179039, "HITS@3m_new": 0.3220255091785948, "HITS@10m_new": 0.4138533686304727}