{"MRRm_new": 0.2569075729360461, "MRm_new": 2953.3840815897884, "HITS@1m_new": 0.1905518878755538, "HITS@3m_new": 0.28062539310460854, "HITS@10m_new": 0.3812949459547235}