{"MRRm_new": 0.09156772562347487, "MRm_new": 16119.080625151395, "HITS@1m_new": 0.051949344625347296, "HITS@3m_new": 0.09661972154013347, "HITS@10m_new": 0.17475122278521302}