{"MRRm_new": 0.14893877572786096, "MRm_new": 4477.968658417046, "HITS@1m_new": 0.09850686425325693, "HITS@3m_new": 0.1553274012786569, "HITS@10m_new": 0.2461279180894053}