{"MRRm_new": 0.19127556288474007, "MRm_new": 462.1564401458502, "HITS@1m_new": 0.1311411622076179, "HITS@3m_new": 0.19920323732071557, "HITS@10m_new": 0.31045100774762685}