{"MRRm_new": 0.09568642651696718, "MRm_new": 496.843593235898, "HITS@1m_new": 0.04564243442969164, "HITS@3m_new": 0.09912481841081754, "HITS@10m_new": 0.19132100890255532}