{"MRRm_new": 0.28398835506308295, "MRm_new": 893.7117220962197, "HITS@1m_new": 0.21637664135720114, "HITS@3m_new": 0.30710732983572964, "HITS@10m_new": 0.4162043816249934}