{"MRRm_new": 0.28017545150338585, "MRm_new": 2122.715713230431, "HITS@1m_new": 0.2099377315486345, "HITS@3m_new": 0.30169770260744555, "HITS@10m_new": 0.41278831128793536}