{"MRRm_new": 0.2508093122805585, "MRm_new": 351.59036006963254, "HITS@1m_new": 0.17463076837012778, "HITS@3m_new": 0.2682466687363107, "HITS@10m_new": 0.40610328865228223}