{"MRRm_new": 0.3905223207729396, "MRm_new": 180.12242851530016, "HITS@1m_new": 0.2900525218121038, "HITS@3m_new": 0.4338299964127655, "HITS@10m_new": 0.5851253963301424}