{"MRRm_new": 0.2586313868763391, "MRm_new": 2573.318376355618, "HITS@1m_new": 0.21524996781938535, "HITS@3m_new": 0.27491580522029835, "HITS@10m_new": 0.34380464684296747}