{"MRRm_new": 0.22432205526036705, "MRm_new": 369.0657346669197, "HITS@1m_new": 0.14033917852635494, "HITS@3m_new": 0.2324757980855182, "HITS@10m_new": 0.42393259327108973}