{"MRRm_new": 0.3163777439315354, "MRm_new": 2070.211471947998, "HITS@1m_new": 0.23660842427174794, "HITS@3m_new": 0.34579164697602394, "HITS@10m_new": 0.4728756299978122}