{"MRRm_new": 0.3793249236751208, "MRm_new": 359.843079333663, "HITS@1m_new": 0.3106174742255462, "HITS@3m_new": 0.4040177618927555, "HITS@10m_new": 0.5097801676060917}