{"MRRm_new": 0.14265679857665645, "MRm_new": 3308.9533048639296, "HITS@1m_new": 0.094515723551478, "HITS@3m_new": 0.14559381911378297, "HITS@10m_new": 0.23537156704040535}