{"MRRm_new": 0.22079489656738296, "MRm_new": 399.35237784650326, "HITS@1m_new": 0.14371075501275482, "HITS@3m_new": 0.23934597967651208, "HITS@10m_new": 0.3751908369467652}