{"MRRm_new": 0.10260154925335083, "MRm_new": 787.3780809536695, "HITS@1m_new": 0.05976244472214021, "HITS@3m_new": 0.10582644258355722, "HITS@10m_new": 0.1795336549549829}