{"MRRm_new": 0.7324736985646432, "MRm_new": 64.51461235240102, "HITS@1m_new": 0.6660972398821614, "HITS@3m_new": 0.7716576044013491, "HITS@10m_new": 0.8513987591168843}