{"MRRm_new": 0.1871570703315292, "MRm_new": 584.0045620115623, "HITS@1m_new": 0.12213348720464637, "HITS@3m_new": 0.19836269603353504, "HITS@10m_new": 0.319140336530465}