{"MRRm_new": 0.23198837808638054, "MRm_new": 249.3747852166891, "HITS@1m_new": 0.154745368803991, "HITS@3m_new": 0.24617858801460826, "HITS@10m_new": 0.3861662435712293}