{"MRRm_new": 0.26044525319102374, "MRm_new": 3187.82545897606, "HITS@1m_new": 0.19524577803959256, "HITS@3m_new": 0.27624208645583714, "HITS@10m_new": 0.39104312935579216}