{"MRRm_new": 0.16209934663740433, "MRm_new": 3145.4394285393955, "HITS@1m_new": 0.10872918113527703, "HITS@3m_new": 0.16752908109515557, "HITS@10m_new": 0.26807982651970813}