{"MRRm_new": 0.0026057969185794717, "MRm_new": 5195.31119469595, "HITS@1m_new": 0.00037651015270967036, "HITS@3m_new": 0.0011665606759343064, "HITS@10m_new": 0.004978534627669433}