{"MRRm_new": 0.143835581013474, "MRm_new": 2458.0070349166094, "HITS@1m_new": 0.0932322031276999, "HITS@3m_new": 0.14970890741373297, "HITS@10m_new": 0.23515774425910785}