{"MRRm_new": 0.07418357013133982, "MRm_new": 16432.191533533485, "HITS@1m_new": 0.03666856197512243, "HITS@3m_new": 0.07516791017574724, "HITS@10m_new": 0.1536251755367266}