{"MRRm_new": 0.0951820639566111, "MRm_new": 686.7996019904375, "HITS@1m_new": 0.05208858216519584, "HITS@3m_new": 0.09681749274964677, "HITS@10m_new": 0.17846170838085237}