{"MRRm_new": 0.001480173630416175, "MRm_new": 5498.601772077561, "HITS@1m_new": 8.964339716476388e-05, "HITS@3m_new": 0.00019013880917918868, "HITS@10m_new": 0.0025977223645386404}