{"MRRm_new": 0.2998770529492458, "MRm_new": 522.339185456939, "HITS@1m_new": 0.24206188889392796, "HITS@3m_new": 0.3182968612487748, "HITS@10m_new": 0.41071403586812083}