{"MRRm_new": 0.40672633673612474, "MRm_new": 296.28282011692227, "HITS@1m_new": 0.3058852644607723, "HITS@3m_new": 0.4543980671208265, "HITS@10m_new": 0.6081932898428931}