{"MRRm_new": 0.0029225269787828438, "MRm_new": 5129.661997652435, "HITS@1m_new": 0.00021378996171988546, "HITS@3m_new": 0.0010759257019730285, "HITS@10m_new": 0.005380159732699394}