{"MRRm_new": 0.004364031726759276, "MRm_new": 5100.004021627021, "HITS@1m_new": 0.0011524758831132204, "HITS@3m_new": 0.0030825873809866605, "HITS@10m_new": 0.007963214301597327}