{"MRRm_new": 0.10085173480848317, "MRm_new": 664.4612787005901, "HITS@1m_new": 0.057311624363472216, "HITS@3m_new": 0.1048554470620933, "HITS@10m_new": 0.18277712886432418}