{"MRRm_new": 0.20728674822662288, "MRm_new": 370.17940461702347, "HITS@1m_new": 0.13131216533565893, "HITS@3m_new": 0.22357860235909466, "HITS@10m_new": 0.3591922377735435}