{"MRRm_new": 0.23410227154408766, "MRm_new": 4246.779799066007, "HITS@1m_new": 0.17052655288473761, "HITS@3m_new": 0.2586873063763196, "HITS@10m_new": 0.35189184919872785}