{"MRRm_new": 0.17334850207988528, "MRm_new": 519.8688233925477, "HITS@1m_new": 0.10769379722279336, "HITS@3m_new": 0.18777486886479164, "HITS@10m_new": 0.30451325641742005}