{"MRRm_new": 0.36944339118909464, "MRm_new": 125.85084479095042, "HITS@1m_new": 0.27178579044004436, "HITS@3m_new": 0.4150978115882026, "HITS@10m_new": 0.5560208391778578}