{"MRRm_new": 0.09974039292330854, "MRm_new": 716.5132438089132, "HITS@1m_new": 0.05761054804557934, "HITS@3m_new": 0.10051539344421472, "HITS@10m_new": 0.1800352962871082}