{"MRRm_new": 0.23692107834871712, "MRm_new": 235.84051883051396, "HITS@1m_new": 0.1521340256706113, "HITS@3m_new": 0.2539760078214109, "HITS@10m_new": 0.41225599406166}