{"MRRm_new": 0.23562062367741646, "MRm_new": 3380.4802703767123, "HITS@1m_new": 0.16308617875637718, "HITS@3m_new": 0.24832363977032945, "HITS@10m_new": 0.3846212721101474}