{"MRRm_new": 0.11212399754796643, "MRm_new": 512.6676653363943, "HITS@1m_new": 0.06109632059230935, "HITS@3m_new": 0.11581284461758333, "HITS@10m_new": 0.21075845512798988}