{"MRRm_new": 0.19114467828756315, "MRm_new": 410.7138005823612, "HITS@1m_new": 0.11625673232896952, "HITS@3m_new": 0.21000300626690732, "HITS@10m_new": 0.34006656980430705}