{"MRRm_new": 0.5720477507476762, "MRm_new": 59.272303744018075, "HITS@1m_new": 0.4200153755203646, "HITS@3m_new": 0.6817829435821623, "HITS@10m_new": 0.8438162909380335}