{"MRRm_new": 0.12336703031731158, "MRm_new": 578.0858509990215, "HITS@1m_new": 0.07499721983117051, "HITS@3m_new": 0.12884033236491377, "HITS@10m_new": 0.21434749379451387}