{"MRRm_new": 0.2779681103855869, "MRm_new": 3556.992331508577, "HITS@1m_new": 0.2138254994150775, "HITS@3m_new": 0.29726826517985316, "HITS@10m_new": 0.4011960307999107}