{"MRRm_new": 0.30411892735426593, "MRm_new": 585.4489479956403, "HITS@1m_new": 0.24605056366556163, "HITS@3m_new": 0.3232008126538058, "HITS@10m_new": 0.4153994242912522}