{"MRRm_new": 0.10086986179909727, "MRm_new": 611.9316994913102, "HITS@1m_new": 0.05909314511672128, "HITS@3m_new": 0.10238911246591015, "HITS@10m_new": 0.17784991590484278}