{"MRRm_new": 0.3781266006694641, "MRm_new": 403.37684007027747, "HITS@1m_new": 0.2970228714190889, "HITS@3m_new": 0.4076330970236886, "HITS@10m_new": 0.5370787233906885}