{"MRRm_new": 0.18487991646925456, "MRm_new": 693.4382423351705, "HITS@1m_new": 0.1214520247477958, "HITS@3m_new": 0.19868218492138112, "HITS@10m_new": 0.30997291107382624}