{"MRRm_new": 0.41399392021336096, "MRm_new": 270.08431541839985, "HITS@1m_new": 0.32468606284368434, "HITS@3m_new": 0.45272818106334306, "HITS@10m_new": 0.5868508543299031}