{"MRRm_new": 0.1992583748148245, "MRm_new": 400.0226095606565, "HITS@1m_new": 0.13714220140868566, "HITS@3m_new": 0.21070346034253015, "HITS@10m_new": 0.3203666905616643}