{"MRRm_new": 0.11039874755613892, "MRm_new": 3850.720945718899, "HITS@1m_new": 0.05600592918446637, "HITS@3m_new": 0.11855521090811817, "HITS@10m_new": 0.22622675594233443}