{"MRRm_new": 0.3247772027139654, "MRm_new": 828.4909741346016, "HITS@1m_new": 0.2662573679860434, "HITS@3m_new": 0.3494425744322471, "HITS@10m_new": 0.4356052147467635}