{"MRRm_new": 0.34108528609978384, "MRm_new": 450.7447972495109, "HITS@1m_new": 0.26656989371612144, "HITS@3m_new": 0.3676231648709654, "HITS@10m_new": 0.4900625316563601}