{"MRRm_new": 0.3256685514420824, "MRm_new": 537.879632492803, "HITS@1m_new": 0.2674918572784227, "HITS@3m_new": 0.3452684461433964, "HITS@10m_new": 0.4339952216403908}