{"MRRm_new": 0.19376926381729573, "MRm_new": 533.1310772207379, "HITS@1m_new": 0.1258444342542716, "HITS@3m_new": 0.20719882109505852, "HITS@10m_new": 0.33191906991299763}