{"MRRm_new": 0.09481919265553006, "MRm_new": 16930.71033621755, "HITS@1m_new": 0.059082248451013585, "HITS@3m_new": 0.1024113938776427, "HITS@10m_new": 0.16623575035156682}