{"MRRm_new": 0.3448711378142079, "MRm_new": 454.12595116226373, "HITS@1m_new": 0.2651729953022186, "HITS@3m_new": 0.3731431928269121, "HITS@10m_new": 0.5006579934041365}