{"MRRm_new": 0.1200838727344526, "MRm_new": 642.884555424428, "HITS@1m_new": 0.07161444588325686, "HITS@3m_new": 0.12687001021902541, "HITS@10m_new": 0.20903833056798904}