{"MRRm_new": 0.49528274128758404, "MRm_new": 201.5523611099571, "HITS@1m_new": 0.3902912203038468, "HITS@3m_new": 0.5531296783758116, "HITS@10m_new": 0.6993325681520728}