{"MRRm_new": 0.09402563604763273, "MRm_new": 634.7678508464098, "HITS@1m_new": 0.0495112717353506, "HITS@3m_new": 0.09717424180055968, "HITS@10m_new": 0.17397291131040546}