{"MRRm_new": 0.13427455383281223, "MRm_new": 3644.9940419032278, "HITS@1m_new": 0.08706702386806137, "HITS@3m_new": 0.13978560302573897, "HITS@10m_new": 0.2286691649396671}