{"MRRm_new": 0.18804758403744926, "MRm_new": 411.9292491939306, "HITS@1m_new": 0.1246518597298942, "HITS@3m_new": 0.19511099719965133, "HITS@10m_new": 0.320740690403356}