{"MRRm_new": 0.18465258579264482, "MRm_new": 444.22353368985654, "HITS@1m_new": 0.11941057025213377, "HITS@3m_new": 0.19210614821299096, "HITS@10m_new": 0.32236126862938397}