{"MRRm_new": 0.1995841617809383, "MRm_new": 758.7943260524273, "HITS@1m_new": 0.13511916526639833, "HITS@3m_new": 0.2159880223698201, "HITS@10m_new": 0.32327360062168736}