{"MRRm_new": 0.23763769853464192, "MRm_new": 5665.144034716964, "HITS@1m_new": 0.1629803519916022, "HITS@3m_new": 0.25549039163280396, "HITS@10m_new": 0.3876659389898123}