{"MRRm_new": 0.3021296114496722, "MRm_new": 411.67583274519444, "HITS@1m_new": 0.2061783942731563, "HITS@3m_new": 0.3334020558653865, "HITS@10m_new": 0.49814299785508775}