{"MRRm_new": 0.22203327213908777, "MRm_new": 4845.350603152722, "HITS@1m_new": 0.1526077023265534, "HITS@3m_new": 0.2324856479364098, "HITS@10m_new": 0.3658818462981726}