{"MRRm_new": 0.1528622812793433, "MRm_new": 3795.5220977159142, "HITS@1m_new": 0.1023109348336875, "HITS@3m_new": 0.1584094117085333, "HITS@10m_new": 0.2542521763497498}