{"MRRm_new": 0.1857348195046012, "MRm_new": 465.67600555791853, "HITS@1m_new": 0.11217328790758038, "HITS@3m_new": 0.20539255763773107, "HITS@10m_new": 0.33022418649238533}