{"MRRm_new": 0.3868719506829557, "MRm_new": 322.1604734904915, "HITS@1m_new": 0.29984189105551556, "HITS@3m_new": 0.42385456229559715, "HITS@10m_new": 0.553959748601992}