{"MRRm_new": 0.17680036763084792, "MRm_new": 341.5123399158478, "HITS@1m_new": 0.10546487534044427, "HITS@3m_new": 0.1905687580624246, "HITS@10m_new": 0.31674131296351554}