{"MRRm_new": 0.17970513936334317, "MRm_new": 410.72553043317794, "HITS@1m_new": 0.1174651753578044, "HITS@3m_new": 0.18791962358808378, "HITS@10m_new": 0.30728258247456397}