{"MRRm_new": 0.17303900189044816, "MRm_new": 1077.749181366518, "HITS@1m_new": 0.11302131893872866, "HITS@3m_new": 0.18857936119620716, "HITS@10m_new": 0.2942266991062206}