{"MRRm_new": 0.10538990908615378, "MRm_new": 3892.4005525827406, "HITS@1m_new": 0.06122190519100986, "HITS@3m_new": 0.11365361594422721, "HITS@10m_new": 0.1937446999119129}