{"MRRm_new": 0.5135070665598496, "MRm_new": 176.28441862024366, "HITS@1m_new": 0.40335200812438055, "HITS@3m_new": 0.5730913559999353, "HITS@10m_new": 0.7305348696449364}