{"MRRm_new": 0.18917575092331973, "MRm_new": 432.64429422607424, "HITS@1m_new": 0.11433153874358395, "HITS@3m_new": 0.20957472734899493, "HITS@10m_new": 0.3357940632043872}