{"MRRm_new": 0.31437864179445707, "MRm_new": 2212.608907601595, "HITS@1m_new": 0.2308460293125827, "HITS@3m_new": 0.3482443819697946, "HITS@10m_new": 0.4890307756830007}