{"MRRm_new": 0.2016034539364223, "MRm_new": 2463.530158208847, "HITS@1m_new": 0.13726048588313278, "HITS@3m_new": 0.21640379348397254, "HITS@10m_new": 0.32559994025406197}