{"MRRm_new": 0.12993209259517471, "MRm_new": 4445.0531123193805, "HITS@1m_new": 0.0861206958150724, "HITS@3m_new": 0.13097728801603079, "HITS@10m_new": 0.21699584940975183}