{"MRRm_new": 0.19842788495187505, "MRm_new": 448.5817052289769, "HITS@1m_new": 0.12652925467341994, "HITS@3m_new": 0.210649186003684, "HITS@10m_new": 0.3446888644169958}