{"MRRm_new": 0.19087045699616692, "MRm_new": 2031.327802532345, "HITS@1m_new": 0.125545409180806, "HITS@3m_new": 0.20085998933628435, "HITS@10m_new": 0.3198268223993946}