{"MRRm_new": 0.11959249867226462, "MRm_new": 453.14832631423474, "HITS@1m_new": 0.06572775083699962, "HITS@3m_new": 0.12518908316288144, "HITS@10m_new": 0.22548060987319332}