{"MRRm_new": 0.18335915111594223, "MRm_new": 344.6288613415241, "HITS@1m_new": 0.10820888242152286, "HITS@3m_new": 0.19749014325053432, "HITS@10m_new": 0.3351511117591988}