{"MRRm_new": 0.2318414949378697, "MRm_new": 251.31952402160167, "HITS@1m_new": 0.15412308622957208, "HITS@3m_new": 0.24623068652465008, "HITS@10m_new": 0.38769933801768347}