{"MRRm_new": 0.09679851277530688, "MRm_new": 721.24972563169, "HITS@1m_new": 0.05362654477827018, "HITS@3m_new": 0.09798236502599902, "HITS@10m_new": 0.1781554783705389}