{"MRRm_new": 0.17627196701390932, "MRm_new": 404.8185136782646, "HITS@1m_new": 0.11097737584808492, "HITS@3m_new": 0.1845977612047107, "HITS@10m_new": 0.30779826558668866}