{"MRRm_new": 0.10038751761795629, "MRm_new": 3532.503822960861, "HITS@1m_new": 0.057263724294898566, "HITS@3m_new": 0.1065264465227665, "HITS@10m_new": 0.18600541291501213}