{"MRRm_new": 0.3460792106401495, "MRm_new": 451.32381486790626, "HITS@1m_new": 0.2826412139473468, "HITS@3m_new": 0.37074118883843765, "HITS@10m_new": 0.4627125963840808}