{"MRRm_new": 0.06286214540401215, "MRm_new": 3555.8389399549515, "HITS@1m_new": 0.034796654083649625, "HITS@3m_new": 0.0628974286335797, "HITS@10m_new": 0.11576407552189266}