{"MRRm_new": 0.18741135790831903, "MRm_new": 605.5396771394729, "HITS@1m_new": 0.12669235505969265, "HITS@3m_new": 0.19576862624731148, "HITS@10m_new": 0.30867976480415094}