{"MRRm_new": 0.0950830347286319, "MRm_new": 656.4697219024181, "HITS@1m_new": 0.05234493270265521, "HITS@3m_new": 0.09634909662001882, "HITS@10m_new": 0.17884716929156566}