{"MRRm_new": 0.13499256042554816, "MRm_new": 3112.8652423959074, "HITS@1m_new": 0.08599371158640133, "HITS@3m_new": 0.13839681683311938, "HITS@10m_new": 0.22483604076976188}