{"MRRm_new": 0.10001527748396329, "MRm_new": 630.2822735705375, "HITS@1m_new": 0.056876004486338935, "HITS@3m_new": 0.10163493143591913, "HITS@10m_new": 0.18137251533852541}