{"MRRm_new": 0.2397273891336149, "MRm_new": 3140.457065735549, "HITS@1m_new": 0.16625261091266294, "HITS@3m_new": 0.2524301439187839, "HITS@10m_new": 0.3902327965031145}