{"MRRm_new": 0.25979127466807256, "MRm_new": 356.8767086131096, "HITS@1m_new": 0.1803634358177893, "HITS@3m_new": 0.28060357078579257, "HITS@10m_new": 0.42022772532040253}