{"MRRm_new": 0.13156830641818806, "MRm_new": 4137.100379787117, "HITS@1m_new": 0.08761629023464047, "HITS@3m_new": 0.13087752389293747, "HITS@10m_new": 0.21962862385838525}