{"MRRm_new": 0.1670534784518386, "MRm_new": 391.49981920559406, "HITS@1m_new": 0.09401575936159352, "HITS@3m_new": 0.18075483832601458, "HITS@10m_new": 0.3108839129386004}