{"MRRm_new": 0.24900030035457302, "MRm_new": 4924.284451556206, "HITS@1m_new": 0.17313452429830795, "HITS@3m_new": 0.2691506668480288, "HITS@10m_new": 0.39874983300745953}