{"MRRm_new": 0.18853988945641048, "MRm_new": 637.0407943827138, "HITS@1m_new": 0.12268572160444091, "HITS@3m_new": 0.20450329823734137, "HITS@10m_new": 0.3199158497745448}