{"MRRm_new": 0.4127941530552334, "MRm_new": 138.8421401732713, "HITS@1m_new": 0.30910723535354917, "HITS@3m_new": 0.4586152649062133, "HITS@10m_new": 0.6148331269343035}