{"MRRm_new": 0.24365627353924266, "MRm_new": 360.6335364331901, "HITS@1m_new": 0.16882054411985883, "HITS@3m_new": 0.2663346062636483, "HITS@10m_new": 0.38818471065846827}