{"MRRm_new": 0.2994409934824171, "MRm_new": 522.6513207357004, "HITS@1m_new": 0.24163737384273554, "HITS@3m_new": 0.3179036621512787, "HITS@10m_new": 0.40850430175227664}