{"MRRm_new": 0.09482318778115005, "MRm_new": 711.101578279972, "HITS@1m_new": 0.05091261381680379, "HITS@3m_new": 0.09617430087795947, "HITS@10m_new": 0.17876382206520067}