{"MRRm_new": 0.341551252490744, "MRm_new": 205.93264382487536, "HITS@1m_new": 0.23292018612392712, "HITS@3m_new": 0.38264334901492114, "HITS@10m_new": 0.5644183075334877}