{"MRRm_new": 0.29801267483421723, "MRm_new": 692.499557156533, "HITS@1m_new": 0.2395884748820863, "HITS@3m_new": 0.3156615311330388, "HITS@10m_new": 0.4097900212383247}