{"MRRm_new": 0.08983345926383918, "MRm_new": 3956.6460241045716, "HITS@1m_new": 0.049804629670642316, "HITS@3m_new": 0.091773147532437, "HITS@10m_new": 0.17446747616501526}