{"MRRm_new": 0.1013972586967051, "MRm_new": 4154.561242282986, "HITS@1m_new": 0.056246391938999295, "HITS@3m_new": 0.10366995842298493, "HITS@10m_new": 0.1998243676662445}