{"MRRm_new": 0.2943268507597659, "MRm_new": 548.5832271735445, "HITS@1m_new": 0.2369011519458436, "HITS@3m_new": 0.31255795951272375, "HITS@10m_new": 0.40402578082143736}