{"MRRm_new": 0.21159051387630506, "MRm_new": 2124.947758762598, "HITS@1m_new": 0.14480939761872286, "HITS@3m_new": 0.22775601280445698, "HITS@10m_new": 0.34020201427696156}