{"MRRm_new": 0.41937628820066764, "MRm_new": 131.57841539247335, "HITS@1m_new": 0.31494252561122266, "HITS@3m_new": 0.46745350986869744, "HITS@10m_new": 0.6215977927770582}