{"MRRm_new": 0.10185318506526528, "MRm_new": 3696.8789628336667, "HITS@1m_new": 0.05907132349377498, "HITS@3m_new": 0.10711766070388258, "HITS@10m_new": 0.1921504182783887}