{"MRRm_new": 0.10214847684654524, "MRm_new": 478.4281011082411, "HITS@1m_new": 0.052153169580874965, "HITS@3m_new": 0.10332944301064126, "HITS@10m_new": 0.198176917634625}