{"MRRm_new": 0.289846494473617, "MRm_new": 2605.154185620159, "HITS@1m_new": 0.21363865570898632, "HITS@3m_new": 0.31365010132291354, "HITS@10m_new": 0.444108723080717}