{"MRRm_new": 0.09721910830422421, "MRm_new": 708.763918448019, "HITS@1m_new": 0.053776911188662055, "HITS@3m_new": 0.09824336136860075, "HITS@10m_new": 0.17969184883814304}