{"MRRm_new": 0.10175436865747498, "MRm_new": 17136.393238738478, "HITS@1m_new": 0.052705056141654494, "HITS@3m_new": 0.11541682788723846, "HITS@10m_new": 0.20116716406965862}