{"MRRm_new": 0.20833526297952584, "MRm_new": 1404.2182779051661, "HITS@1m_new": 0.13445805191854016, "HITS@3m_new": 0.22421404611805337, "HITS@10m_new": 0.35118961705896073}