{"MRRm_new": 0.21297144817854716, "MRm_new": 440.57333031847475, "HITS@1m_new": 0.13551891254308868, "HITS@3m_new": 0.23368253415195503, "HITS@10m_new": 0.3643047319649253}