{"MRRm_new": 0.3014540846514492, "MRm_new": 742.1301860706881, "HITS@1m_new": 0.226306653353211, "HITS@3m_new": 0.3291310489194002, "HITS@10m_new": 0.44528199995041357}