{"MRRm_new": 0.10145263953105459, "MRm_new": 4163.506253671121, "HITS@1m_new": 0.05671957548018545, "HITS@3m_new": 0.1038454241083935, "HITS@10m_new": 0.19963520979844035}