{"MRRm_new": 0.1967676938030796, "MRm_new": 464.65090726737975, "HITS@1m_new": 0.13256767042838036, "HITS@3m_new": 0.2082801395078539, "HITS@10m_new": 0.3271834473119583}