{"MRRm_new": 0.40486101042697736, "MRm_new": 264.92921834754196, "HITS@1m_new": 0.3386828405930282, "HITS@3m_new": 0.4317765011691954, "HITS@10m_new": 0.5264375910437374}