{"MRRm_new": 0.35557812600576927, "MRm_new": 387.9177335024625, "HITS@1m_new": 0.25557439223326944, "HITS@3m_new": 0.3947437549573733, "HITS@10m_new": 0.5541795236962789}