{"MRRm_new": 0.22793358527891042, "MRm_new": 4777.218532256574, "HITS@1m_new": 0.1703987106461427, "HITS@3m_new": 0.24709798239864175, "HITS@10m_new": 0.33172113139138676}