{"MRRm_new": 0.5223425528654562, "MRm_new": 173.16172967652977, "HITS@1m_new": 0.40958447371117657, "HITS@3m_new": 0.5839372403043126, "HITS@10m_new": 0.744203886909192}