{"MRRm_new": 0.08459755356364768, "MRm_new": 852.4109960989952, "HITS@1m_new": 0.048802733498660385, "HITS@3m_new": 0.08565745637561195, "HITS@10m_new": 0.1477705218862742}