{"MRRm_new": 0.30366106187328024, "MRm_new": 2277.2105217122735, "HITS@1m_new": 0.2236608162006014, "HITS@3m_new": 0.331604288179311, "HITS@10m_new": 0.47190408328041666}