{"MRRm_new": 0.27560918166672493, "MRm_new": 576.3024123244584, "HITS@1m_new": 0.21627554084764417, "HITS@3m_new": 0.29314482710355516, "HITS@10m_new": 0.3880939733431369}