{"MRRm_new": 0.0859043410849743, "MRm_new": 923.213961732006, "HITS@1m_new": 0.04957833862646949, "HITS@3m_new": 0.08728079003680032, "HITS@10m_new": 0.15099845295723063}