{"MRRm_new": 0.3813144433969492, "MRm_new": 1083.4767785859704, "HITS@1m_new": 0.2546268934076652, "HITS@3m_new": 0.43923463679268027, "HITS@10m_new": 0.644440196715761}