{"MRRm_new": 0.10119105458140548, "MRm_new": 616.1607849151611, "HITS@1m_new": 0.059075153229985154, "HITS@3m_new": 0.10300828275011736, "HITS@10m_new": 0.17813022983201082}