{"MRRm_new": 0.17938502902847903, "MRm_new": 822.0113733445406, "HITS@1m_new": 0.11397911976797695, "HITS@3m_new": 0.19584112002393886, "HITS@10m_new": 0.3120621001701875}