{"MRRm_new": 0.31297074950292425, "MRm_new": 342.1027935361564, "HITS@1m_new": 0.2176483311012853, "HITS@3m_new": 0.34680789556191305, "HITS@10m_new": 0.500704298089724}