{"MRRm_new": 0.09982374126375362, "MRm_new": 670.4174627187014, "HITS@1m_new": 0.055425619718938834, "HITS@3m_new": 0.10181685016352567, "HITS@10m_new": 0.18510954842391655}