{"MRRm_new": 0.5344655971854899, "MRm_new": 216.41792536131294, "HITS@1m_new": 0.4579431285950413, "HITS@3m_new": 0.568353816221017, "HITS@10m_new": 0.6780837844778144}