{"MRRm_new": 0.3122255461450186, "MRm_new": 591.9342081001178, "HITS@1m_new": 0.25344986251529916, "HITS@3m_new": 0.3343274551556387, "HITS@10m_new": 0.41907563634202233}