{"MRRm_new": 0.4906110555259438, "MRm_new": 216.0774705119729, "HITS@1m_new": 0.3838643898574519, "HITS@3m_new": 0.5473143428169751, "HITS@10m_new": 0.7041313149710877}