{"MRRm_new": 0.28003477629386364, "MRm_new": 488.5746006381512, "HITS@1m_new": 0.2214763897417688, "HITS@3m_new": 0.2965161770144186, "HITS@10m_new": 0.38941991404386134}