{"MRRm_new": 0.28892762401754774, "MRm_new": 823.6720960098356, "HITS@1m_new": 0.2328487460669021, "HITS@3m_new": 0.30601170384580473, "HITS@10m_new": 0.3973595982638508}