{"MRRm_new": 0.3945374732791988, "MRm_new": 190.97303192636372, "HITS@1m_new": 0.29302948320493305, "HITS@3m_new": 0.4365286937668498, "HITS@10m_new": 0.5951905091729277}