{"MRRm_new": 0.20906761462268697, "MRm_new": 2281.1918738304676, "HITS@1m_new": 0.14102200936131704, "HITS@3m_new": 0.23797103480588702, "HITS@10m_new": 0.3458363453859347}