{"MRRm_new": 0.36807417522787544, "MRm_new": 416.229917962499, "HITS@1m_new": 0.2852332211912144, "HITS@3m_new": 0.40198303987646433, "HITS@10m_new": 0.5269337138433257}