{"MRRm_new": 0.17078640090305708, "MRm_new": 365.6854451128721, "HITS@1m_new": 0.09663900407660986, "HITS@3m_new": 0.18675719464640134, "HITS@10m_new": 0.316128027127916}