{"MRRm_new": 0.22449702106883343, "MRm_new": 250.33091060700417, "HITS@1m_new": 0.14259181616824354, "HITS@3m_new": 0.23868629160905258, "HITS@10m_new": 0.3877141401753295}