{"MRRm_new": 0.49037773713321986, "MRm_new": 205.26744657731055, "HITS@1m_new": 0.3864778936842231, "HITS@3m_new": 0.5474677220453413, "HITS@10m_new": 0.6912937404527547}