{"MRRm_new": 0.17668801714829024, "MRm_new": 394.1397309721231, "HITS@1m_new": 0.11267139461723273, "HITS@3m_new": 0.1850986009764485, "HITS@10m_new": 0.3078391820273129}