{"MRRm_new": 0.19701820110995905, "MRm_new": 496.2718518054247, "HITS@1m_new": 0.12379023958186153, "HITS@3m_new": 0.21344615333448164, "HITS@10m_new": 0.3415252679188794}