{"MRRm_new": 0.19353912395651152, "MRm_new": 515.998403981097, "HITS@1m_new": 0.12615921194300245, "HITS@3m_new": 0.2053589972332993, "HITS@10m_new": 0.33060641040946936}