{"MRRm_new": 0.2202005691929544, "MRm_new": 4820.891471795439, "HITS@1m_new": 0.16044493567192694, "HITS@3m_new": 0.24083045471302467, "HITS@10m_new": 0.3305818843272864}