{"MRRm_new": 0.24345910150957498, "MRm_new": 487.8710064753532, "HITS@1m_new": 0.16998476176233962, "HITS@3m_new": 0.26107447214461865, "HITS@10m_new": 0.3888373808491975}