{"MRRm_new": 0.1858485526258619, "MRm_new": 2463.990618427396, "HITS@1m_new": 0.13635614818148314, "HITS@3m_new": 0.20069762697580154, "HITS@10m_new": 0.2834420535956742}