{"MRRm_new": 0.1355268513533497, "MRm_new": 4267.1530980726775, "HITS@1m_new": 0.08702497115571169, "HITS@3m_new": 0.14113983552069112, "HITS@10m_new": 0.22620858752216735}