{"MRRm_new": 0.2004316933930997, "MRm_new": 417.61934735434056, "HITS@1m_new": 0.13404953226544894, "HITS@3m_new": 0.21237332494270522, "HITS@10m_new": 0.33303435686910526}