{"MRRm_new": 0.1461533181804266, "MRm_new": 3310.328552531809, "HITS@1m_new": 0.09619225982570788, "HITS@3m_new": 0.15378736603001017, "HITS@10m_new": 0.23964162544187276}