{"MRRm_new": 0.6281991357598299, "MRm_new": 197.04424402040243, "HITS@1m_new": 0.5736297972731591, "HITS@3m_new": 0.6550034923128478, "HITS@10m_new": 0.7325742699267648}