{"MRRm_new": 0.10168152313640894, "MRm_new": 4151.841008161187, "HITS@1m_new": 0.05652094132639468, "HITS@3m_new": 0.10417635392984376, "HITS@10m_new": 0.20074272532351314}