{"MRRm_new": 0.21790772734864777, "MRm_new": 1700.1843417527675, "HITS@1m_new": 0.14633520634478192, "HITS@3m_new": 0.2364580146781518, "HITS@10m_new": 0.35469249113393014}