{"MRRm_new": 0.046480231065504994, "MRm_new": 3618.0743028035163, "HITS@1m_new": 0.021040890934615163, "HITS@3m_new": 0.04453700823240797, "HITS@10m_new": 0.09791589721462515}