{"MRRm_new": 0.5471777457368162, "MRm_new": 178.77156701729447, "HITS@1m_new": 0.4805062269181071, "HITS@3m_new": 0.5774262234262496, "HITS@10m_new": 0.6743567695438978}