{"MRRm_new": 0.18317503544864758, "MRm_new": 666.0339733131229, "HITS@1m_new": 0.11715418773444616, "HITS@3m_new": 0.19541162108040952, "HITS@10m_new": 0.31755582988294917}