{"MRRm_new": 0.3594104734595394, "MRm_new": 453.83901818495247, "HITS@1m_new": 0.29822481643830906, "HITS@3m_new": 0.3807859252083472, "HITS@10m_new": 0.4758000443583587}