{"MRRm_new": 0.2997149761706928, "MRm_new": 2190.19452826792, "HITS@1m_new": 0.2277946401909285, "HITS@3m_new": 0.31944560354173884, "HITS@10m_new": 0.44097853704425505}