{"MRRm_new": 0.06260468302009031, "MRm_new": 3537.7483915785924, "HITS@1m_new": 0.03532423346160794, "HITS@3m_new": 0.06297673224090977, "HITS@10m_new": 0.11199657098102761}