{"MRRm_new": 0.243728947020742, "MRm_new": 3561.4665489040613, "HITS@1m_new": 0.16686694766781876, "HITS@3m_new": 0.26218333560903556, "HITS@10m_new": 0.39292652789282145}