{"MRRm_new": 0.25016350302377577, "MRm_new": 3810.592497560501, "HITS@1m_new": 0.1729645265191939, "HITS@3m_new": 0.27287296206619066, "HITS@10m_new": 0.4004185732533515}