{"MRRm_new": 0.5190922931234254, "MRm_new": 158.3782445386052, "HITS@1m_new": 0.4075275885186893, "HITS@3m_new": 0.5794251469075135, "HITS@10m_new": 0.7383621556544822}