{"MRRm_new": 0.19810021252712323, "MRm_new": 288.5182254100084, "HITS@1m_new": 0.1303119501193345, "HITS@3m_new": 0.20564268238552613, "HITS@10m_new": 0.340425543326576}