{"MRRm_new": 0.1068923279464827, "MRm_new": 3740.922983432436, "HITS@1m_new": 0.06385704213860445, "HITS@3m_new": 0.11242985149393789, "HITS@10m_new": 0.19191692062318325}