{"MRRm_new": 0.07839781290977499, "MRm_new": 3577.4038007555755, "HITS@1m_new": 0.03776319162957952, "HITS@3m_new": 0.08095582239930808, "HITS@10m_new": 0.1596926428312363}