{"MRRm_new": 0.11119604264095542, "MRm_new": 432.24882273654936, "HITS@1m_new": 0.05730274898307398, "HITS@3m_new": 0.11738167490554043, "HITS@10m_new": 0.21572068894049154}