{"MRRm_new": 0.16296400684714535, "MRm_new": 1286.4365614646524, "HITS@1m_new": 0.1084051838897758, "HITS@3m_new": 0.17795058282234458, "HITS@10m_new": 0.2699402786042847}