{"MRRm_new": 0.4815639434336708, "MRm_new": 180.25539198206366, "HITS@1m_new": 0.3767222438058416, "HITS@3m_new": 0.5326029210471024, "HITS@10m_new": 0.6944354177583592}