{"MRRm_new": 0.3564094029587677, "MRm_new": 457.74732817458363, "HITS@1m_new": 0.29513143844425577, "HITS@3m_new": 0.3777688305178926, "HITS@10m_new": 0.47246421918817216}