{"MRRm_new": 0.11297409216763189, "MRm_new": 622.6706445302486, "HITS@1m_new": 0.06419675855692476, "HITS@3m_new": 0.11934591338245663, "HITS@10m_new": 0.20609234993900172}