{"MRRm_new": 0.1084273237810121, "MRm_new": 3886.6459017597913, "HITS@1m_new": 0.06283143126498908, "HITS@3m_new": 0.11309796862774528, "HITS@10m_new": 0.2000707699200604}