{"MRRm_new": 0.28713961494508383, "MRm_new": 2618.7550468677878, "HITS@1m_new": 0.2102334577862057, "HITS@3m_new": 0.3189544256292284, "HITS@10m_new": 0.4393267043069936}