{"MRRm_new": 0.14956881722717372, "MRm_new": 2805.154809639883, "HITS@1m_new": 0.08971655822042376, "HITS@3m_new": 0.17206842336747796, "HITS@10m_new": 0.26971509716436265}