{"MRRm_new": 0.17539539507900737, "MRm_new": 675.2205520554558, "HITS@1m_new": 0.11046040662796804, "HITS@3m_new": 0.19024790909694275, "HITS@10m_new": 0.30449495863926856}