{"MRRm_new": 0.10083378971117199, "MRm_new": 666.5432644946098, "HITS@1m_new": 0.0575624498810037, "HITS@3m_new": 0.10474890418255237, "HITS@10m_new": 0.18210020581200953}