{"MRRm_new": 0.19619633031473205, "MRm_new": 505.42172682762146, "HITS@1m_new": 0.13402139311119682, "HITS@3m_new": 0.20697971178013833, "HITS@10m_new": 0.3209043208181625}