{"MRRm_new": 0.1393422809028034, "MRm_new": 3773.370711783588, "HITS@1m_new": 0.0925329416465247, "HITS@3m_new": 0.1436069778352685, "HITS@10m_new": 0.22856431703965063}