{"MRRm_new": 0.22321543949150802, "MRm_new": 263.71943595929145, "HITS@1m_new": 0.1403550497388118, "HITS@3m_new": 0.23756555691463874, "HITS@10m_new": 0.3890000064283144}