{"MRRm_new": 0.12756979025315104, "MRm_new": 743.6427843831926, "HITS@1m_new": 0.07198996588934824, "HITS@3m_new": 0.134374022407108, "HITS@10m_new": 0.23850284077203832}