{"MRRm_new": 0.1777940789003769, "MRm_new": 692.5210168063879, "HITS@1m_new": 0.11784273068141192, "HITS@3m_new": 0.18882319545063656, "HITS@10m_new": 0.2987444139084779}