{"MRRm_new": 0.07689129907244023, "MRm_new": 3707.4173731197716, "HITS@1m_new": 0.03708102536009392, "HITS@3m_new": 0.08057761465314252, "HITS@10m_new": 0.15872033774232114}