{"MRRm_new": 0.2952611389742342, "MRm_new": 241.86742581938208, "HITS@1m_new": 0.21379975529968942, "HITS@3m_new": 0.32550432241279487, "HITS@10m_new": 0.452400880592053}