{"MRRm_new": 0.24884800753487799, "MRm_new": 181.06797863020896, "HITS@1m_new": 0.14327895007231273, "HITS@3m_new": 0.2798825529504567, "HITS@10m_new": 0.47813720218744127}