{"MRRm_new": 0.1925274937655544, "MRm_new": 302.91956237351894, "HITS@1m_new": 0.12372967193187796, "HITS@3m_new": 0.19845014584612217, "HITS@10m_new": 0.3367053804947995}