{"MRRm_new": 0.1928971336407585, "MRm_new": 2990.5476085896494, "HITS@1m_new": 0.14184788188699168, "HITS@3m_new": 0.20552675957913744, "HITS@10m_new": 0.29519444285755164}