{"MRRm_new": 0.19038497851113498, "MRm_new": 601.3001886679649, "HITS@1m_new": 0.11864269751443061, "HITS@3m_new": 0.2046015945094172, "HITS@10m_new": 0.3343434987628367}