{"MRRm_new": 0.49061105548299383, "MRm_new": 216.07747000652552, "HITS@1m_new": 0.3838643898574519, "HITS@3m_new": 0.5473143428169751, "HITS@10m_new": 0.7041313149710877}