{"MRRm_new": 0.09988033363359719, "MRm_new": 605.1145703744888, "HITS@1m_new": 0.05446334574207431, "HITS@3m_new": 0.10036646938112098, "HITS@10m_new": 0.19067285715105245}