{"MRRm_new": 0.10384168372061595, "MRm_new": 16703.158111149965, "HITS@1m_new": 0.056199293504469096, "HITS@3m_new": 0.11576615968556143, "HITS@10m_new": 0.20144437681999988}