{"MRRm_new": 0.07925866283918004, "MRm_new": 1005.1980663785935, "HITS@1m_new": 0.04579998417464085, "HITS@3m_new": 0.07875730069318088, "HITS@10m_new": 0.14083263827678746}