{"MRRm_new": 0.09377205223643541, "MRm_new": 797.7976215520621, "HITS@1m_new": 0.050636779844900594, "HITS@3m_new": 0.09520470452525187, "HITS@10m_new": 0.17569860069346613}