{"MRRm_new": 0.14437837284699298, "MRm_new": 2321.31765884158, "HITS@1m_new": 0.09367766500689322, "HITS@3m_new": 0.1498666081088886, "HITS@10m_new": 0.2350897366408608}