{"MRRm_new": 0.13368673340105944, "MRm_new": 3771.8299449271262, "HITS@1m_new": 0.08668151079157542, "HITS@3m_new": 0.1387585984787147, "HITS@10m_new": 0.22691530803983914}