{"MRRm_new": 0.2566141721610502, "MRm_new": 3354.7106004625557, "HITS@1m_new": 0.1789483997771895, "HITS@3m_new": 0.2791364096837788, "HITS@10m_new": 0.40923400454322106}