{"MRRm_new": 0.2028758848695925, "MRm_new": 2264.4211624881027, "HITS@1m_new": 0.13865010681474815, "HITS@3m_new": 0.21434721332017215, "HITS@10m_new": 0.3276785616610723}