{"MRRm_new": 0.26810675690163227, "MRm_new": 3340.1804675641656, "HITS@1m_new": 0.19188154420559295, "HITS@3m_new": 0.2924485422061989, "HITS@10m_new": 0.42289545386331157}