{"MRRm_new": 0.24866483452015292, "MRm_new": 3176.050156927973, "HITS@1m_new": 0.1809696181078325, "HITS@3m_new": 0.2667421253033681, "HITS@10m_new": 0.3792737576375366}