{"MRRm_new": 0.28083863651527646, "MRm_new": 178.2737830114603, "HITS@1m_new": 0.1920950297448784, "HITS@3m_new": 0.31167018276043235, "HITS@10m_new": 0.4591020489075221}