{"MRRm_new": 0.15719944378769923, "MRm_new": 2701.8227550915776, "HITS@1m_new": 0.10267738011299661, "HITS@3m_new": 0.17247094011105946, "HITS@10m_new": 0.26578628702645074}