{"MRRm_new": 0.14796532313133184, "MRm_new": 3943.993337480217, "HITS@1m_new": 0.09582591023533314, "HITS@3m_new": 0.15456967442893074, "HITS@10m_new": 0.2504139207805856}