{"MRRm_new": 0.24806863656098768, "MRm_new": 6273.2679356920125, "HITS@1m_new": 0.16960675194760552, "HITS@3m_new": 0.2692782113405992, "HITS@10m_new": 0.4070972109176801}