{"MRRm_new": 0.24083357802630054, "MRm_new": 4899.112431399226, "HITS@1m_new": 0.16550377092433335, "HITS@3m_new": 0.2628177257481002, "HITS@10m_new": 0.38785765820747475}