{"MRRm_new": 0.19217972899793132, "MRm_new": 514.8845484558567, "HITS@1m_new": 0.12561668750589525, "HITS@3m_new": 0.20565808819955783, "HITS@10m_new": 0.32690113856012615}