{"MRRm_new": 0.3173037457635678, "MRm_new": 341.95391510364414, "HITS@1m_new": 0.2201650202316232, "HITS@3m_new": 0.3504722102873493, "HITS@10m_new": 0.5076009835447185}