{"MRRm_new": 0.38846858224620157, "MRm_new": 184.47851808273793, "HITS@1m_new": 0.28656029408534234, "HITS@3m_new": 0.43228996465632374, "HITS@10m_new": 0.5855764231833746}