{"MRRm_new": 0.40829967086352464, "MRm_new": 298.3846246236712, "HITS@1m_new": 0.3406331059649347, "HITS@3m_new": 0.4396580885378498, "HITS@10m_new": 0.52840966316704}