{"MRRm_new": 0.08076773621942557, "MRm_new": 664.4913856007576, "HITS@1m_new": 0.040182451691641474, "HITS@3m_new": 0.07902920378489653, "HITS@10m_new": 0.1615679435692844}