{"MRRm_new": 0.08890359509962437, "MRm_new": 535.0418815690041, "HITS@1m_new": 0.04117459279353498, "HITS@3m_new": 0.0926626765903784, "HITS@10m_new": 0.1792888080438599}