{"MRRm_new": 0.1396913762975696, "MRm_new": 3308.567214163095, "HITS@1m_new": 0.09446963972317463, "HITS@3m_new": 0.14021685351119959, "HITS@10m_new": 0.2270409465509292}