{"MRRm_new": 0.12243666106074816, "MRm_new": 458.09545229532716, "HITS@1m_new": 0.06892426141824108, "HITS@3m_new": 0.1275728611604776, "HITS@10m_new": 0.22727612350862472}