{"MRRm_new": 0.5168185318943997, "MRm_new": 235.47110624784978, "HITS@1m_new": 0.453090009169071, "HITS@3m_new": 0.5440815503325285, "HITS@10m_new": 0.6370485804622731}