{"MRRm_new": 0.18355349039108843, "MRm_new": 578.0539194279194, "HITS@1m_new": 0.12350389965320938, "HITS@3m_new": 0.19253824692799243, "HITS@10m_new": 0.3035254000200424}