{"MRRm_new": 0.21176459395411656, "MRm_new": 165.82205821347236, "HITS@1m_new": 0.10277236898788251, "HITS@3m_new": 0.24496741243023426, "HITS@10m_new": 0.4462038620752282}