{"MRRm_new": 0.004353411965242413, "MRm_new": 5102.7831585694075, "HITS@1m_new": 0.0012895827994216234, "HITS@3m_new": 0.0030080276309512556, "HITS@10m_new": 0.007771490166988223}