{"MRRm_new": 0.19622107323293858, "MRm_new": 477.813992376633, "HITS@1m_new": 0.1255800270208638, "HITS@3m_new": 0.20850718357681036, "HITS@10m_new": 0.3396501320212119}