{"MRRm_new": 0.1907167800951298, "MRm_new": 484.9902954371691, "HITS@1m_new": 0.12794652077113278, "HITS@3m_new": 0.2008262466193177, "HITS@10m_new": 0.31669126007487064}