{"MRRm_new": 0.37500126149349305, "MRm_new": 239.50258882836997, "HITS@1m_new": 0.274383165719235, "HITS@3m_new": 0.4174606700133518, "HITS@10m_new": 0.5693081616777199}