{"MRRm_new": 0.10029526473589204, "MRm_new": 16249.56508919382, "HITS@1m_new": 0.05684928139508702, "HITS@3m_new": 0.10747520863614045, "HITS@10m_new": 0.19114829582185486}