{"MRRm_new": 0.2943801271976331, "MRm_new": 1933.8797047913968, "HITS@1m_new": 0.21476376459299354, "HITS@3m_new": 0.32801390906982125, "HITS@10m_new": 0.45195069059869275}