{"MRRm_new": 0.1956050054870182, "MRm_new": 406.8776627926588, "HITS@1m_new": 0.12993157312326367, "HITS@3m_new": 0.21083578670131975, "HITS@10m_new": 0.3204886907430831}