{"MRRm_new": 0.07922253176586819, "MRm_new": 1018.8320928929805, "HITS@1m_new": 0.045959398640692234, "HITS@3m_new": 0.07917322591865668, "HITS@10m_new": 0.14079268135854509}