{"MRRm_new": 0.0740240729271377, "MRm_new": 16404.89410088131, "HITS@1m_new": 0.03637068762572017, "HITS@3m_new": 0.0747796618383145, "HITS@10m_new": 0.15382920829148497}