{"MRRm_new": 0.34210688905097686, "MRm_new": 464.86824778537454, "HITS@1m_new": 0.2478780440422197, "HITS@3m_new": 0.37818247831876217, "HITS@10m_new": 0.5295738940388838}