{"MRRm_new": 0.18393079460434092, "MRm_new": 610.3611622977331, "HITS@1m_new": 0.11963572703283352, "HITS@3m_new": 0.1942874376652253, "HITS@10m_new": 0.31565554008048274}