{"MRRm_new": 0.10493439768817334, "MRm_new": 639.9700705118895, "HITS@1m_new": 0.05848689590683207, "HITS@3m_new": 0.1074510060569737, "HITS@10m_new": 0.1939559585667681}