{"MRRm_new": 0.15019278081138873, "MRm_new": 4060.5553081044554, "HITS@1m_new": 0.09652048218810523, "HITS@3m_new": 0.16055271865197573, "HITS@10m_new": 0.2548899544783344}