{"MRRm_new": 0.10622516461313061, "MRm_new": 577.2616584733724, "HITS@1m_new": 0.06103016036603949, "HITS@3m_new": 0.10629993330388098, "HITS@10m_new": 0.1904241610281635}