{"MRRm_new": 0.694605401533644, "MRm_new": 146.78685280875862, "HITS@1m_new": 0.6387615475948988, "HITS@3m_new": 0.7237460405561505, "HITS@10m_new": 0.8006148222192423}