{"MRRm_new": 0.2333219440738525, "MRm_new": 242.3636518426895, "HITS@1m_new": 0.15462047566580586, "HITS@3m_new": 0.2494387418141123, "HITS@10m_new": 0.38895695609916003}