{"MRRm_new": 0.14810652553318096, "MRm_new": 4223.294410048276, "HITS@1m_new": 0.09886254519608337, "HITS@3m_new": 0.15392510875158769, "HITS@10m_new": 0.24485797681540133}