{"MRRm_new": 0.19378343816281676, "MRm_new": 1947.195346901089, "HITS@1m_new": 0.12752292454900452, "HITS@3m_new": 0.20447010669461452, "HITS@10m_new": 0.3244282798421336}