{"MRRm_new": 0.1836941799419612, "MRm_new": 339.10119547457697, "HITS@1m_new": 0.11184747758607846, "HITS@3m_new": 0.19602730100112967, "HITS@10m_new": 0.31897277303591254}