{"MRRm_new": 0.09523092472675489, "MRm_new": 658.1474933336497, "HITS@1m_new": 0.05271888456531451, "HITS@3m_new": 0.0964545326518186, "HITS@10m_new": 0.1783633736123913}