{"MRRm_new": 0.17035087659907003, "MRm_new": 567.3932884705185, "HITS@1m_new": 0.10759406284334254, "HITS@3m_new": 0.17896589274236466, "HITS@10m_new": 0.3033797036215197}