{"MRRm_new": 0.09742535807502281, "MRm_new": 687.7350846834421, "HITS@1m_new": 0.05388176947621396, "HITS@3m_new": 0.09798526094352128, "HITS@10m_new": 0.18140857725101522}