{"MRRm_new": 0.27908098304084616, "MRm_new": 583.9819462985993, "HITS@1m_new": 0.20710244200162925, "HITS@3m_new": 0.3025732371936174, "HITS@10m_new": 0.42252985394681675}