{"MRRm_new": 0.1285074324336283, "MRm_new": 720.1314619062244, "HITS@1m_new": 0.07045917309220386, "HITS@3m_new": 0.13709068685682724, "HITS@10m_new": 0.24372001508159155}