{"MRRm_new": 0.1462877054582018, "MRm_new": 3177.9892325182855, "HITS@1m_new": 0.09603396905126282, "HITS@3m_new": 0.15445983196474844, "HITS@10m_new": 0.2412061145280313}