{"MRRm_new": 0.10448342216840974, "MRm_new": 3962.3973806877852, "HITS@1m_new": 0.06452962891175412, "HITS@3m_new": 0.11099073362280615, "HITS@10m_new": 0.18531711699124426}