{"MRRm_new": 0.2273893681501999, "MRm_new": 563.5434195593118, "HITS@1m_new": 0.1535947456782451, "HITS@3m_new": 0.2450453635503538, "HITS@10m_new": 0.3747913263936993}