{"MRRm_new": 0.1871998294321188, "MRm_new": 2055.7228791776897, "HITS@1m_new": 0.12105892976588803, "HITS@3m_new": 0.19882976676212274, "HITS@10m_new": 0.31488811727659777}