{"MRRm_new": 0.10258733328001253, "MRm_new": 601.1527161525488, "HITS@1m_new": 0.058905803727789315, "HITS@3m_new": 0.10207256654682569, "HITS@10m_new": 0.18577199077918194}