{"MRRm_new": 0.17604537581787882, "MRm_new": 406.58207940268517, "HITS@1m_new": 0.11171724448027671, "HITS@3m_new": 0.1853319871738553, "HITS@10m_new": 0.30659066161422527}