{"MRRm_new": 0.41037759731440926, "MRm_new": 454.1907314338014, "HITS@1m_new": 0.34763973630765393, "HITS@3m_new": 0.43345883341509034, "HITS@10m_new": 0.5287956414159162}