{"MRRm_new": 0.2970030464300551, "MRm_new": 163.2311550749302, "HITS@1m_new": 0.20675625395420938, "HITS@3m_new": 0.3285363129073288, "HITS@10m_new": 0.477425725823082}