{"MRRm_new": 0.09338419285212149, "MRm_new": 567.0982954779624, "HITS@1m_new": 0.044588178503594825, "HITS@3m_new": 0.09703935506823473, "HITS@10m_new": 0.18272116210036912}