{"MRRm_new": 0.2505482842968422, "MRm_new": 780.208384103924, "HITS@1m_new": 0.19316532547041787, "HITS@3m_new": 0.26745913946625294, "HITS@10m_new": 0.35998218162472406}