{"MRRm_new": 0.10236294930666918, "MRm_new": 16644.196902727843, "HITS@1m_new": 0.06274068493337837, "HITS@3m_new": 0.11052469556237338, "HITS@10m_new": 0.1818492035557283}