{"MRRm_new": 0.17218640503835558, "MRm_new": 3221.0733035974204, "HITS@1m_new": 0.11466805676276999, "HITS@3m_new": 0.18728330946332425, "HITS@10m_new": 0.2922904894133098}