{"MRRm_new": 0.18550682435641283, "MRm_new": 2148.5908731567265, "HITS@1m_new": 0.12201826492708642, "HITS@3m_new": 0.19470304528030102, "HITS@10m_new": 0.3089896125738742}