{"MRRm_new": 0.12479016949718498, "MRm_new": 427.47309351148607, "HITS@1m_new": 0.06970975262057036, "HITS@3m_new": 0.1316012572650332, "HITS@10m_new": 0.2322418902012985}