{"MRRm_new": 0.07784682015987437, "MRm_new": 3560.07011714755, "HITS@1m_new": 0.03687644415188697, "HITS@3m_new": 0.08040242294846393, "HITS@10m_new": 0.16036624572101574}