{"MRRm_new": 0.23066119019243797, "MRm_new": 506.5450649196953, "HITS@1m_new": 0.15960174130091037, "HITS@3m_new": 0.2521091184554534, "HITS@10m_new": 0.36753832052038343}