{"MRRm_new": 0.19004318516482907, "MRm_new": 571.278006027326, "HITS@1m_new": 0.12394123376467178, "HITS@3m_new": 0.20306257015778464, "HITS@10m_new": 0.3232882665781799}