{"MRRm_new": 0.33917388224380285, "MRm_new": 522.453689865604, "HITS@1m_new": 0.2752866287961406, "HITS@3m_new": 0.36013402229072017, "HITS@10m_new": 0.4619162383998846}