{"MRRm_new": 0.3556603105099757, "MRm_new": 473.8462871557102, "HITS@1m_new": 0.27508518960754735, "HITS@3m_new": 0.3882861071926054, "HITS@10m_new": 0.5102860875264087}