{"MRRm_new": 0.2015502504228325, "MRm_new": 449.9116626459137, "HITS@1m_new": 0.12996418825890213, "HITS@3m_new": 0.2161677648660552, "HITS@10m_new": 0.3461400194462512}