{"MRRm_new": 0.21200378152695157, "MRm_new": 2031.803484342456, "HITS@1m_new": 0.14431672518266714, "HITS@3m_new": 0.2269991450320231, "HITS@10m_new": 0.34342996051805674}