{"MRRm_new": 0.19291424053996162, "MRm_new": 511.0199923038706, "HITS@1m_new": 0.12607551709543258, "HITS@3m_new": 0.20569184860706083, "HITS@10m_new": 0.32854708319210474}