{"MRRm_new": 0.13627571417359105, "MRm_new": 3844.058510750979, "HITS@1m_new": 0.08686067042471404, "HITS@3m_new": 0.1483386658472591, "HITS@10m_new": 0.23637739851580045}