{"MRRm_new": 0.20362176943619414, "MRm_new": 669.1241479477405, "HITS@1m_new": 0.1303398245867458, "HITS@3m_new": 0.22359020900549367, "HITS@10m_new": 0.3453362911670003}