{"MRRm_new": 0.23277668486775802, "MRm_new": 247.7249307638407, "HITS@1m_new": 0.15520738810221665, "HITS@3m_new": 0.24750616991030983, "HITS@10m_new": 0.38739698230344805}