{"MRRm_new": 0.3119760180644089, "MRm_new": 2047.5342199425995, "HITS@1m_new": 0.2301782933032373, "HITS@3m_new": 0.33667822322202845, "HITS@10m_new": 0.48380127983976856}