{"MRRm_new": 0.10673350911410671, "MRm_new": 595.3950627898455, "HITS@1m_new": 0.06255022510342532, "HITS@3m_new": 0.10999097038159379, "HITS@10m_new": 0.18769211960911053}