{"MRRm_new": 0.12351687764429517, "MRm_new": 549.6079285558224, "HITS@1m_new": 0.07410607137555489, "HITS@3m_new": 0.13019081690354506, "HITS@10m_new": 0.21555457650749013}