{"MRRm_new": 0.14530119346345746, "MRm_new": 307.44630689766404, "HITS@1m_new": 0.08061541063319892, "HITS@3m_new": 0.1550044118802063, "HITS@10m_new": 0.2732087549487129}