{"MRRm_new": 0.43421045791021334, "MRm_new": 792.9309034169912, "HITS@1m_new": 0.36083203287038484, "HITS@3m_new": 0.46405370189182577, "HITS@10m_new": 0.5732231773313979}