{"MRRm_new": 0.1913756283836219, "MRm_new": 517.7005082472936, "HITS@1m_new": 0.12544012469634616, "HITS@3m_new": 0.20446541074533525, "HITS@10m_new": 0.3251269675187723}