{"MRRm_new": 0.210476098640509, "MRm_new": 350.2355559941053, "HITS@1m_new": 0.13197934396855998, "HITS@3m_new": 0.22842941812204662, "HITS@10m_new": 0.36959308412238023}