{"MRRm_new": 0.17720552593116917, "MRm_new": 729.2383309260905, "HITS@1m_new": 0.11812823786173249, "HITS@3m_new": 0.19161725015064077, "HITS@10m_new": 0.28921984039378}