{"MRRm_new": 0.27101004205963725, "MRm_new": 300.8214649701267, "HITS@1m_new": 0.19317274952415028, "HITS@3m_new": 0.29727521470242935, "HITS@10m_new": 0.4201090779643855}