{"MRRm_new": 0.23709814022321235, "MRm_new": 4783.7652267615795, "HITS@1m_new": 0.17499558087973854, "HITS@3m_new": 0.25915026374027367, "HITS@10m_new": 0.3465004665832093}