{"MRRm_new": 0.15459801295421358, "MRm_new": 3868.9294221725463, "HITS@1m_new": 0.10082454477107967, "HITS@3m_new": 0.16053727697953582, "HITS@10m_new": 0.26213355960446644}