{"MRRm_new": 0.30494177108659826, "MRm_new": 2342.330151318759, "HITS@1m_new": 0.2258798941395944, "HITS@3m_new": 0.33277005060063675, "HITS@10m_new": 0.46218860816094093}