{"MRRm_new": 0.6073792322901318, "MRm_new": 112.43341269209236, "HITS@1m_new": 0.5360383844027274, "HITS@3m_new": 0.645591324089939, "HITS@10m_new": 0.7378881480875716}