{"MRRm_new": 0.276500230726851, "MRm_new": 2291.821481795698, "HITS@1m_new": 0.20204109203873669, "HITS@3m_new": 0.3011009583891719, "HITS@10m_new": 0.42164737372283706}