{"MRRm_new": 0.4887908174837121, "MRm_new": 165.43074639716744, "HITS@1m_new": 0.38177783565740175, "HITS@3m_new": 0.5418831261410086, "HITS@10m_new": 0.7055986269296264}