{"MRRm_new": 0.1329439013422402, "MRm_new": 4115.342565265953, "HITS@1m_new": 0.08658931737061357, "HITS@3m_new": 0.13290673500392586, "HITS@10m_new": 0.22566300870783743}