{"MRRm_new": 0.12307716980046389, "MRm_new": 449.0717809321165, "HITS@1m_new": 0.06866838797761593, "HITS@3m_new": 0.12873289964930154, "HITS@10m_new": 0.22871009148899465}