{"MRRm_new": 0.24456125128234, "MRm_new": 3780.773456859261, "HITS@1m_new": 0.18445139499471405, "HITS@3m_new": 0.258262634174258, "HITS@10m_new": 0.36187819477991434}