{"MRRm_new": 0.17918363586869382, "MRm_new": 406.5366952401042, "HITS@1m_new": 0.11344052816699841, "HITS@3m_new": 0.18682318457476796, "HITS@10m_new": 0.32059574034498073}