{"MRRm_new": 0.3012212157626159, "MRm_new": 2446.139906855285, "HITS@1m_new": 0.23176284705509897, "HITS@3m_new": 0.32216002259901144, "HITS@10m_new": 0.4401137619658548}