{"MRRm_new": 0.25191229299483237, "MRm_new": 154.54087072944643, "HITS@1m_new": 0.14681118151750416, "HITS@3m_new": 0.28264697920624166, "HITS@10m_new": 0.47103062258027495}