{"MRRm_new": 0.24810470355973485, "MRm_new": 3836.0760444251896, "HITS@1m_new": 0.17188900633511367, "HITS@3m_new": 0.2679786018904997, "HITS@10m_new": 0.39991292252985294}