{"MRRm_new": 0.25728876796803524, "MRm_new": 359.74689895982743, "HITS@1m_new": 0.17947712021437473, "HITS@3m_new": 0.2744323553353548, "HITS@10m_new": 0.4185599298136309}