{"MRRm_new": 0.34515441367533733, "MRm_new": 574.8136385619268, "HITS@1m_new": 0.2811182262789698, "HITS@3m_new": 0.3707683200622123, "HITS@10m_new": 0.4673491881513655}