{"MRRm_new": 0.0802609997285952, "MRm_new": 979.6762092615128, "HITS@1m_new": 0.04636641130619682, "HITS@3m_new": 0.08065790049136849, "HITS@10m_new": 0.14348968566942494}