{"MRRm_new": 0.3217876108045439, "MRm_new": 203.13162262529136, "HITS@1m_new": 0.22245367018994874, "HITS@3m_new": 0.3545903051791247, "HITS@10m_new": 0.519620057529537}