{"MRRm_new": 0.1807458083981255, "MRm_new": 918.569123760438, "HITS@1m_new": 0.11410173787026433, "HITS@3m_new": 0.1954127930490533, "HITS@10m_new": 0.312154615681991}