{"MRRm_new": 0.2385817660319546, "MRm_new": 468.89692342033385, "HITS@1m_new": 0.16469791404090356, "HITS@3m_new": 0.25227594169648365, "HITS@10m_new": 0.3902085166241042}