{"MRRm_new": 0.11685191662811267, "MRm_new": 774.0707914403677, "HITS@1m_new": 0.07079760039544199, "HITS@3m_new": 0.12202400357455481, "HITS@10m_new": 0.2020567890766426}