{"MRRm_new": 0.24263672676962889, "MRm_new": 187.5083380339861, "HITS@1m_new": 0.13746133130490779, "HITS@3m_new": 0.2733660196792334, "HITS@10m_new": 0.46535505951475353}