{"MRRm_new": 0.18329238988426141, "MRm_new": 1927.695019487053, "HITS@1m_new": 0.11949392823397648, "HITS@3m_new": 0.19389755084761418, "HITS@10m_new": 0.31073561319545845}