{"MRRm_new": 0.1162530744040836, "MRm_new": 680.2013338047028, "HITS@1m_new": 0.06945111369726946, "HITS@3m_new": 0.12015549703196157, "HITS@10m_new": 0.2073001158755389}