{"MRRm_new": 0.10071212917829107, "MRm_new": 657.5802827427387, "HITS@1m_new": 0.05737413791123545, "HITS@3m_new": 0.10439258050284116, "HITS@10m_new": 0.18254457585309866}