{"MRRm_new": 0.2505634643543381, "MRm_new": 392.24168510487675, "HITS@1m_new": 0.1734290214751236, "HITS@3m_new": 0.28008581844322905, "HITS@10m_new": 0.39656050959203276}