{"MRRm_new": 0.1020274002055099, "MRm_new": 447.99004681634904, "HITS@1m_new": 0.05082326031546108, "HITS@3m_new": 0.10497529982728884, "HITS@10m_new": 0.20072545140492729}