{"MRRm_new": 0.18621020434115781, "MRm_new": 396.12440363616946, "HITS@1m_new": 0.11948361909199157, "HITS@3m_new": 0.19348464471307233, "HITS@10m_new": 0.32877368924617767}