{"MRRm_new": 0.08179944053092622, "MRm_new": 865.2034674765348, "HITS@1m_new": 0.045479580938338766, "HITS@3m_new": 0.08372317860721377, "HITS@10m_new": 0.1477569471041905}