{"MRRm_new": 0.0879395021645032, "MRm_new": 893.849267125678, "HITS@1m_new": 0.050820359784993344, "HITS@3m_new": 0.08932624530864414, "HITS@10m_new": 0.1570345073809498}