{"MRRm_new": 0.22014204845722707, "MRm_new": 287.03009191524984, "HITS@1m_new": 0.13963470053183846, "HITS@3m_new": 0.2349101487508975, "HITS@10m_new": 0.3797155679609627}