{"MRRm_new": 0.09791810638334428, "MRm_new": 4052.411081522107, "HITS@1m_new": 0.05398835819144733, "HITS@3m_new": 0.10236700605000369, "HITS@10m_new": 0.1963852671898436}