{"MRRm_new": 0.30231006036317193, "MRm_new": 2732.161468257904, "HITS@1m_new": 0.22829242843948305, "HITS@3m_new": 0.3205412063614931, "HITS@10m_new": 0.45941141805564983}