{"MRRm_new": 0.229880168424992, "MRm_new": 443.4818343431711, "HITS@1m_new": 0.15482814569595502, "HITS@3m_new": 0.24653436872223392, "HITS@10m_new": 0.3830033693712205}