{"MRRm_new": 0.1066649149792982, "MRm_new": 605.5352042264939, "HITS@1m_new": 0.06305867593793664, "HITS@3m_new": 0.11034306973206112, "HITS@10m_new": 0.1865554227992543}