{"MRRm_new": 0.09480810698122805, "MRm_new": 500.4278564172506, "HITS@1m_new": 0.044879702695261224, "HITS@3m_new": 0.09864098236425779, "HITS@10m_new": 0.18976639283993282}