{"MRRm_new": 0.004137910203433421, "MRm_new": 5139.351592564297, "HITS@1m_new": 0.0008516714392229914, "HITS@3m_new": 0.00318802227540873, "HITS@10m_new": 0.007875633463077247}