{"MRRm_new": 0.1039501492859723, "MRm_new": 445.3530258980751, "HITS@1m_new": 0.05197298669884913, "HITS@3m_new": 0.10730393272703513, "HITS@10m_new": 0.20403652746174483}