{"MRRm_new": 0.39431409130752126, "MRm_new": 309.464743257612, "HITS@1m_new": 0.30619067506654757, "HITS@3m_new": 0.43253117101927274, "HITS@10m_new": 0.5630796980174054}