{"MRRm_new": 0.1564638970833662, "MRm_new": 3797.4743709536197, "HITS@1m_new": 0.10462441949322238, "HITS@3m_new": 0.16143125909147785, "HITS@10m_new": 0.26047530337516217}