{"MRRm_new": 0.0025707181610059708, "MRm_new": 5194.547886315346, "HITS@1m_new": 0.00037516979497740976, "HITS@3m_new": 0.0011336485490610357, "HITS@10m_new": 0.004767017981430399}