{"MRRm_new": 0.17546419411456446, "MRm_new": 345.81941164960864, "HITS@1m_new": 0.10382901915566181, "HITS@3m_new": 0.18964262676454383, "HITS@10m_new": 0.31574978270409626}