{"MRRm_new": 0.40332605022352436, "MRm_new": 357.90459083259105, "HITS@1m_new": 0.3146154897414199, "HITS@3m_new": 0.443057469193609, "HITS@10m_new": 0.577307501534051}