{"MRRm_new": 0.11417651966279664, "MRm_new": 4077.890856557751, "HITS@1m_new": 0.06931957491599024, "HITS@3m_new": 0.12209543947163037, "HITS@10m_new": 0.2064992477590684}