{"MRRm_new": 0.09107344882522284, "MRm_new": 16105.079560112208, "HITS@1m_new": 0.05148167387826834, "HITS@3m_new": 0.09554609360627364, "HITS@10m_new": 0.17527438460534905}