{"MRRm_new": 0.7293631682873165, "MRm_new": 37.98608496697247, "HITS@1m_new": 0.6384502178713738, "HITS@3m_new": 0.7951236367433739, "HITS@10m_new": 0.8864842689545476}