{"MRRm_new": 0.24808412886517908, "MRm_new": 399.0506238346398, "HITS@1m_new": 0.17145277176196397, "HITS@3m_new": 0.2771723902196536, "HITS@10m_new": 0.3924410804809595}