{"MRRm_new": 0.22451369163137133, "MRm_new": 252.95845331072806, "HITS@1m_new": 0.14299124022606993, "HITS@3m_new": 0.2384982014338486, "HITS@10m_new": 0.38582033923040143}