{"MRRm_new": 0.31542748944585036, "MRm_new": 1903.5154379214644, "HITS@1m_new": 0.23404503899463452, "HITS@3m_new": 0.34537626185553383, "HITS@10m_new": 0.4745487787339371}