{"MRRm_new": 0.13352521790591854, "MRm_new": 408.9893090914488, "HITS@1m_new": 0.07688371162121184, "HITS@3m_new": 0.1391636878391786, "HITS@10m_new": 0.24408672126471648}