{"MRRm_new": 0.16852629407608127, "MRm_new": 621.1963580495641, "HITS@1m_new": 0.10369397681149713, "HITS@3m_new": 0.1829827934784844, "HITS@10m_new": 0.2989099293388535}