{"MRRm_new": 0.27260735556997817, "MRm_new": 2359.301097375691, "HITS@1m_new": 0.20527802186673216, "HITS@3m_new": 0.2917572099299723, "HITS@10m_new": 0.4024887177006749}