{"MRRm_new": 0.44943077488605104, "MRm_new": 548.2008279630319, "HITS@1m_new": 0.38066940129907745, "HITS@3m_new": 0.4794622335769527, "HITS@10m_new": 0.5782751829598856}