{"MRRm_new": 0.27690678166074756, "MRm_new": 3386.244158965945, "HITS@1m_new": 0.19706871275341836, "HITS@3m_new": 0.3121462548922282, "HITS@10m_new": 0.43228953980270307}