{"MRRm_new": 0.19477983087208303, "MRm_new": 512.2374413521067, "HITS@1m_new": 0.12519777670664917, "HITS@3m_new": 0.2112201247610501, "HITS@10m_new": 0.33279974493390907}