{"MRRm_new": 0.4267403403778899, "MRm_new": 263.9062888161242, "HITS@1m_new": 0.3341860684859275, "HITS@3m_new": 0.4688607474513774, "HITS@10m_new": 0.6051498813802536}