{"MRRm_new": 0.09188721572620998, "MRm_new": 755.7716836282968, "HITS@1m_new": 0.05078112558029243, "HITS@3m_new": 0.0923783530494431, "HITS@10m_new": 0.16999791991716484}