{"MRRm_new": 0.20308808456194127, "MRm_new": 416.71315501066294, "HITS@1m_new": 0.13122352341678925, "HITS@3m_new": 0.21806272841782992, "HITS@10m_new": 0.34664766962565047}