{"MRRm_new": 0.07879369988625058, "MRm_new": 3599.004874807462, "HITS@1m_new": 0.03819380368974817, "HITS@3m_new": 0.08127648014290026, "HITS@10m_new": 0.16265326379307954}