{"MRRm_new": 0.46690684678452726, "MRm_new": 307.0370556119308, "HITS@1m_new": 0.40510350861126426, "HITS@3m_new": 0.49056393470322657, "HITS@10m_new": 0.5843096992401734}