{"MRRm_new": 0.09637615685900965, "MRm_new": 747.3971621804237, "HITS@1m_new": 0.0538089402868296, "HITS@3m_new": 0.0965578172294423, "HITS@10m_new": 0.1758729204318719}