{"MRRm_new": 0.10689452264270367, "MRm_new": 606.1946432493448, "HITS@1m_new": 0.06325208660822827, "HITS@3m_new": 0.11035148828077362, "HITS@10m_new": 0.1871612561803893}