{"MRRm_new": 0.1853724798348967, "MRm_new": 705.4184722887278, "HITS@1m_new": 0.12747877876438723, "HITS@3m_new": 0.19785224535853194, "HITS@10m_new": 0.29497620795811236}