{"MRRm_new": 0.7090385639512405, "MRm_new": 154.68956257954986, "HITS@1m_new": 0.6486720448861597, "HITS@3m_new": 0.7432062480848981, "HITS@10m_new": 0.8208703493233479}