{"MRRm_new": 0.31732646330543773, "MRm_new": 834.503315373838, "HITS@1m_new": 0.26017240998085617, "HITS@3m_new": 0.3406015971207671, "HITS@10m_new": 0.4201108495220942}