{"MRRm_new": 0.24660891846285404, "MRm_new": 4116.895125335395, "HITS@1m_new": 0.1695998510124773, "HITS@3m_new": 0.27033165973865836, "HITS@10m_new": 0.396019044751185}