{"MRRm_new": 0.14645795813846188, "MRm_new": 4288.04970591411, "HITS@1m_new": 0.09744444038263464, "HITS@3m_new": 0.15300054198037832, "HITS@10m_new": 0.242159832590507}