{"MRRm_new": 0.40597015800683856, "MRm_new": 267.3209528316781, "HITS@1m_new": 0.3371755013287329, "HITS@3m_new": 0.4364927594280598, "HITS@10m_new": 0.5310603744817054}