{"MRRm_new": 0.11124964907560206, "MRm_new": 636.7516232723475, "HITS@1m_new": 0.0626284420190379, "HITS@3m_new": 0.11613701683634427, "HITS@10m_new": 0.20434631140194834}