{"MRRm_new": 0.6038557935013669, "MRm_new": 207.28469371329248, "HITS@1m_new": 0.5456991421450912, "HITS@3m_new": 0.6328336063906245, "HITS@10m_new": 0.7144306672352614}