{"MRRm_new": 0.1347409757660589, "MRm_new": 3647.6550769388973, "HITS@1m_new": 0.08756390011844632, "HITS@3m_new": 0.13999743035132997, "HITS@10m_new": 0.22814674964931328}