{"MRRm_new": 0.7145360721539437, "MRm_new": 135.3852225191891, "HITS@1m_new": 0.6580684193827765, "HITS@3m_new": 0.7454004345880021, "HITS@10m_new": 0.8210176199610578}