{"MRRm_new": 0.06934302498853212, "MRm_new": 1011.8884972065925, "HITS@1m_new": 0.03401317622489296, "HITS@3m_new": 0.07062150702617365, "HITS@10m_new": 0.13358916280060076}