{"MRRm_new": 0.09469985180694948, "MRm_new": 16757.66069905007, "HITS@1m_new": 0.04759162231383379, "HITS@3m_new": 0.10507916352711617, "HITS@10m_new": 0.19051556261023506}