{"MRRm_new": 0.6039597589968362, "MRm_new": 52.06348187085986, "HITS@1m_new": 0.4529404496567149, "HITS@3m_new": 0.7193610336650162, "HITS@10m_new": 0.8675682713589631}