{"MRRm_new": 0.4027886170612128, "MRm_new": 289.9495727621913, "HITS@1m_new": 0.31396030585866536, "HITS@3m_new": 0.44094756939045693, "HITS@10m_new": 0.5757034920895676}