{"MRRm_new": 0.4226350029795385, "MRm_new": 247.1545954873264, "HITS@1m_new": 0.31678324329029783, "HITS@3m_new": 0.4705220650741976, "HITS@10m_new": 0.6387214811556914}