{"MRRm_new": 0.17268293961293876, "MRm_new": 773.7088418912291, "HITS@1m_new": 0.11542223205158371, "HITS@3m_new": 0.18711614076450134, "HITS@10m_new": 0.2812757800986583}