{"MRRm_new": 0.08935192772369628, "MRm_new": 3975.640647639966, "HITS@1m_new": 0.04984189194962382, "HITS@3m_new": 0.0912907582981512, "HITS@10m_new": 0.173680613907706}