{"MRRm_new": 0.2177891187275003, "MRm_new": 249.2900108718872, "HITS@1m_new": 0.12120770962573588, "HITS@3m_new": 0.2384036194860935, "HITS@10m_new": 0.422245055417344}