{"MRRm_new": 0.22571110032620637, "MRm_new": 356.9021826781988, "HITS@1m_new": 0.14503996958979407, "HITS@3m_new": 0.23575081849140114, "HITS@10m_new": 0.42721213712068273}