{"MRRm_new": 0.1311414219991816, "MRm_new": 4123.899581339031, "HITS@1m_new": 0.08746887067324133, "HITS@3m_new": 0.13023920745853684, "HITS@10m_new": 0.2190080888358061}