{"MRRm_new": 0.0920580564509175, "MRm_new": 4139.176634218526, "HITS@1m_new": 0.04861744193625636, "HITS@3m_new": 0.09871406078129076, "HITS@10m_new": 0.18557730958140456}