{"MRRm_new": 0.12308725317301286, "MRm_new": 593.1472463899374, "HITS@1m_new": 0.07384522215040633, "HITS@3m_new": 0.12949526379682358, "HITS@10m_new": 0.2147121302214451}