{"MRRm_new": 0.0959199389065784, "MRm_new": 16186.968620889693, "HITS@1m_new": 0.05968563008354977, "HITS@3m_new": 0.10257791800191626, "HITS@10m_new": 0.16529303153010552}