{"MRRm_new": 0.3932821600866773, "MRm_new": 185.09449263980986, "HITS@1m_new": 0.29269683481728864, "HITS@3m_new": 0.4347298482144397, "HITS@10m_new": 0.5909195213710191}