{"MRRm_new": 0.17106592979897395, "MRm_new": 813.7156411810637, "HITS@1m_new": 0.11372088112535421, "HITS@3m_new": 0.178169516235881, "HITS@10m_new": 0.2874534070236841}