{"MRRm_new": 0.0696996363497572, "MRm_new": 930.4140770101309, "HITS@1m_new": 0.03451313791056164, "HITS@3m_new": 0.07008261847280664, "HITS@10m_new": 0.13357651482159272}