{"MRRm_new": 0.12295571364464412, "MRm_new": 578.3947718868494, "HITS@1m_new": 0.07425555013283155, "HITS@3m_new": 0.12860733637862723, "HITS@10m_new": 0.2147511288910173}