{"MRRm_new": 0.10561286153151013, "MRm_new": 3727.910982965088, "HITS@1m_new": 0.06212552078971639, "HITS@3m_new": 0.11254129531881772, "HITS@10m_new": 0.19031183888809755}