{"MRRm_new": 0.10018434723469254, "MRm_new": 4166.341498318052, "HITS@1m_new": 0.05532729523405433, "HITS@3m_new": 0.10333005050616338, "HITS@10m_new": 0.1967298642766662}