{"MRRm_new": 0.11939613628912193, "MRm_new": 617.9534419264793, "HITS@1m_new": 0.07115870876298286, "HITS@3m_new": 0.12563478652418125, "HITS@10m_new": 0.20707893686403986}