{"MRRm_new": 0.1854026335190065, "MRm_new": 690.4994523366928, "HITS@1m_new": 0.12615173564641735, "HITS@3m_new": 0.19649824521902484, "HITS@10m_new": 0.3059100666143233}