{"MRRm_new": 0.5083648564310661, "MRm_new": 167.10877093158663, "HITS@1m_new": 0.3983946648158344, "HITS@3m_new": 0.5679447974922405, "HITS@10m_new": 0.7245456581706239}