{"MRRm_new": 0.4298831326566715, "MRm_new": 801.3455984024704, "HITS@1m_new": 0.3000302133336663, "HITS@3m_new": 0.501541875760071, "HITS@10m_new": 0.6912692804711406}