{"MRRm_new": 0.21331293738858367, "MRm_new": 560.4406926513195, "HITS@1m_new": 0.13825535546791506, "HITS@3m_new": 0.23178763935408206, "HITS@10m_new": 0.3631872949077806}