{"MRRm_new": 0.10264332956405124, "MRm_new": 4160.867427827525, "HITS@1m_new": 0.057010979364346716, "HITS@3m_new": 0.10749469008850865, "HITS@10m_new": 0.20024998406218364}