{"MRRm_new": 0.20873173978589765, "MRm_new": 360.54477714767455, "HITS@1m_new": 0.13303770525045694, "HITS@3m_new": 0.22459125445706304, "HITS@10m_new": 0.3599613058645336}