{"MRRm_new": 0.19144483500606022, "MRm_new": 539.480210586451, "HITS@1m_new": 0.12490755972620173, "HITS@3m_new": 0.20267922943871236, "HITS@10m_new": 0.3270861653573375}