{"MRRm_new": 0.09985290878953765, "MRm_new": 3506.2966688643023, "HITS@1m_new": 0.05702605068002595, "HITS@3m_new": 0.10480215858767042, "HITS@10m_new": 0.18650637720384475}