{"MRRm_new": 0.5791049785199038, "MRm_new": 186.1595177207589, "HITS@1m_new": 0.5024046064250725, "HITS@3m_new": 0.6194070459869836, "HITS@10m_new": 0.7161239850082202}