{"MRRm_new": 0.256338480777722, "MRm_new": 2887.90111830923, "HITS@1m_new": 0.18602302444913948, "HITS@3m_new": 0.2772599491428846, "HITS@10m_new": 0.3896537519129342}