{"MRRm_new": 0.11163703036143562, "MRm_new": 4010.371791185522, "HITS@1m_new": 0.06799043660024182, "HITS@3m_new": 0.11769865818186663, "HITS@10m_new": 0.20080379835627973}