{"MRRm_new": 0.10615622749246395, "MRm_new": 574.1771959436178, "HITS@1m_new": 0.0598229131566477, "HITS@3m_new": 0.1085022502188629, "HITS@10m_new": 0.19456571188373492}