{"MRRm_new": 0.15685836109304274, "MRm_new": 3568.3840818238855, "HITS@1m_new": 0.10253072562227317, "HITS@3m_new": 0.16470484756218504, "HITS@10m_new": 0.2652269143660815}