{"MRRm_new": 0.08865660562586564, "MRm_new": 779.6541532789469, "HITS@1m_new": 0.047084617262566464, "HITS@3m_new": 0.08992549791819184, "HITS@10m_new": 0.1673335037383833}