{"MRRm_new": 0.19078141549315913, "MRm_new": 526.7079881066799, "HITS@1m_new": 0.12810793112649116, "HITS@3m_new": 0.1986892958038021, "HITS@10m_new": 0.31751208857737945}