{"MRRm_new": 0.10501356476168439, "MRm_new": 559.9511282994986, "HITS@1m_new": 0.06048824216746725, "HITS@3m_new": 0.10600162224108353, "HITS@10m_new": 0.19054406572929583}