{"MRRm_new": 0.19500848239238439, "MRm_new": 1848.1958251637518, "HITS@1m_new": 0.12529691018426092, "HITS@3m_new": 0.20917414813832147, "HITS@10m_new": 0.33063182515627704}