{"MRRm_new": 0.0461823159704345, "MRm_new": 3624.653577008292, "HITS@1m_new": 0.02065938262679265, "HITS@3m_new": 0.04416777080092288, "HITS@10m_new": 0.09759330449982372}