{"MRRm_new": 0.21138829587392957, "MRm_new": 3336.6785987921357, "HITS@1m_new": 0.15410716750660503, "HITS@3m_new": 0.23237066601267725, "HITS@10m_new": 0.3270615843455453}