{"MRRm_new": 0.35383186790041143, "MRm_new": 421.5455614443049, "HITS@1m_new": 0.29336812459659634, "HITS@3m_new": 0.37315415755664433, "HITS@10m_new": 0.4693117830403025}