{"MRRm_new": 0.08587870568574817, "MRm_new": 16183.95741181612, "HITS@1m_new": 0.04239213466714136, "HITS@3m_new": 0.09390234969597076, "HITS@10m_new": 0.17655019918613835}