{"MRRm_new": 0.21357699399031024, "MRm_new": 3273.307764575392, "HITS@1m_new": 0.1639823796970595, "HITS@3m_new": 0.22741705517769878, "HITS@10m_new": 0.31299961113631436}