{"MRRm_new": 0.16551026091051899, "MRm_new": 573.4665080636739, "HITS@1m_new": 0.1041292828620819, "HITS@3m_new": 0.17495750064497115, "HITS@10m_new": 0.29115511783100667}