{"MRRm_new": 0.5339296006530694, "MRm_new": 242.129713139534, "HITS@1m_new": 0.4686212404712896, "HITS@3m_new": 0.5613385335041384, "HITS@10m_new": 0.6597949125351151}