{"MRRm_new": 0.09086466802000359, "MRm_new": 995.6740274778605, "HITS@1m_new": 0.05033447159081698, "HITS@3m_new": 0.09118526231925934, "HITS@10m_new": 0.16612281287878286}