{"MRRm_new": 0.4226791890938402, "MRm_new": 433.8885772312731, "HITS@1m_new": 0.362908180249382, "HITS@3m_new": 0.44479583829047625, "HITS@10m_new": 0.5369868361671397}