{"MRRm_new": 0.264084078681891, "MRm_new": 338.8291063384533, "HITS@1m_new": 0.1832018784516491, "HITS@3m_new": 0.2859209198913537, "HITS@10m_new": 0.4256980414687656}