{"MRRm_new": 0.11598618752681068, "MRm_new": 830.5081987880468, "HITS@1m_new": 0.06945133787095546, "HITS@3m_new": 0.11889076517360518, "HITS@10m_new": 0.20377093907470117}