{"MRRm_new": 0.1976623659211662, "MRm_new": 408.7629598361015, "HITS@1m_new": 0.13515108960795916, "HITS@3m_new": 0.20989909182647243, "HITS@10m_new": 0.3199396777878748}