{"MRRm_new": 0.18708880716785734, "MRm_new": 653.4762861930207, "HITS@1m_new": 0.12159479879046194, "HITS@3m_new": 0.203292925945123, "HITS@10m_new": 0.31766335862751294}