{"MRRm_new": 0.18956155154706067, "MRm_new": 505.34672000644207, "HITS@1m_new": 0.12755411046999507, "HITS@3m_new": 0.19968212874506133, "HITS@10m_new": 0.31403430068660526}