{"MRRm_new": 0.22807850783271133, "MRm_new": 300.0646740450859, "HITS@1m_new": 0.14159213613063912, "HITS@3m_new": 0.24205728822608363, "HITS@10m_new": 0.41808560553560964}