{"MRRm_new": 0.30304931249756556, "MRm_new": 230.89309855622054, "HITS@1m_new": 0.22085253956231463, "HITS@3m_new": 0.33311951599449097, "HITS@10m_new": 0.46086166550105556}