{"MRRm_new": 0.19212143097538775, "MRm_new": 586.3137564781681, "HITS@1m_new": 0.1222597314489467, "HITS@3m_new": 0.20915285654731633, "HITS@10m_new": 0.33104191138270833}