{"MRRm_new": 0.07815516588727223, "MRm_new": 3560.340612512544, "HITS@1m_new": 0.03714568263947149, "HITS@3m_new": 0.08097996137554583, "HITS@10m_new": 0.16045423598332856}