{"MRRm_new": 0.2611360229018792, "MRm_new": 4071.437322839439, "HITS@1m_new": 0.19370641932601576, "HITS@3m_new": 0.28859958185331197, "HITS@10m_new": 0.3835832406624395}