{"MRRm_new": 0.7293655020191727, "MRm_new": 37.985943553492426, "HITS@1m_new": 0.6384127178698836, "HITS@3m_new": 0.7951236367433739, "HITS@10m_new": 0.8864842689545476}