{"MRRm_new": 0.2192387519131107, "MRm_new": 373.73378751406074, "HITS@1m_new": 0.12838328618116793, "HITS@3m_new": 0.2460191167999292, "HITS@10m_new": 0.4083491559446702}