{"MRRm_new": 0.1903380552719873, "MRm_new": 560.1775988878683, "HITS@1m_new": 0.12417592748899552, "HITS@3m_new": 0.20209589132232578, "HITS@10m_new": 0.32409794066246106}