{"MRRm_new": 0.11391216428668122, "MRm_new": 4086.3448171617506, "HITS@1m_new": 0.0693490110354498, "HITS@3m_new": 0.12115042192614638, "HITS@10m_new": 0.20422420167890376}