{"MRRm_new": 0.15093592755326699, "MRm_new": 4019.0389365451633, "HITS@1m_new": 0.09910844682487369, "HITS@3m_new": 0.15719672186287062, "HITS@10m_new": 0.25369948187352565}