{"MRRm_new": 0.3403676755107781, "MRm_new": 196.3477205067873, "HITS@1m_new": 0.24615333136744447, "HITS@3m_new": 0.38400193380686687, "HITS@10m_new": 0.5191522123262985}