{"MRRm_new": 0.2546769346160986, "MRm_new": 743.1832868909836, "HITS@1m_new": 0.1460436536319321, "HITS@3m_new": 0.29337874737509995, "HITS@10m_new": 0.4734618043671362}