{"MRRm_new": 0.3546947939658876, "MRm_new": 499.78309575188905, "HITS@1m_new": 0.2898082747004519, "HITS@3m_new": 0.3802907974176851, "HITS@10m_new": 0.47857653169383046}