{"MRRm_new": 0.1755994051408352, "MRm_new": 2354.991612799719, "HITS@1m_new": 0.1259596050431137, "HITS@3m_new": 0.18885719700463233, "HITS@10m_new": 0.2764458802801382}