{"MRRm_new": 0.10148313263066375, "MRm_new": 618.391929479146, "HITS@1m_new": 0.059783413546200606, "HITS@3m_new": 0.10291190705207992, "HITS@10m_new": 0.17840453949492657}