{"MRRm_new": 0.30603497884070247, "MRm_new": 450.07041932088134, "HITS@1m_new": 0.21277923057274892, "HITS@3m_new": 0.33995136768650264, "HITS@10m_new": 0.48961767126340416}