{"MRRm_new": 0.4141475124855451, "MRm_new": 270.61890055722, "HITS@1m_new": 0.3108538188438724, "HITS@3m_new": 0.4618168359641131, "HITS@10m_new": 0.6235310578114295}