{"MRRm_new": 0.3258389497429289, "MRm_new": 603.9584278386459, "HITS@1m_new": 0.2642018936745881, "HITS@3m_new": 0.34752631323111566, "HITS@10m_new": 0.4418370293273256}