{"MRRm_new": 0.24295673782822905, "MRm_new": 1019.2053225595206, "HITS@1m_new": 0.18084721272504975, "HITS@3m_new": 0.2636701645549765, "HITS@10m_new": 0.36205956234474435}