{"MRRm_new": 0.11013524986306439, "MRm_new": 3796.3715292695047, "HITS@1m_new": 0.06797557440977543, "HITS@3m_new": 0.11493278638590128, "HITS@10m_new": 0.1918845432932023}