{"MRRm_new": 0.10773874703026813, "MRm_new": 712.2971764651298, "HITS@1m_new": 0.06304985115529271, "HITS@3m_new": 0.11031866775227245, "HITS@10m_new": 0.18932947564356728}