{"MRRm_new": 0.10353907164666015, "MRm_new": 445.74673056659697, "HITS@1m_new": 0.05202565257046372, "HITS@3m_new": 0.10640496423081496, "HITS@10m_new": 0.20292288696579636}