{"MRRm_new": 0.3147594096894654, "MRm_new": 2166.4055865303276, "HITS@1m_new": 0.2332926758422982, "HITS@3m_new": 0.3475980477303965, "HITS@10m_new": 0.475209213652648}