{"MRRm_new": 0.19284367970302538, "MRm_new": 1894.5515785280763, "HITS@1m_new": 0.12441990636091213, "HITS@3m_new": 0.20624300818989286, "HITS@10m_new": 0.3241849159465637}