{"MRRm_new": 0.4438555044092891, "MRm_new": 394.34162754321096, "HITS@1m_new": 0.3811749310959713, "HITS@3m_new": 0.4667977641315374, "HITS@10m_new": 0.5613758978106198}