{"MRRm_new": 0.29188854091940086, "MRm_new": 1987.0807668810487, "HITS@1m_new": 0.2143243611039361, "HITS@3m_new": 0.315941714727669, "HITS@10m_new": 0.4473754805973731}