{"MRRm_new": 0.23589386426763959, "MRm_new": 244.3663896408558, "HITS@1m_new": 0.1513949912728043, "HITS@3m_new": 0.2532963820785284, "HITS@10m_new": 0.40949295102274047}