{"MRRm_new": 0.5572264098856958, "MRm_new": 176.96255558744818, "HITS@1m_new": 0.4814740220369422, "HITS@3m_new": 0.5918340738254628, "HITS@10m_new": 0.6985710695986636}