{"MRRm_new": 0.3147735429231279, "MRm_new": 648.9579624079391, "HITS@1m_new": 0.23815381410063127, "HITS@3m_new": 0.3442577168429998, "HITS@10m_new": 0.46055670542154986}