{"MRRm_new": 0.5760724332598711, "MRm_new": 236.03583559961618, "HITS@1m_new": 0.5085595149446599, "HITS@3m_new": 0.6070546301656213, "HITS@10m_new": 0.705777012341423}