{"MRRm_new": 0.382162132830078, "MRm_new": 335.3916341500282, "HITS@1m_new": 0.31569549304486644, "HITS@3m_new": 0.410692557270042, "HITS@10m_new": 0.5005624255172443}