{"MRRm_new": 0.22164673353908584, "MRm_new": 353.5818705361128, "HITS@1m_new": 0.14346466050036252, "HITS@3m_new": 0.24281477100362536, "HITS@10m_new": 0.37671952346531906}