{"MRRm_new": 0.11764184573994425, "MRm_new": 492.95332224817275, "HITS@1m_new": 0.06511063140984624, "HITS@3m_new": 0.12252435252816067, "HITS@10m_new": 0.22160256305320655}