{"MRRm_new": 0.25342900646251365, "MRm_new": 367.861418670392, "HITS@1m_new": 0.17711849468076835, "HITS@3m_new": 0.2725032448418904, "HITS@10m_new": 0.4099764206803404}