{"MRRm_new": 0.15901807484057498, "MRm_new": 883.1594407749415, "HITS@1m_new": 0.09201244969848776, "HITS@3m_new": 0.17201946879663738, "HITS@10m_new": 0.29045484220241197}