{"MRRm_new": 0.07355425150047404, "MRm_new": 16676.036568617732, "HITS@1m_new": 0.03856094306823798, "HITS@3m_new": 0.07475283354590646, "HITS@10m_new": 0.14306590767460875}