{"MRRm_new": 0.17709017124278761, "MRm_new": 519.3645881447569, "HITS@1m_new": 0.1112585641220503, "HITS@3m_new": 0.18974608316660668, "HITS@10m_new": 0.31133523812477504}