{"MRRm_new": 0.09047132054829563, "MRm_new": 3921.3014614465237, "HITS@1m_new": 0.04817444651573896, "HITS@3m_new": 0.09261224763132632, "HITS@10m_new": 0.18144943387303503}