{"MRRm_new": 0.3184995251709779, "MRm_new": 834.4763866470307, "HITS@1m_new": 0.2619012023712348, "HITS@3m_new": 0.3410780203567847, "HITS@10m_new": 0.42076363884379314}