{"MRRm_new": 0.11181157100742711, "MRm_new": 4006.189192958665, "HITS@1m_new": 0.06815110082635656, "HITS@3m_new": 0.11747849727789872, "HITS@10m_new": 0.20127187086697668}