{"MRRm_new": 0.37486861823617984, "MRm_new": 93.59527129679918, "HITS@1m_new": 0.24717415586093558, "HITS@3m_new": 0.4358684997684322, "HITS@10m_new": 0.6272061742893129}