{"MRRm_new": 0.44856821336644315, "MRm_new": 232.65151438367366, "HITS@1m_new": 0.35122258764895375, "HITS@3m_new": 0.49486448701707925, "HITS@10m_new": 0.6417116484679573}