{"MRRm_new": 0.18993182737214465, "MRm_new": 624.6861739229188, "HITS@1m_new": 0.12139136710587627, "HITS@3m_new": 0.20617215603626754, "HITS@10m_new": 0.3270768791991723}