{"MRRm_new": 0.17221728356409313, "MRm_new": 3235.818623470217, "HITS@1m_new": 0.11520511861122214, "HITS@3m_new": 0.19248126374054117, "HITS@10m_new": 0.2890646847721}