{"MRRm_new": 0.18333290307338757, "MRm_new": 328.61840506565574, "HITS@1m_new": 0.11146692758242134, "HITS@3m_new": 0.19496082491073757, "HITS@10m_new": 0.3193112324574671}