{"MRRm_new": 0.4298819787668317, "MRm_new": 801.346010088414, "HITS@1m_new": 0.3000302133336663, "HITS@3m_new": 0.501541875760071, "HITS@10m_new": 0.6911442804711405}