{"MRRm_new": 0.14391006108326382, "MRm_new": 4497.779163382083, "HITS@1m_new": 0.09564154761798273, "HITS@3m_new": 0.15027820497885114, "HITS@10m_new": 0.23702745431840594}