{"MRRm_new": 0.13828743917235806, "MRm_new": 3428.3382524809836, "HITS@1m_new": 0.08874245891426108, "HITS@3m_new": 0.1462918517848302, "HITS@10m_new": 0.2315209761189035}