{"MRRm_new": 0.35301940707062385, "MRm_new": 425.9315570205525, "HITS@1m_new": 0.2888124827614156, "HITS@3m_new": 0.3781751005158294, "HITS@10m_new": 0.4729785408366151}