{"MRRm_new": 0.15811996583940707, "MRm_new": 1035.5754686721564, "HITS@1m_new": 0.10563649891091335, "HITS@3m_new": 0.1703158734322533, "HITS@10m_new": 0.2575487357814563}