{"MRRm_new": 0.30827011702369145, "MRm_new": 396.1434202513695, "HITS@1m_new": 0.22716119540240107, "HITS@3m_new": 0.33742622436454983, "HITS@10m_new": 0.46972980156179256}