{"MRRm_new": 0.25950730772838143, "MRm_new": 364.16279990005495, "HITS@1m_new": 0.18000076758591457, "HITS@3m_new": 0.2810335033860523, "HITS@10m_new": 0.4222865333464928}