{"MRRm_new": 0.10244278954072651, "MRm_new": 4156.910396846223, "HITS@1m_new": 0.05670444094045088, "HITS@3m_new": 0.10759544013100676, "HITS@10m_new": 0.20153808720083907}