{"MRRm_new": 0.16887166585486102, "MRm_new": 939.5647017673477, "HITS@1m_new": 0.11454755916337309, "HITS@3m_new": 0.1812234454354766, "HITS@10m_new": 0.2742131003651884}