{"MRRm_new": 0.07554882515832433, "MRm_new": 867.8279120709896, "HITS@1m_new": 0.03771405648475047, "HITS@3m_new": 0.07717256176626543, "HITS@10m_new": 0.1460797051483416}