{"MRRm_new": 0.31458698517093764, "MRm_new": 850.5009678723737, "HITS@1m_new": 0.25795565762203476, "HITS@3m_new": 0.3340882017641343, "HITS@10m_new": 0.42410700449092836}