{"MRRm_new": 0.07251255263715575, "MRm_new": 870.3391035127878, "HITS@1m_new": 0.03606746634794399, "HITS@3m_new": 0.07369336114058969, "HITS@10m_new": 0.14055981225980213}