{"MRRm_new": 0.2906626171168796, "MRm_new": 2420.555876050323, "HITS@1m_new": 0.21463875753607134, "HITS@3m_new": 0.31403046602301765, "HITS@10m_new": 0.44549460293725135}