{"MRRm_new": 0.19165875984980812, "MRm_new": 531.3415519190356, "HITS@1m_new": 0.12462444553322348, "HITS@3m_new": 0.20301557300501735, "HITS@10m_new": 0.3277524986524804}