{"MRRm_new": 0.1078883706581064, "MRm_new": 3909.421839853093, "HITS@1m_new": 0.05656339577600011, "HITS@3m_new": 0.11596946460357867, "HITS@10m_new": 0.21461127779184608}