{"MRRm_new": 0.6421511276291303, "MRm_new": 189.14100862880795, "HITS@1m_new": 0.5810076902573055, "HITS@3m_new": 0.6761152770557673, "HITS@10m_new": 0.7569294964247092}