{"MRRm_new": 0.20020489940790775, "MRm_new": 455.5682795659825, "HITS@1m_new": 0.12934891822968347, "HITS@3m_new": 0.2146743662146182, "HITS@10m_new": 0.3435474184193481}