{"MRRm_new": 0.29534318130249815, "MRm_new": 717.2879858243764, "HITS@1m_new": 0.23763379177779642, "HITS@3m_new": 0.3123799664648614, "HITS@10m_new": 0.4062279140527971}