{"MRRm_new": 0.11396573145328584, "MRm_new": 4095.705056207824, "HITS@1m_new": 0.07034247652525082, "HITS@3m_new": 0.12040023897192441, "HITS@10m_new": 0.20274439021856525}