{"MRRm_new": 0.11055052067882207, "MRm_new": 4035.977834678054, "HITS@1m_new": 0.06773763100472278, "HITS@3m_new": 0.11649161726678722, "HITS@10m_new": 0.19798960487185976}