{"MRRm_new": 0.1520177812021675, "MRm_new": 3639.2420995242, "HITS@1m_new": 0.10004753276883276, "HITS@3m_new": 0.1603632766285882, "HITS@10m_new": 0.25266099466788}