{"MRRm_new": 0.43711494886014135, "MRm_new": 279.7740348291993, "HITS@1m_new": 0.3397658075276122, "HITS@3m_new": 0.48690894199529794, "HITS@10m_new": 0.6282852733081782}