{"MRRm_new": 0.06214574512232412, "MRm_new": 3520.9048072718306, "HITS@1m_new": 0.03484840208195965, "HITS@3m_new": 0.06278253693274019, "HITS@10m_new": 0.11085858804468444}