{"MRRm_new": 0.0999588091567839, "MRm_new": 3534.5966282056943, "HITS@1m_new": 0.056913932810333794, "HITS@3m_new": 0.10721392553916667, "HITS@10m_new": 0.18496543963627482}