{"MRRm_new": 0.4293981616143301, "MRm_new": 107.09615370059014, "HITS@1m_new": 0.3260394518700341, "HITS@3m_new": 0.47709952633035574, "HITS@10m_new": 0.6329157180348121}