{"MRRm_new": 0.1894294444256584, "MRm_new": 630.8032785581872, "HITS@1m_new": 0.12276327189812582, "HITS@3m_new": 0.2056852229247015, "HITS@10m_new": 0.32415624686490263}