{"MRRm_new": 0.04703597991970037, "MRm_new": 3634.1496389828176, "HITS@1m_new": 0.02083529064813047, "HITS@3m_new": 0.045273339588165984, "HITS@10m_new": 0.09895829090851475}