{"MRRm_new": 0.23406074308689712, "MRm_new": 560.2098452159881, "HITS@1m_new": 0.1620821932386374, "HITS@3m_new": 0.2497227548629977, "HITS@10m_new": 0.37856827068803833}