{"MRRm_new": 0.31068309625249957, "MRm_new": 1945.0101186403035, "HITS@1m_new": 0.22766730073234068, "HITS@3m_new": 0.3417626105657546, "HITS@10m_new": 0.47603600787813777}