{"MRRm_new": 0.23910889839196753, "MRm_new": 374.21604308710096, "HITS@1m_new": 0.16359240806619638, "HITS@3m_new": 0.25827384950220583, "HITS@10m_new": 0.39341276224153116}