{"MRRm_new": 0.2796647842214097, "MRm_new": 879.1022831646726, "HITS@1m_new": 0.22569318042672967, "HITS@3m_new": 0.29849608569370323, "HITS@10m_new": 0.3823542575755855}