{"MRRm_new": 0.29041013943926647, "MRm_new": 2475.47921410051, "HITS@1m_new": 0.21233799438993448, "HITS@3m_new": 0.3116390114008682, "HITS@10m_new": 0.45196910692052916}