{"MRRm_new": 0.25899061046314864, "MRm_new": 3133.987818559438, "HITS@1m_new": 0.1887760105720372, "HITS@3m_new": 0.28040046714560596, "HITS@10m_new": 0.39764268279940007}