{"MRRm_new": 0.11130759422829142, "MRm_new": 4018.8117667224883, "HITS@1m_new": 0.06840763690033927, "HITS@3m_new": 0.11587623037653975, "HITS@10m_new": 0.1995392510689795}