{"MRRm_new": 0.31752849371336744, "MRm_new": 1800.8219572779535, "HITS@1m_new": 0.23625900157750584, "HITS@3m_new": 0.3473727299643797, "HITS@10m_new": 0.4768797337620053}