{"MRRm_new": 0.5009076809169183, "MRm_new": 170.55768086229264, "HITS@1m_new": 0.3926453860146867, "HITS@3m_new": 0.5572766089962133, "HITS@10m_new": 0.7140699682457343}