{"MRRm_new": 0.3785853026082186, "MRm_new": 200.02669900179654, "HITS@1m_new": 0.29735172182745007, "HITS@3m_new": 0.41166952832888637, "HITS@10m_new": 0.5356437673606561}