{"MRRm_new": 0.17072592481630855, "MRm_new": 675.8466129684925, "HITS@1m_new": 0.1022733764978184, "HITS@3m_new": 0.18470955536089023, "HITS@10m_new": 0.30740710375458}