{"MRRm_new": 0.09744914374462824, "MRm_new": 482.4042195541143, "HITS@1m_new": 0.046224986283050384, "HITS@3m_new": 0.10232652274896391, "HITS@10m_new": 0.1964088568852283}