{"MRRm_new": 0.19776544973241925, "MRm_new": 460.54923778808865, "HITS@1m_new": 0.12635915408429718, "HITS@3m_new": 0.20987035641588592, "HITS@10m_new": 0.3424838247525913}