{"MRRm_new": 0.5893671252760432, "MRm_new": 227.54051297395677, "HITS@1m_new": 0.5291285548659652, "HITS@3m_new": 0.6200810908307031, "HITS@10m_new": 0.7032788331246047}