{"MRRm_new": 0.09178836671813624, "MRm_new": 744.9772643252135, "HITS@1m_new": 0.0506946458718041, "HITS@3m_new": 0.0922596801413165, "HITS@10m_new": 0.17052154284968274}