{"MRRm_new": 0.48676991228539646, "MRm_new": 210.02422595837712, "HITS@1m_new": 0.3838985696149066, "HITS@3m_new": 0.5429972969730988, "HITS@10m_new": 0.6858655373152797}