{"MRRm_new": 0.1534163454355903, "MRm_new": 4109.638045743376, "HITS@1m_new": 0.10034503654080618, "HITS@3m_new": 0.16030971892451634, "HITS@10m_new": 0.2586626617551956}