{"MRRm_new": 0.25983621306410076, "MRm_new": 326.4090109076053, "HITS@1m_new": 0.18334949639141995, "HITS@3m_new": 0.28487190113819816, "HITS@10m_new": 0.4059286640687278}