{"MRRm_new": 0.697149393596198, "MRm_new": 163.85028271740674, "HITS@1m_new": 0.6439751879027644, "HITS@3m_new": 0.7258317494517469, "HITS@10m_new": 0.793789485082707}