{"MRRm_new": 0.721287793155383, "MRm_new": 146.30445725982636, "HITS@1m_new": 0.6602314981496893, "HITS@3m_new": 0.7570101044115145, "HITS@10m_new": 0.834244061934849}