{"MRRm_new": 0.39823577113822556, "MRm_new": 342.49512091973423, "HITS@1m_new": 0.31139844832292146, "HITS@3m_new": 0.4338965583902391, "HITS@10m_new": 0.567807649561626}