{"MRRm_new": 0.2976578103211841, "MRm_new": 2748.7101480606793, "HITS@1m_new": 0.21838237932720223, "HITS@3m_new": 0.331103841856122, "HITS@10m_new": 0.45753777645668015}