{"MRRm_new": 0.6054434153723715, "MRm_new": 116.96196636845171, "HITS@1m_new": 0.5329106379915356, "HITS@3m_new": 0.644842356271256, "HITS@10m_new": 0.7386976914468978}