{"MRRm_new": 0.30690094984933647, "MRm_new": 1877.2525851755142, "HITS@1m_new": 0.2261513383241836, "HITS@3m_new": 0.33299364166648593, "HITS@10m_new": 0.4714643500481034}