{"MRRm_new": 0.193936373586228, "MRm_new": 352.35703329069617, "HITS@1m_new": 0.11672168507727329, "HITS@3m_new": 0.2091677288108738, "HITS@10m_new": 0.35536047230996193}