{"MRRm_new": 0.3638938339030101, "MRm_new": 702.721493363671, "HITS@1m_new": 0.3061451021634966, "HITS@3m_new": 0.38413203221402364, "HITS@10m_new": 0.4721304019292293}