{"MRRm_new": 0.5415124833013443, "MRm_new": 187.06800285891444, "HITS@1m_new": 0.47546380134172794, "HITS@3m_new": 0.5708021212354579, "HITS@10m_new": 0.6665861248646979}