{"MRRm_new": 0.09845235888253373, "MRm_new": 713.4019448882103, "HITS@1m_new": 0.054977093169500585, "HITS@3m_new": 0.10029577232004376, "HITS@10m_new": 0.18213196024940118}