{"MRRm_new": 0.09154333865954832, "MRm_new": 897.9911546335459, "HITS@1m_new": 0.05012459720458719, "HITS@3m_new": 0.09126139001417904, "HITS@10m_new": 0.17113727945312857}