{"MRRm_new": 0.002951155942923833, "MRm_new": 5079.994753417492, "HITS@1m_new": 0.0005597342517139623, "HITS@3m_new": 0.0016595800669601886, "HITS@10m_new": 0.005028373769157042}