{"MRRm_new": 0.7103511622533287, "MRm_new": 154.35499308794738, "HITS@1m_new": 0.6497467735531536, "HITS@3m_new": 0.7449649616112111, "HITS@10m_new": 0.823645026034239}