{"MRRm_new": 0.23916025934871285, "MRm_new": 366.22926610314846, "HITS@1m_new": 0.16397785606789403, "HITS@3m_new": 0.2583796048465185, "HITS@10m_new": 0.3938797904963605}