{"MRRm_new": 0.28111361128759926, "MRm_new": 3256.7423488907216, "HITS@1m_new": 0.20270950453990372, "HITS@3m_new": 0.3003206384254154, "HITS@10m_new": 0.4487079290424008}