{"MRRm_new": 0.5126530657701159, "MRm_new": 239.11100708940626, "HITS@1m_new": 0.4479873959296383, "HITS@3m_new": 0.5405950176465485, "HITS@10m_new": 0.6328941162643387}