{"MRRm_new": 0.11035614573625845, "MRm_new": 3856.4346525763867, "HITS@1m_new": 0.05646798802781268, "HITS@3m_new": 0.11786509647098137, "HITS@10m_new": 0.22583906468760687}