{"MRRm_new": 0.085457987409829, "MRm_new": 16413.621336247026, "HITS@1m_new": 0.04148769001103938, "HITS@3m_new": 0.09405957919528009, "HITS@10m_new": 0.17640440638171276}