{"MRRm_new": 0.13339104805975102, "MRm_new": 4089.5623567940593, "HITS@1m_new": 0.0864585103065474, "HITS@3m_new": 0.13394293752970407, "HITS@10m_new": 0.22561691633306327}