{"MRRm_new": 0.19978009593839668, "MRm_new": 1706.2311101515293, "HITS@1m_new": 0.1298147489997791, "HITS@3m_new": 0.21378577705816132, "HITS@10m_new": 0.33778033807314933}