{"MRRm_new": 0.6039504259222486, "MRm_new": 52.06346462187171, "HITS@1m_new": 0.45293003298880646, "HITS@3m_new": 0.7193610336650162, "HITS@10m_new": 0.8675682713589631}