{"MRRm_new": 0.37034865749198387, "MRm_new": 1142.5776765729488, "HITS@1m_new": 0.2698602279240731, "HITS@3m_new": 0.40737994604906996, "HITS@10m_new": 0.5781903211516328}