{"MRRm_new": 0.5151200277714779, "MRm_new": 69.9359401435703, "HITS@1m_new": 0.39102076419268267, "HITS@3m_new": 0.5888682464875165, "HITS@10m_new": 0.7472013493318809}