{"MRRm_new": 0.41045142370829124, "MRm_new": 260.9997241787985, "HITS@1m_new": 0.34183831396550524, "HITS@3m_new": 0.4408062414925371, "HITS@10m_new": 0.5359643375752785}