{"MRRm_new": 0.12957451497626563, "MRm_new": 4589.164871938587, "HITS@1m_new": 0.08635005093415384, "HITS@3m_new": 0.1299915984629479, "HITS@10m_new": 0.21483993433284923}