{"MRRm_new": 0.17697731035080597, "MRm_new": 859.5488927711398, "HITS@1m_new": 0.1145704081628719, "HITS@3m_new": 0.1921768553927177, "HITS@10m_new": 0.30130833538745355}