{"MRRm_new": 0.1754721029128137, "MRm_new": 415.61319151408674, "HITS@1m_new": 0.10191562534495024, "HITS@3m_new": 0.190175834041927, "HITS@10m_new": 0.32362818951075895}