{"MRRm_new": 0.16583642528456402, "MRm_new": 3031.9461249499022, "HITS@1m_new": 0.10843915492905944, "HITS@3m_new": 0.1813168862360326, "HITS@10m_new": 0.2829908792738643}