{"MRRm_new": 0.5537476817174829, "MRm_new": 277.2156306740865, "HITS@1m_new": 0.48893360002539704, "HITS@3m_new": 0.5868311228834937, "HITS@10m_new": 0.6759718107838707}