{"MRRm_new": 0.06913688040917913, "MRm_new": 988.654742933178, "HITS@1m_new": 0.03474329149071127, "HITS@3m_new": 0.06846616339145693, "HITS@10m_new": 0.13222606675599236}