{"MRRm_new": 0.12446265054216747, "MRm_new": 844.4143556276858, "HITS@1m_new": 0.06989581135879416, "HITS@3m_new": 0.13380545114506823, "HITS@10m_new": 0.2313514382532594}