{"MRRm_new": 0.06249531718348771, "MRm_new": 3687.1213715159147, "HITS@1m_new": 0.034567332068108955, "HITS@3m_new": 0.06302433481987828, "HITS@10m_new": 0.11636695473690997}