{"MRRm_new": 0.0723349260737109, "MRm_new": 16772.51896406546, "HITS@1m_new": 0.037497708595125, "HITS@3m_new": 0.07402069180062971, "HITS@10m_new": 0.1408008357079234}