{"MRRm_new": 0.6308041586454819, "MRm_new": 207.93009712990374, "HITS@1m_new": 0.574557106905806, "HITS@3m_new": 0.6581200686959201, "HITS@10m_new": 0.7380797268632087}