{"MRRm_new": 0.2358938640713168, "MRm_new": 244.366394237566, "HITS@1m_new": 0.1513949912728043, "HITS@3m_new": 0.2532963820785284, "HITS@10m_new": 0.40949295102274047}