{"MRRm_new": 0.5262942502114111, "MRm_new": 91.75113874454796, "HITS@1m_new": 0.4309355504507403, "HITS@3m_new": 0.5721869898654696, "HITS@10m_new": 0.7080905982572294}