{"MRRm_new": 0.10329294569351623, "MRm_new": 4153.412157590223, "HITS@1m_new": 0.057636755624134096, "HITS@3m_new": 0.10881727169170044, "HITS@10m_new": 0.20181672019874677}