{"MRRm_new": 0.6420668530018665, "MRm_new": 230.1146319966167, "HITS@1m_new": 0.5835250565481365, "HITS@3m_new": 0.6700200628427992, "HITS@10m_new": 0.7525558768416886}