{"MRRm_new": 0.0994554112095675, "MRm_new": 3551.949185129173, "HITS@1m_new": 0.05578080277449044, "HITS@3m_new": 0.10805574161464757, "HITS@10m_new": 0.18616209316736787}