{"MRRm_new": 0.08441796437970042, "MRm_new": 980.0247481698275, "HITS@1m_new": 0.04919552416037768, "HITS@3m_new": 0.08406059890856268, "HITS@10m_new": 0.1498792037297273}