{"MRRm_new": 0.09523266455455597, "MRm_new": 674.7371716478586, "HITS@1m_new": 0.05269552333616302, "HITS@3m_new": 0.09635591971150716, "HITS@10m_new": 0.17808359956933417}