{"MRRm_new": 0.22296436964022723, "MRm_new": 357.00885302991867, "HITS@1m_new": 0.14127613654234447, "HITS@3m_new": 0.2340807870071847, "HITS@10m_new": 0.42609540497893467}