{"MRRm_new": 0.10378860335617064, "MRm_new": 473.5511421986341, "HITS@1m_new": 0.053191813362855465, "HITS@3m_new": 0.10586801637522876, "HITS@10m_new": 0.20288288773335517}