{"MRRm_new": 0.17709037825829363, "MRm_new": 635.3312396106049, "HITS@1m_new": 0.11130888739353395, "HITS@3m_new": 0.1913273839855865, "HITS@10m_new": 0.3099179883306424}