{"MRRm_new": 0.163546784859919, "MRm_new": 677.6681133947134, "HITS@1m_new": 0.09445153909843065, "HITS@3m_new": 0.17816153858637554, "HITS@10m_new": 0.3013999102670699}