{"MRRm_new": 0.3047870379404967, "MRm_new": 1961.1832503371536, "HITS@1m_new": 0.22335976462182588, "HITS@3m_new": 0.338348326086998, "HITS@10m_new": 0.47618950343853794}