{"MRRm_new": 0.21482286388955546, "MRm_new": 520.6024759667634, "HITS@1m_new": 0.13858543599218828, "HITS@3m_new": 0.2335263181109447, "HITS@10m_new": 0.3679403851811832}