{"MRRm_new": 0.20214686458246578, "MRm_new": 474.7507821369648, "HITS@1m_new": 0.12506438814314316, "HITS@3m_new": 0.21060171837620437, "HITS@10m_new": 0.40034968909230084}