{"MRRm_new": 0.24077772731906008, "MRm_new": 332.25762639718056, "HITS@1m_new": 0.16455812012772075, "HITS@3m_new": 0.26130135577069596, "HITS@10m_new": 0.39786588755613195}