{"MRRm_new": 0.17427051341114566, "MRm_new": 255.54538558955193, "HITS@1m_new": 0.10695378259215504, "HITS@3m_new": 0.18459800909473562, "HITS@10m_new": 0.3089711913743056}