{"MRRm_new": 0.09576084683984983, "MRm_new": 16788.72704699388, "HITS@1m_new": 0.04867723489447962, "HITS@3m_new": 0.1073535993276164, "HITS@10m_new": 0.18937248976016416}