{"MRRm_new": 0.002924885244077814, "MRm_new": 5065.195007732868, "HITS@1m_new": 0.0005995957328850636, "HITS@3m_new": 0.0013147690690093442, "HITS@10m_new": 0.005123887924586597}