{"MRRm_new": 0.27980879132085373, "MRm_new": 278.06248692682385, "HITS@1m_new": 0.20139216133882293, "HITS@3m_new": 0.30692282708767743, "HITS@10m_new": 0.43013197857115304}