{"MRRm_new": 0.31767206935694686, "MRm_new": 373.53538885255904, "HITS@1m_new": 0.23320161353080401, "HITS@3m_new": 0.3488792298652406, "HITS@10m_new": 0.4852882764692913}