{"MRRm_new": 0.33890497798733665, "MRm_new": 441.87421568093447, "HITS@1m_new": 0.273617409464714, "HITS@3m_new": 0.363722385832265, "HITS@10m_new": 0.4566712905746426}