{"MRRm_new": 0.19135818343149277, "MRm_new": 590.5803256337568, "HITS@1m_new": 0.12397572390409914, "HITS@3m_new": 0.2074094148591539, "HITS@10m_new": 0.3274094336312519}