{"MRRm_new": 0.17631387018545064, "MRm_new": 642.3766185466766, "HITS@1m_new": 0.10654038341252599, "HITS@3m_new": 0.19266583232242848, "HITS@10m_new": 0.31574169894407966}