{"MRRm_new": 0.23027264476294368, "MRm_new": 437.0963257062912, "HITS@1m_new": 0.15491274837526725, "HITS@3m_new": 0.24721776195866987, "HITS@10m_new": 0.3839838626200333}