{"MRRm_new": 0.04616360524350693, "MRm_new": 3624.857951854661, "HITS@1m_new": 0.020727867844077992, "HITS@3m_new": 0.04436554370696831, "HITS@10m_new": 0.0972388317235891}