{"MRRm_new": 0.3561440450945047, "MRm_new": 473.69415774273125, "HITS@1m_new": 0.27758056187238256, "HITS@3m_new": 0.3856221277573932, "HITS@10m_new": 0.507415632518183}