{"MRRm_new": 0.10558082295592612, "MRm_new": 3892.9012037652014, "HITS@1m_new": 0.06145099688400515, "HITS@3m_new": 0.11386461778036319, "HITS@10m_new": 0.19399728535804897}