{"MRRm_new": 0.28944898294787524, "MRm_new": 622.1544030214474, "HITS@1m_new": 0.23279093861991715, "HITS@3m_new": 0.30863313787557856, "HITS@10m_new": 0.39398835748478817}