{"MRRm_new": 0.40571641729859587, "MRm_new": 165.74076368547975, "HITS@1m_new": 0.30229073181325655, "HITS@3m_new": 0.45063749647352236, "HITS@10m_new": 0.6067971317048505}