{"MRRm_new": 0.18597493769678114, "MRm_new": 489.23321417696474, "HITS@1m_new": 0.12317677696175525, "HITS@3m_new": 0.19449493955094369, "HITS@10m_new": 0.31267361789629794}