{"MRRm_new": 0.0916252884193118, "MRm_new": 16357.842101892023, "HITS@1m_new": 0.058396256540203466, "HITS@3m_new": 0.09636225167894735, "HITS@10m_new": 0.15752332925202792}