{"MRRm_new": 0.38747061363340074, "MRm_new": 188.67373239915074, "HITS@1m_new": 0.28753056638916313, "HITS@3m_new": 0.42965729286780696, "HITS@10m_new": 0.5828890401557146}