{"MRRm_new": 0.18723303781893919, "MRm_new": 366.8002004449606, "HITS@1m_new": 0.12011032719384529, "HITS@3m_new": 0.19201006091144518, "HITS@10m_new": 0.3301879726081155}