{"MRRm_new": 0.18691026316604076, "MRm_new": 628.4044421557262, "HITS@1m_new": 0.11930423530426197, "HITS@3m_new": 0.20276438271547523, "HITS@10m_new": 0.3209366062739937}