{"MRRm_new": 0.186327802645498, "MRm_new": 391.3021758042574, "HITS@1m_new": 0.10958954913768684, "HITS@3m_new": 0.20252109180750558, "HITS@10m_new": 0.33783716125222857}