{"MRRm_new": 0.27134761510436145, "MRm_new": 610.0675069203079, "HITS@1m_new": 0.212627229850601, "HITS@3m_new": 0.28846658739883424, "HITS@10m_new": 0.38435901985645615}