{"MRRm_new": 0.36507070658516205, "MRm_new": 429.3960838266984, "HITS@1m_new": 0.3033996716975198, "HITS@3m_new": 0.38773504611257886, "HITS@10m_new": 0.4800216702942271}