{"MRRm_new": 0.4121543937870019, "MRm_new": 289.64357092873007, "HITS@1m_new": 0.32471939681608636, "HITS@3m_new": 0.4482098794213962, "HITS@10m_new": 0.5825240341665485}