{"MRRm_new": 0.2068572885470494, "MRm_new": 2276.777003678024, "HITS@1m_new": 0.14156401020626072, "HITS@3m_new": 0.22181440904716146, "HITS@10m_new": 0.3314061519119132}