{"MRRm_new": 0.29497273466720936, "MRm_new": 3432.232018988341, "HITS@1m_new": 0.22687169741996333, "HITS@3m_new": 0.3224701803774806, "HITS@10m_new": 0.42065730307041665}