{"MRRm_new": 0.07428439084544335, "MRm_new": 16444.462330991955, "HITS@1m_new": 0.03661107701610308, "HITS@3m_new": 0.07540188194799703, "HITS@10m_new": 0.15372081367240753}