{"MRRm_new": 0.20420379345839174, "MRm_new": 474.6639525056362, "HITS@1m_new": 0.1274811923871399, "HITS@3m_new": 0.2124779981162399, "HITS@10m_new": 0.4011353398611769}