{"MRRm_new": 0.13245095390375808, "MRm_new": 4186.304826940536, "HITS@1m_new": 0.08659803288857802, "HITS@3m_new": 0.1329803571977536, "HITS@10m_new": 0.2242958986518497}