{"MRRm_new": 0.18715184358056194, "MRm_new": 667.1826783447937, "HITS@1m_new": 0.11970724372264158, "HITS@3m_new": 0.20306390152078166, "HITS@10m_new": 0.32292227594269934}