{"MRRm_new": 0.5226612777968076, "MRm_new": 335.5078627445921, "HITS@1m_new": 0.44438639639821487, "HITS@3m_new": 0.5607582064538292, "HITS@10m_new": 0.6676710592351447}