{"MRRm_new": 0.13068271970178058, "MRm_new": 15320.669397489995, "HITS@1m_new": 0.08900923703506124, "HITS@3m_new": 0.14457515254884493, "HITS@10m_new": 0.21409900731715606}