{"MRRm_new": 0.31550615668731735, "MRm_new": 762.155841402173, "HITS@1m_new": 0.2240100534053854, "HITS@3m_new": 0.3481689875984448, "HITS@10m_new": 0.5004129842694237}