{"MRRm_new": 0.5524389991230528, "MRm_new": 173.72879632578045, "HITS@1m_new": 0.48526752374631177, "HITS@3m_new": 0.5838239856819346, "HITS@10m_new": 0.6794752624423709}