{"MRRm_new": 0.18603258925839036, "MRm_new": 213.8835102054596, "HITS@1m_new": 0.08680535908606835, "HITS@3m_new": 0.20828068287493662, "HITS@10m_new": 0.4006635738405399}