{"MRRm_new": 0.1043741268479076, "MRm_new": 566.0910593896866, "HITS@1m_new": 0.05989738493007608, "HITS@3m_new": 0.10458592326659709, "HITS@10m_new": 0.18981711446316912}