{"MRRm_new": 0.37201937356483994, "MRm_new": 361.0083023025542, "HITS@1m_new": 0.3066168437702108, "HITS@3m_new": 0.39912160630062865, "HITS@10m_new": 0.48996211795386624}