{"MRRm_new": 0.0029060438512737165, "MRm_new": 5136.777410861206, "HITS@1m_new": 0.00021378996171988546, "HITS@3m_new": 0.0009757863230304793, "HITS@10m_new": 0.005394450805708766}