{"MRRm_new": 0.38338998438327143, "MRm_new": 356.04940444508196, "HITS@1m_new": 0.3150195491833947, "HITS@3m_new": 0.4073269542258349, "HITS@10m_new": 0.5142635760009434}