{"MRRm_new": 0.18809234002059974, "MRm_new": 2061.065304226786, "HITS@1m_new": 0.12368838402582333, "HITS@3m_new": 0.19769707803986966, "HITS@10m_new": 0.31369821897521616}