{"MRRm_new": 0.11047952745597577, "MRm_new": 4019.9944645860674, "HITS@1m_new": 0.06699831429240294, "HITS@3m_new": 0.11635105497329495, "HITS@10m_new": 0.1992987618042156}