{"MRRm_new": 0.14582202136949673, "MRm_new": 679.9999070136472, "HITS@1m_new": 0.08544755303084457, "HITS@3m_new": 0.1559732799101912, "HITS@10m_new": 0.26740203926418327}