{"MRRm_new": 0.20444655975719506, "MRm_new": 389.1484807729244, "HITS@1m_new": 0.13815837767034536, "HITS@3m_new": 0.2158116922738729, "HITS@10m_new": 0.3375364361084765}