{"MRRm_new": 0.0016370705624963193, "MRm_new": 17329.805924167635, "HITS@1m_new": 0.0003874317007139325, "HITS@3m_new": 0.0003874317007139325, "HITS@10m_new": 0.0009823519322089851}