{"MRRm_new": 0.14226137792973714, "MRm_new": 3797.2787199345826, "HITS@1m_new": 0.09026523891907709, "HITS@3m_new": 0.15787528912923882, "HITS@10m_new": 0.2461808414766383}