{"MRRm_new": 0.14348902827623078, "MRm_new": 4668.925639605045, "HITS@1m_new": 0.09254603886927362, "HITS@3m_new": 0.14861673662775138, "HITS@10m_new": 0.24595496682898374}