{"MRRm_new": 0.5013449242440738, "MRm_new": 197.13294786390662, "HITS@1m_new": 0.3945826299668879, "HITS@3m_new": 0.5607416944642573, "HITS@10m_new": 0.7078191675940397}