{"MRRm_new": 0.15268064306174575, "MRm_new": 4257.646569259137, "HITS@1m_new": 0.10138378513016505, "HITS@3m_new": 0.15959163081465522, "HITS@10m_new": 0.2528772291303758}