{"MRRm_new": 0.17266172436572233, "MRm_new": 366.4189842345476, "HITS@1m_new": 0.1013068016045785, "HITS@3m_new": 0.18324592186169467, "HITS@10m_new": 0.3117171411412302}