{"MRRm_new": 0.409541462038942, "MRm_new": 263.6326307400391, "HITS@1m_new": 0.31992448412361774, "HITS@3m_new": 0.44916425280387556, "HITS@10m_new": 0.5808162055903376}