{"MRRm_new": 0.17587909316263395, "MRm_new": 495.73780714622734, "HITS@1m_new": 0.11326397704312695, "HITS@3m_new": 0.18441479570157826, "HITS@10m_new": 0.30976828047847377}