{"MRRm_new": 0.17709017632137874, "MRm_new": 519.3645919880644, "HITS@1m_new": 0.1112585641220503, "HITS@3m_new": 0.18974608316660668, "HITS@10m_new": 0.31133523812477504}