{"MRRm_new": 0.48835080340309106, "MRm_new": 291.6733801168874, "HITS@1m_new": 0.4224176274250203, "HITS@3m_new": 0.5144583128835948, "HITS@10m_new": 0.6144838809299982}