{"MRRm_new": 0.21839623406071768, "MRm_new": 485.0472867065817, "HITS@1m_new": 0.14874857573834016, "HITS@3m_new": 0.2357550755169359, "HITS@10m_new": 0.35671198399201964}