{"MRRm_new": 0.10075718683192099, "MRm_new": 3838.199736120248, "HITS@1m_new": 0.0595135958367493, "HITS@3m_new": 0.10644293153071777, "HITS@10m_new": 0.18558170173577965}