{"MRRm_new": 0.3516515106616462, "MRm_new": 442.38484796251356, "HITS@1m_new": 0.2864396800050599, "HITS@3m_new": 0.3732195779519861, "HITS@10m_new": 0.47659991943116986}