{"MRRm_new": 0.33724551472252734, "MRm_new": 580.6251509401575, "HITS@1m_new": 0.279241847846195, "HITS@3m_new": 0.3586036348753078, "HITS@10m_new": 0.444428459456627}