{"MRRm_new": 0.31453515140359967, "MRm_new": 1878.3949067773224, "HITS@1m_new": 0.23256521284172776, "HITS@3m_new": 0.3395207255170681, "HITS@10m_new": 0.487310395875189}