{"MRRm_new": 0.7539106788009649, "MRm_new": 33.0869714011848, "HITS@1m_new": 0.6691342001768061, "HITS@3m_new": 0.8163502263452102, "HITS@10m_new": 0.8959208707138314}