{"MRRm_new": 0.19049462020465943, "MRm_new": 555.7907323337421, "HITS@1m_new": 0.12219799227704425, "HITS@3m_new": 0.20203168539499894, "HITS@10m_new": 0.33012222165546334}