{"MRRm_new": 0.1198790402832019, "MRm_new": 590.336477709961, "HITS@1m_new": 0.07234300779363839, "HITS@3m_new": 0.12356182123078616, "HITS@10m_new": 0.21067481317182538}