{"MRRm_new": 0.11577556151922326, "MRm_new": 717.5663058253526, "HITS@1m_new": 0.06956697849797784, "HITS@3m_new": 0.11973647636116948, "HITS@10m_new": 0.20269567468697205}