{"MRRm_new": 0.257497274686476, "MRm_new": 666.9427393091023, "HITS@1m_new": 0.198140796027139, "HITS@3m_new": 0.27472302139483146, "HITS@10m_new": 0.37147490415411083}