{"MRRm_new": 0.13289451172028702, "MRm_new": 4139.012321083725, "HITS@1m_new": 0.0864941685377271, "HITS@3m_new": 0.13325341748795472, "HITS@10m_new": 0.22543341931796748}