{"MRRm_new": 0.10538324505617201, "MRm_new": 3811.5942176908493, "HITS@1m_new": 0.06252623797538691, "HITS@3m_new": 0.11090819165357388, "HITS@10m_new": 0.19103102288972587}