{"MRRm_new": 0.17550552649198217, "MRm_new": 586.1724667331933, "HITS@1m_new": 0.11529466137599666, "HITS@3m_new": 0.18682423158807215, "HITS@10m_new": 0.2932312026537955}