{"MRRm_new": 0.2077663133023132, "MRm_new": 376.54317814779284, "HITS@1m_new": 0.14128854230284923, "HITS@3m_new": 0.22054811668531038, "HITS@10m_new": 0.3424095133189112}