{"MRRm_new": 0.19943971448976372, "MRm_new": 286.1391958434343, "HITS@1m_new": 0.1316327109828184, "HITS@3m_new": 0.20661252233070554, "HITS@10m_new": 0.34003709302099305}