{"MRRm_new": 0.10856322985405858, "MRm_new": 685.90070842731, "HITS@1m_new": 0.06342725558765233, "HITS@3m_new": 0.11199360221058596, "HITS@10m_new": 0.19075130056513007}