{"MRRm_new": 0.08799589557987202, "MRm_new": 543.2639086348057, "HITS@1m_new": 0.04033667871531797, "HITS@3m_new": 0.0918016687909374, "HITS@10m_new": 0.17795368041167967}