{"MRRm_new": 0.23084175871831686, "MRm_new": 306.9517506775379, "HITS@1m_new": 0.14786973297719377, "HITS@3m_new": 0.24672710473923945, "HITS@10m_new": 0.4017957823041361}