{"MRRm_new": 0.15343588419669685, "MRm_new": 806.0419310854674, "HITS@1m_new": 0.09697113084578304, "HITS@3m_new": 0.15981204782103886, "HITS@10m_new": 0.2785578029335011}