{"MRRm_new": 0.24560061340614484, "MRm_new": 353.67496763617993, "HITS@1m_new": 0.16720735798183595, "HITS@3m_new": 0.2682699630429037, "HITS@10m_new": 0.40158054954865946}