{"MRRm_new": 0.30683163119559775, "MRm_new": 2331.5100961281655, "HITS@1m_new": 0.22494788679957856, "HITS@3m_new": 0.3327948870332912, "HITS@10m_new": 0.4786711305283825}