{"MRRm_new": 0.07805830139765293, "MRm_new": 3633.78352159214, "HITS@1m_new": 0.0370735465160833, "HITS@3m_new": 0.08150510150787886, "HITS@10m_new": 0.1625469130208221}