{"MRRm_new": 0.09996211035637244, "MRm_new": 790.0535645768881, "HITS@1m_new": 0.05902557284052018, "HITS@3m_new": 0.10161267838162603, "HITS@10m_new": 0.17591513165445066}