{"MRRm_new": 0.2882446837949492, "MRm_new": 251.4527968007028, "HITS@1m_new": 0.2076515356752716, "HITS@3m_new": 0.3171088605439218, "HITS@10m_new": 0.4426995967025505}