{"MRRm_new": 0.12363952878279524, "MRm_new": 428.9719259862423, "HITS@1m_new": 0.06918059861990623, "HITS@3m_new": 0.1290706680531148, "HITS@10m_new": 0.231457890066877}