{"MRRm_new": 0.10162589608636244, "MRm_new": 17086.942639401794, "HITS@1m_new": 0.052421977894206065, "HITS@3m_new": 0.11447198485856643, "HITS@10m_new": 0.202174235283921}