{"MRRm_new": 0.14115217579672754, "MRm_new": 3417.5243766343297, "HITS@1m_new": 0.0938709567386395, "HITS@3m_new": 0.1431292165581981, "HITS@10m_new": 0.23283433013799368}