{"MRRm_new": 0.42945942551520055, "MRm_new": 259.22944906928393, "HITS@1m_new": 0.33681631589257816, "HITS@3m_new": 0.47225329824442086, "HITS@10m_new": 0.6055249122855021}