{"MRRm_new": 0.18411266952015284, "MRm_new": 321.80073260741233, "HITS@1m_new": 0.11416432740822784, "HITS@3m_new": 0.199601771470753, "HITS@10m_new": 0.3232599404237408}