{"MRRm_new": 0.2942614900772546, "MRm_new": 726.7474560519755, "HITS@1m_new": 0.19351799753447996, "HITS@3m_new": 0.329509016092401, "HITS@10m_new": 0.4961974236667156}