{"MRRm_new": 0.2241955293147941, "MRm_new": 255.58356647775173, "HITS@1m_new": 0.14208005630463594, "HITS@3m_new": 0.2372307651010342, "HITS@10m_new": 0.3875043969984632}