{"MRRm_new": 0.09978073095094733, "MRm_new": 3863.5758663396596, "HITS@1m_new": 0.05979619056517258, "HITS@3m_new": 0.10665439957305789, "HITS@10m_new": 0.18160085510304197}