{"MRRm_new": 0.22885933313625173, "MRm_new": 4313.167018588007, "HITS@1m_new": 0.157760973197117, "HITS@3m_new": 0.2425333648339729, "HITS@10m_new": 0.37510544494836356}