{"MRRm_new": 0.6730504026231346, "MRm_new": 177.18155418354272, "HITS@1m_new": 0.6205631745506144, "HITS@3m_new": 0.6992169436652548, "HITS@10m_new": 0.7699623927801221}