{"MRRm_new": 0.1854102192434628, "MRm_new": 422.06772742443087, "HITS@1m_new": 0.12012281444775871, "HITS@3m_new": 0.1960982456363272, "HITS@10m_new": 0.325406242593861}