{"MRRm_new": 0.21058383917080065, "MRm_new": 348.6878595880747, "HITS@1m_new": 0.13493438480831682, "HITS@3m_new": 0.22693170009755995, "HITS@10m_new": 0.36228618689492}