{"MRRm_new": 0.09347759319135221, "MRm_new": 503.7220438659668, "HITS@1m_new": 0.04425337480892194, "HITS@3m_new": 0.09755194783811458, "HITS@10m_new": 0.18639452728903852}