{"MRRm_new": 0.3024679723402128, "MRm_new": 2173.361088888824, "HITS@1m_new": 0.22237680503283627, "HITS@3m_new": 0.32924712742993145, "HITS@10m_new": 0.4650009596127784}