{"MRRm_new": 0.10082121000776242, "MRm_new": 4161.412927333379, "HITS@1m_new": 0.05577352583929896, "HITS@3m_new": 0.10302660197326914, "HITS@10m_new": 0.1995863945907913}