{"MRRm_new": 0.24498394829280587, "MRm_new": 487.7758646629334, "HITS@1m_new": 0.17027610357338563, "HITS@3m_new": 0.26501339899229354, "HITS@10m_new": 0.3929544945751084}