{"MRRm_new": 0.21835668997500762, "MRm_new": 313.9214763454199, "HITS@1m_new": 0.1350420465656207, "HITS@3m_new": 0.23123270375649443, "HITS@10m_new": 0.40133228294779544}