{"MRRm_new": 0.4252850972772685, "MRm_new": 234.7705124014318, "HITS@1m_new": 0.3182327985472257, "HITS@3m_new": 0.47485636272800913, "HITS@10m_new": 0.6437504256769025}