{"MRRm_new": 0.2320579431055914, "MRm_new": 238.99783369858264, "HITS@1m_new": 0.1446205872152932, "HITS@3m_new": 0.24529299215842038, "HITS@10m_new": 0.42751470701494254}