{"MRRm_new": 0.47753967525288227, "MRm_new": 193.19471850767732, "HITS@1m_new": 0.37335522159132595, "HITS@3m_new": 0.5275477572728705, "HITS@10m_new": 0.689543250826362}