{"MRRm_new": 0.21933165260251916, "MRm_new": 364.45703377909956, "HITS@1m_new": 0.12756635698507307, "HITS@3m_new": 0.2465182804458309, "HITS@10m_new": 0.406575961821276}