{"MRRm_new": 0.046434820055173985, "MRm_new": 3623.1487862924487, "HITS@1m_new": 0.021294463573227403, "HITS@3m_new": 0.044206843452629985, "HITS@10m_new": 0.09671485413682239}