{"MRRm_new": 0.10115911088259745, "MRm_new": 4165.020474774623, "HITS@1m_new": 0.05639666239824146, "HITS@3m_new": 0.10327408291334286, "HITS@10m_new": 0.19872413153601812}