{"MRRm_new": 0.49731594320495787, "MRm_new": 211.7323960427791, "HITS@1m_new": 0.39245095447139466, "HITS@3m_new": 0.5536639666504161, "HITS@10m_new": 0.7021236081969692}