{"MRRm_new": 0.13818634094110074, "MRm_new": 3803.291811463654, "HITS@1m_new": 0.08894012533896603, "HITS@3m_new": 0.14471191665281366, "HITS@10m_new": 0.23523616982567183}