{"MRRm_new": 0.14114566187511401, "MRm_new": 16066.87344459799, "HITS@1m_new": 0.09343777140020393, "HITS@3m_new": 0.15755445273779334, "HITS@10m_new": 0.23569725672900677}