{"MRRm_new": 0.2226612323284353, "MRm_new": 3346.9593545596304, "HITS@1m_new": 0.17614792306050367, "HITS@3m_new": 0.23711729787193325, "HITS@10m_new": 0.3140331319271645}