{"MRRm_new": 0.1560814317897216, "MRm_new": 3714.812949926287, "HITS@1m_new": 0.10241592001424578, "HITS@3m_new": 0.16537115349243686, "HITS@10m_new": 0.26157330352946884}