{"MRRm_new": 0.31115593170629746, "MRm_new": 2121.2378400276007, "HITS@1m_new": 0.2291603122918168, "HITS@3m_new": 0.33626581556722523, "HITS@10m_new": 0.4830528085224214}