{"MRRm_new": 0.17116275753054105, "MRm_new": 790.6605410149768, "HITS@1m_new": 0.11215049529413955, "HITS@3m_new": 0.18472787736318425, "HITS@10m_new": 0.2839453639035055}