{"MRRm_new": 0.2517239576923639, "MRm_new": 389.38333482283355, "HITS@1m_new": 0.17436344572166854, "HITS@3m_new": 0.2813547478964465, "HITS@10m_new": 0.39784708790283185}