{"MRRm_new": 0.08520493765286374, "MRm_new": 851.927179475689, "HITS@1m_new": 0.049629768976557534, "HITS@3m_new": 0.08593468523141928, "HITS@10m_new": 0.1477453699027188}