{"MRRm_new": 0.3113399451964674, "MRm_new": 2295.5296626079084, "HITS@1m_new": 0.229884426416771, "HITS@3m_new": 0.34497643255908045, "HITS@10m_new": 0.47130572438100354}