{"MRRm_new": 0.19208707733946356, "MRm_new": 437.65608783068654, "HITS@1m_new": 0.1293882617821917, "HITS@3m_new": 0.20126340957139618, "HITS@10m_new": 0.3200800603121519}