{"MRRm_new": 0.3067993315397548, "MRm_new": 1871.5662687783242, "HITS@1m_new": 0.22587832368654198, "HITS@3m_new": 0.33289818711334374, "HITS@10m_new": 0.47184961894422306}