{"MRRm_new": 0.44327734621888887, "MRm_new": 103.42622556851805, "HITS@1m_new": 0.3364863496463513, "HITS@3m_new": 0.49177669377831623, "HITS@10m_new": 0.6544357021739415}