{"MRRm_new": 0.0012134982866678, "MRm_new": 17456.355093040467, "HITS@1m_new": 0.0001470238119363785, "HITS@3m_new": 0.0001470238119363785, "HITS@10m_new": 0.000822498959954828}