{"MRRm_new": 0.14942419276049168, "MRm_new": 3107.4125735450684, "HITS@1m_new": 0.0982843183867517, "HITS@3m_new": 0.15770020894904155, "HITS@10m_new": 0.24445438775786898}