{"MRRm_new": 0.0863500818741486, "MRm_new": 16288.373757058978, "HITS@1m_new": 0.04320134296372999, "HITS@3m_new": 0.09455727527075214, "HITS@10m_new": 0.17663133330660638}