{"MRRm_new": 0.10713739233148663, "MRm_new": 575.0296976984263, "HITS@1m_new": 0.06055388020580867, "HITS@3m_new": 0.10971885318128043, "HITS@10m_new": 0.19471353778789052}