{"MRRm_new": 0.34748936799329294, "MRm_new": 557.4797979153171, "HITS@1m_new": 0.28288890012442064, "HITS@3m_new": 0.3733585402220488, "HITS@10m_new": 0.47131903876740033}