{"MRRm_new": 0.10229875305326859, "MRm_new": 4160.172948629355, "HITS@1m_new": 0.05650135195730254, "HITS@3m_new": 0.10750086329835468, "HITS@10m_new": 0.20076604909515008}