{"MRRm_new": 0.09398057476132235, "MRm_new": 776.0238413810969, "HITS@1m_new": 0.051572213920211656, "HITS@3m_new": 0.09581146568146069, "HITS@10m_new": 0.1736881216146867}