{"MRRm_new": 0.10441361107142584, "MRm_new": 446.5212783541679, "HITS@1m_new": 0.05201392567991279, "HITS@3m_new": 0.10857942694118246, "HITS@10m_new": 0.204960366302263}