{"MRRm_new": 0.5119771790172808, "MRm_new": 173.64774820899964, "HITS@1m_new": 0.4024934605936178, "HITS@3m_new": 0.5744080357073944, "HITS@10m_new": 0.7232829489454962}