{"MRRm_new": 0.30030322654763997, "MRm_new": 2609.28504292801, "HITS@1m_new": 0.21987245216523296, "HITS@3m_new": 0.33449931542715056, "HITS@10m_new": 0.4621531871794723}