{"MRRm_new": 0.07337990994720849, "MRm_new": 15755.01739780429, "HITS@1m_new": 0.042901661775598766, "HITS@3m_new": 0.0755249294434907, "HITS@10m_new": 0.1347521365287248}