{"MRRm_new": 0.5752230350790524, "MRm_new": 159.4715775678009, "HITS@1m_new": 0.5023742398263749, "HITS@3m_new": 0.6123803313993267, "HITS@10m_new": 0.7106224398418272}