{"MRRm_new": 0.3982016479839022, "MRm_new": 546.3304746630713, "HITS@1m_new": 0.3378834266835984, "HITS@3m_new": 0.418135119446677, "HITS@10m_new": 0.5151984251539689}