{"MRRm_new": 0.2604184713285271, "MRm_new": 347.56592418124677, "HITS@1m_new": 0.1811322329887189, "HITS@3m_new": 0.2813191829883028, "HITS@10m_new": 0.42054400374488904}