{"MRRm_new": 0.10639143828842644, "MRm_new": 598.9470916348935, "HITS@1m_new": 0.06233867662481498, "HITS@3m_new": 0.1100596674811677, "HITS@10m_new": 0.18686263863403582}