{"MRRm_new": 0.08626917870244652, "MRm_new": 928.7376373027563, "HITS@1m_new": 0.050817553136684, "HITS@3m_new": 0.08494284772915998, "HITS@10m_new": 0.15413526245106476}