{"MRRm_new": 0.3107720396479408, "MRm_new": 741.4224405468627, "HITS@1m_new": 0.2372479267809831, "HITS@3m_new": 0.33838415624888146, "HITS@10m_new": 0.4511850171954138}