{"MRRm_new": 0.2225167356080652, "MRm_new": 394.32830544514655, "HITS@1m_new": 0.144713765802898, "HITS@3m_new": 0.24185922023172024, "HITS@10m_new": 0.3778855434708821}