{"MRRm_new": 0.30741667473729556, "MRm_new": 1954.5527026143075, "HITS@1m_new": 0.22617322385357694, "HITS@3m_new": 0.34046027579670773, "HITS@10m_new": 0.4776481576862279}