{"MRRm_new": 0.063529949431987, "MRm_new": 3547.081516732268, "HITS@1m_new": 0.03581771377162658, "HITS@3m_new": 0.06404015500138485, "HITS@10m_new": 0.11538635118170715}