{"MRRm_new": 0.12391772793128185, "MRm_new": 551.7326705259561, "HITS@1m_new": 0.07501877081489657, "HITS@3m_new": 0.12958804798128548, "HITS@10m_new": 0.2148471524606459}