{"MRRm_new": 0.29539749791676606, "MRm_new": 538.6383653906062, "HITS@1m_new": 0.2376402183767641, "HITS@3m_new": 0.31366521136956, "HITS@10m_new": 0.4067588808738801}