{"MRRm_new": 0.07355421494974416, "MRm_new": 16678.752095717104, "HITS@1m_new": 0.03855314559326507, "HITS@3m_new": 0.07440839890460484, "HITS@10m_new": 0.14274161432520485}