{"MRRm_new": 0.20595409771325357, "MRm_new": 364.46247511565684, "HITS@1m_new": 0.1383871837135637, "HITS@3m_new": 0.2191783556377748, "HITS@10m_new": 0.34084167372433005}