{"MRRm_new": 0.17092785538541502, "MRm_new": 524.9615064223528, "HITS@1m_new": 0.0992692065498908, "HITS@3m_new": 0.18561268275515178, "HITS@10m_new": 0.31077850610655733}