{"MRRm_new": 0.22412928918650432, "MRm_new": 597.410894079113, "HITS@1m_new": 0.15557048292325343, "HITS@3m_new": 0.24055423355465755, "HITS@10m_new": 0.3599588479417376}