{"MRRm_new": 0.1529731550192787, "MRm_new": 4239.806490332842, "HITS@1m_new": 0.10139308690064354, "HITS@3m_new": 0.15998454795294675, "HITS@10m_new": 0.2534153985968005}