{"MRRm_new": 0.4057155549730978, "MRm_new": 140.9249030173123, "HITS@1m_new": 0.30281272643800183, "HITS@3m_new": 0.45173668356918645, "HITS@10m_new": 0.6056088656873326}