{"MRRm_new": 0.6809141776534571, "MRm_new": 168.11630120377987, "HITS@1m_new": 0.6206356840766967, "HITS@3m_new": 0.7135677875763504, "HITS@10m_new": 0.7921098673428932}