{"MRRm_new": 0.36152578396641366, "MRm_new": 394.5825031900555, "HITS@1m_new": 0.2975142411195957, "HITS@3m_new": 0.3868805870379001, "HITS@10m_new": 0.47669039625301957}