{"MRRm_new": 0.29385614119842013, "MRm_new": 553.0448225228861, "HITS@1m_new": 0.23661706520747974, "HITS@3m_new": 0.3124025568292418, "HITS@10m_new": 0.40090461213012896}