{"MRRm_new": 0.6698681146881772, "MRm_new": 173.13753673061728, "HITS@1m_new": 0.6135905382164784, "HITS@3m_new": 0.6981546857067733, "HITS@10m_new": 0.776208794987906}