{"MRRm_new": 0.23207132589115873, "MRm_new": 6625.014681668311, "HITS@1m_new": 0.15903705332143, "HITS@3m_new": 0.2506699550230842, "HITS@10m_new": 0.37737570606172083}