{"MRRm_new": 0.31765923229148757, "MRm_new": 1836.5677166760563, "HITS@1m_new": 0.23538273623376155, "HITS@3m_new": 0.35113101337233094, "HITS@10m_new": 0.4797208872057963}