{"MRRm_new": 0.1305823709371457, "MRm_new": 4185.324587521643, "HITS@1m_new": 0.08721237930835923, "HITS@3m_new": 0.12959561714562004, "HITS@10m_new": 0.21718609164390365}