{"MRRm_new": 0.18871840781846913, "MRm_new": 591.7734611465112, "HITS@1m_new": 0.12003771755244452, "HITS@3m_new": 0.2041774491652577, "HITS@10m_new": 0.3266135977244012}