{"MRRm_new": 0.42172299807122, "MRm_new": 417.51279416731745, "HITS@1m_new": 0.3585160449071009, "HITS@3m_new": 0.4440484204522363, "HITS@10m_new": 0.5434790073528929}