{"MRRm_new": 0.30517849428232646, "MRm_new": 2424.424844256103, "HITS@1m_new": 0.2258094937914284, "HITS@3m_new": 0.3343769232062623, "HITS@10m_new": 0.46147331469343045}