{"MRRm_new": 0.18547817446235149, "MRm_new": 686.6022780190781, "HITS@1m_new": 0.12071752575733626, "HITS@3m_new": 0.201421669673382, "HITS@10m_new": 0.3146224868584977}