{"MRRm_new": 0.2629901371222313, "MRm_new": 8740.372756712943, "HITS@1m_new": 0.20668230947013944, "HITS@3m_new": 0.29415986692439766, "HITS@10m_new": 0.3638332316838205}