{"MRRm_new": 0.09791779847817815, "MRm_new": 4047.8575134710313, "HITS@1m_new": 0.05336662521888502, "HITS@3m_new": 0.10185189885231666, "HITS@10m_new": 0.19796662141704}