{"MRRm_new": 0.29538546013553785, "MRm_new": 2342.7160441571773, "HITS@1m_new": 0.2130096993643092, "HITS@3m_new": 0.32553097873728254, "HITS@10m_new": 0.4578670551539399}