{"MRRm_new": 0.10431693124790035, "MRm_new": 561.9036436710119, "HITS@1m_new": 0.060557560364319946, "HITS@3m_new": 0.10509285542226862, "HITS@10m_new": 0.1862735153468908}