{"MRRm_new": 0.22280322603122477, "MRm_new": 385.7008081018448, "HITS@1m_new": 0.1449242227488081, "HITS@3m_new": 0.24330050521660596, "HITS@10m_new": 0.3778881080566498}