{"MRRm_new": 0.1325946524835249, "MRm_new": 3913.197523371309, "HITS@1m_new": 0.08620110681543883, "HITS@3m_new": 0.13790928289435397, "HITS@10m_new": 0.22420351876414496}