{"MRRm_new": 0.0029851378195526195, "MRm_new": 5004.4947231907845, "HITS@1m_new": 0.0005970583399903262, "HITS@3m_new": 0.0012501577347138664, "HITS@10m_new": 0.005244080547730846}