{"MRRm_new": 0.3442136283612854, "MRm_new": 413.2346113903746, "HITS@1m_new": 0.2780690041591806, "HITS@3m_new": 0.37040753552888783, "HITS@10m_new": 0.4628064114935478}