{"MRRm_new": 0.17699390081243974, "MRm_new": 2307.7006482779384, "HITS@1m_new": 0.11355976579623529, "HITS@3m_new": 0.18548249683881296, "HITS@10m_new": 0.3016507927693892}