{"MRRm_new": 0.17181915259710148, "MRm_new": 786.7406762257293, "HITS@1m_new": 0.11273232918012217, "HITS@3m_new": 0.1854078234329645, "HITS@10m_new": 0.28501720311507234}