{"MRRm_new": 0.3801253032111026, "MRm_new": 304.16870902980867, "HITS@1m_new": 0.29497231888941317, "HITS@3m_new": 0.41374351776880575, "HITS@10m_new": 0.5485347990975133}