{"MRRm_new": 0.1009908273074223, "MRm_new": 675.998445802927, "HITS@1m_new": 0.0572493735815282, "HITS@3m_new": 0.1055474514351692, "HITS@10m_new": 0.18277046594881685}