{"MRRm_new": 0.39551121749313095, "MRm_new": 168.62034111587704, "HITS@1m_new": 0.29441177515751044, "HITS@3m_new": 0.4395754531728162, "HITS@10m_new": 0.5915183942687581}