{"MRRm_new": 0.2091136384525157, "MRm_new": 2170.7023247647285, "HITS@1m_new": 0.14340598027207307, "HITS@3m_new": 0.2217431869561551, "HITS@10m_new": 0.33785262576819514}