{"MRRm_new": 0.2834961178576477, "MRm_new": 2623.3340777755975, "HITS@1m_new": 0.20633237631310475, "HITS@3m_new": 0.3159189188098535, "HITS@10m_new": 0.4350378530896269}