{"MRRm_new": 0.3515597515395157, "MRm_new": 887.0055119047612, "HITS@1m_new": 0.29857018225251525, "HITS@3m_new": 0.3703563529090243, "HITS@10m_new": 0.44917949118674005}