{"MRRm_new": 0.11826203217740404, "MRm_new": 692.4437836601019, "HITS@1m_new": 0.07067086664024973, "HITS@3m_new": 0.12372888543505688, "HITS@10m_new": 0.20481529162077933}