{"MRRm_new": 0.3007764431032929, "MRm_new": 516.6497978819981, "HITS@1m_new": 0.24290316231884934, "HITS@3m_new": 0.3195787677569897, "HITS@10m_new": 0.41078231948141913}