{"MRRm_new": 0.4972543776822695, "MRm_new": 338.3739913457259, "HITS@1m_new": 0.4283395778201084, "HITS@3m_new": 0.5275420751280908, "HITS@10m_new": 0.6272995809805579}