{"MRRm_new": 0.3003027302014634, "MRm_new": 2381.342969276339, "HITS@1m_new": 0.22022813440702158, "HITS@3m_new": 0.32932912759075406, "HITS@10m_new": 0.4643843081733794}