{"MRRm_new": 0.26159537644856845, "MRm_new": 2586.0064892796577, "HITS@1m_new": 0.19284563870973942, "HITS@3m_new": 0.2848896240496688, "HITS@10m_new": 0.3921015638440731}