{"MRRm_new": 0.286469071756695, "MRm_new": 2611.0012962970136, "HITS@1m_new": 0.20944346781511558, "HITS@3m_new": 0.3190515276938677, "HITS@10m_new": 0.4392519831536338}