{"MRRm_new": 0.21348315917783747, "MRm_new": 5869.975203874707, "HITS@1m_new": 0.1621511486985837, "HITS@3m_new": 0.2303566548990202, "HITS@10m_new": 0.307595573723549}