{"MRRm_new": 0.15045411650210372, "MRm_new": 3747.968664592795, "HITS@1m_new": 0.09607659979561868, "HITS@3m_new": 0.16331473922525766, "HITS@10m_new": 0.26233576601637104}