{"MRRm_new": 0.1703084505185243, "MRm_new": 817.1610388608649, "HITS@1m_new": 0.10849637711077957, "HITS@3m_new": 0.18528938771091635, "HITS@10m_new": 0.2932799706544938}