{"MRRm_new": 0.18800284092019864, "MRm_new": 376.602774981904, "HITS@1m_new": 0.1101878087602905, "HITS@3m_new": 0.20476652712245705, "HITS@10m_new": 0.34227978165308015}