{"MRRm_new": 0.14796672066809652, "MRm_new": 2514.840159424514, "HITS@1m_new": 0.09595037865781342, "HITS@3m_new": 0.15302343493988155, "HITS@10m_new": 0.24935109834515606}