{"MRRm_new": 0.15857689318852364, "MRm_new": 3308.845430507332, "HITS@1m_new": 0.10572828472874243, "HITS@3m_new": 0.16375717460821032, "HITS@10m_new": 0.26311678005987776}