{"MRRm_new": 0.15357348078378208, "MRm_new": 4219.403022415936, "HITS@1m_new": 0.10161141104757553, "HITS@3m_new": 0.16057958153786603, "HITS@10m_new": 0.2545894263491646}