{"MRRm_new": 0.09654205076706858, "MRm_new": 653.2410243342638, "HITS@1m_new": 0.055258604061143704, "HITS@3m_new": 0.09711117352948058, "HITS@10m_new": 0.17504042666769237}