{"MRRm_new": 0.17356526327387292, "MRm_new": 572.9391137635633, "HITS@1m_new": 0.10599610597352511, "HITS@3m_new": 0.18860834346051705, "HITS@10m_new": 0.3077069403146961}