{"MRRm_new": 0.4213943422532229, "MRm_new": 308.78853983200344, "HITS@1m_new": 0.35384218738889467, "HITS@3m_new": 0.45012765065835264, "HITS@10m_new": 0.5460090021853684}