{"MRRm_new": 0.22575175172676426, "MRm_new": 3163.045432041183, "HITS@1m_new": 0.16219384318316588, "HITS@3m_new": 0.25585932376922577, "HITS@10m_new": 0.3475643837566022}