{"MRRm_new": 0.3059553532082127, "MRm_new": 274.7397912236452, "HITS@1m_new": 0.21854267900993, "HITS@3m_new": 0.3411238925341895, "HITS@10m_new": 0.47186841867581825}