{"MRRm_new": 0.4957903240700616, "MRm_new": 171.38353342890738, "HITS@1m_new": 0.38370254619459954, "HITS@3m_new": 0.5548565378948006, "HITS@10m_new": 0.7159520665910386}