{"MRRm_new": 0.4037971992116918, "MRm_new": 197.5723675852716, "HITS@1m_new": 0.2984243567789381, "HITS@3m_new": 0.4510073934802786, "HITS@10m_new": 0.6074655992006301}