{"MRRm_new": 0.2354511954235386, "MRm_new": 5868.220777662784, "HITS@1m_new": 0.16174851051918812, "HITS@3m_new": 0.2533906549059902, "HITS@10m_new": 0.38447707366989925}