{"MRRm_new": 0.18444830552026542, "MRm_new": 498.42342149157525, "HITS@1m_new": 0.12255322907895315, "HITS@3m_new": 0.19621607553405337, "HITS@10m_new": 0.3074486303473124}