{"MRRm_new": 0.10989336131456949, "MRm_new": 3839.1232439162254, "HITS@1m_new": 0.06893132404331118, "HITS@3m_new": 0.11514196514501236, "HITS@10m_new": 0.19446640366176143}