{"MRRm_new": 0.4308177976258448, "MRm_new": 259.9364383460954, "HITS@1m_new": 0.33612059409407813, "HITS@3m_new": 0.4740304474107834, "HITS@10m_new": 0.6156674381406047}