{"MRRm_new": 0.4445516377153144, "MRm_new": 377.654737385571, "HITS@1m_new": 0.3817267281914028, "HITS@3m_new": 0.46692628486351895, "HITS@10m_new": 0.5674808973712279}