{"MRRm_new": 0.32387936858506916, "MRm_new": 1489.7249588172733, "HITS@1m_new": 0.2451302240334917, "HITS@3m_new": 0.3488204529460054, "HITS@10m_new": 0.48398298275237905}