{"MRRm_new": 0.6722562252284142, "MRm_new": 176.64630217381566, "HITS@1m_new": 0.6150862945494991, "HITS@3m_new": 0.703827045031554, "HITS@10m_new": 0.7778302740268518}