{"MRRm_new": 0.23870517752443993, "MRm_new": 2957.8023969602436, "HITS@1m_new": 0.17212090287648607, "HITS@3m_new": 0.2713923996861267, "HITS@10m_new": 0.3675314899533696}