{"MRRm_new": 0.2138985620553387, "MRm_new": 292.7737346130609, "HITS@1m_new": 0.13427069050346035, "HITS@3m_new": 0.2301518801180995, "HITS@10m_new": 0.4039787106351578}