{"MRRm_new": 0.4891248482343863, "MRm_new": 195.22244812524318, "HITS@1m_new": 0.3820591848973818, "HITS@3m_new": 0.5456414019430449, "HITS@10m_new": 0.7016901699714072}