{"MRRm_new": 0.3454161034045092, "MRm_new": 457.71072437632085, "HITS@1m_new": 0.28561528982578965, "HITS@3m_new": 0.36555560607206644, "HITS@10m_new": 0.45732470711987117}