{"MRRm_new": 0.2464572846146868, "MRm_new": 415.1989265223265, "HITS@1m_new": 0.16849438329543917, "HITS@3m_new": 0.2722868954720441, "HITS@10m_new": 0.4015279961307533}