{"MRRm_new": 0.15048898384135828, "MRm_new": 285.6238873198986, "HITS@1m_new": 0.08713025444729719, "HITS@3m_new": 0.16152305259488056, "HITS@10m_new": 0.27370532554208765}