{"MRRm_new": 0.30513727631677284, "MRm_new": 522.4122547712401, "HITS@1m_new": 0.2480106171881489, "HITS@3m_new": 0.3226312510366843, "HITS@10m_new": 0.41263411939481737}