{"MRRm_new": 0.3493300668255142, "MRm_new": 435.1965231130719, "HITS@1m_new": 0.24332496516476385, "HITS@3m_new": 0.3880660801976919, "HITS@10m_new": 0.5601627576947212}