{"MRRm_new": 0.6805302145009727, "MRm_new": 168.72958361778407, "HITS@1m_new": 0.6229749394567734, "HITS@3m_new": 0.7127170721232178, "HITS@10m_new": 0.7869078999270678}