{"MRRm_new": 0.08796763604508742, "MRm_new": 683.6478768431901, "HITS@1m_new": 0.04728638424547389, "HITS@3m_new": 0.0874076395162323, "HITS@10m_new": 0.16486349126488203}