{"MRRm_new": 0.13008393837333423, "MRm_new": 294.5446999685526, "HITS@1m_new": 0.06914296961051877, "HITS@3m_new": 0.1370914376155939, "HITS@10m_new": 0.24665643229740672}