{"MRRm_new": 0.21424787466891576, "MRm_new": 283.2405156811237, "HITS@1m_new": 0.1336679422826739, "HITS@3m_new": 0.23053666595680405, "HITS@10m_new": 0.4064819578775787}