{"MRRm_new": 0.4881785013213803, "MRm_new": 185.76494457872212, "HITS@1m_new": 0.37829417816806743, "HITS@3m_new": 0.5467225504599265, "HITS@10m_new": 0.7055285335209046}