{"MRRm_new": 0.47233254774405486, "MRm_new": 380.0381995240897, "HITS@1m_new": 0.4102833824891095, "HITS@3m_new": 0.4955670536511425, "HITS@10m_new": 0.5946149230346018}