{"MRRm_new": 0.3008120268438006, "MRm_new": 286.76134819149974, "HITS@1m_new": 0.2141546365963004, "HITS@3m_new": 0.3361236013533926, "HITS@10m_new": 0.46541184768811217}