{"MRRm_new": 0.302519459096095, "MRm_new": 1978.6454031205178, "HITS@1m_new": 0.21807946570951026, "HITS@3m_new": 0.3341097678243532, "HITS@10m_new": 0.4688618030910147}