{"MRRm_new": 0.40279513310508447, "MRm_new": 291.4071865454093, "HITS@1m_new": 0.31154996564229803, "HITS@3m_new": 0.44166452852594373, "HITS@10m_new": 0.57960935768134}