{"MRRm_new": 0.08799930055846053, "MRm_new": 687.5912329837084, "HITS@1m_new": 0.04728730903138639, "HITS@3m_new": 0.08714242810137221, "HITS@10m_new": 0.16526485856567744}