{"MRRm_new": 0.4006901729702658, "MRm_new": 212.7773513121903, "HITS@1m_new": 0.29548022124945417, "HITS@3m_new": 0.4469636316438846, "HITS@10m_new": 0.6040845523639291}