{"MRRm_new": 0.10631224797383183, "MRm_new": 3622.6899674217225, "HITS@1m_new": 0.06028716189712286, "HITS@3m_new": 0.11539912209133618, "HITS@10m_new": 0.20606607442633249}