{"MRRm_new": 0.6681175289717403, "MRm_new": 185.1399441288486, "HITS@1m_new": 0.612920810828542, "HITS@3m_new": 0.6978713013856104, "HITS@10m_new": 0.7727091904047484}