{"MRRm_new": 0.08069694737621903, "MRm_new": 683.884300262618, "HITS@1m_new": 0.038281985819287365, "HITS@3m_new": 0.08284643885492697, "HITS@10m_new": 0.15943821806993802}