{"MRRm_new": 0.08659675946103089, "MRm_new": 689.5202257424116, "HITS@1m_new": 0.04715488285729662, "HITS@3m_new": 0.08484891237283591, "HITS@10m_new": 0.16130855041827308}