{"MRRm_new": 0.25654020614206674, "MRm_new": 102.91463857884408, "HITS@1m_new": 0.16461532916324212, "HITS@3m_new": 0.2807023033647798, "HITS@10m_new": 0.4436220356456935}