{"MRRm_new": 0.2451776755949031, "MRm_new": 405.272596815753, "HITS@1m_new": 0.168946651479078, "HITS@3m_new": 0.2677895959726302, "HITS@10m_new": 0.3968194387896918}