{"MRRm_new": 0.3058814142589508, "MRm_new": 1535.901220978111, "HITS@1m_new": 0.2221474334038794, "HITS@3m_new": 0.33605006783566205, "HITS@10m_new": 0.4738105957683874}