{"MRRm_new": 0.234594780502301, "MRm_new": 390.0538373045683, "HITS@1m_new": 0.15693999767869246, "HITS@3m_new": 0.2561684363779379, "HITS@10m_new": 0.39360393336843696}