{"MRRm_new": 0.34439551228688015, "MRm_new": 470.1366791630089, "HITS@1m_new": 0.2848577767785646, "HITS@3m_new": 0.3643120688060371, "HITS@10m_new": 0.45612746256799436}