{"MRRm_new": 0.5098308198254117, "MRm_new": 417.190906201236, "HITS@1m_new": 0.43236135885359545, "HITS@3m_new": 0.545627413897164, "HITS@10m_new": 0.6559115428480582}