{"MRRm_new": 0.4122283298069333, "MRm_new": 313.34379837762566, "HITS@1m_new": 0.3223180757959126, "HITS@3m_new": 0.4523376918498543, "HITS@10m_new": 0.5845594961943279}