{"MRRm_new": 0.2783558811368557, "MRm_new": 531.7843818247915, "HITS@1m_new": 0.2188485557001477, "HITS@3m_new": 0.2952907761901151, "HITS@10m_new": 0.3930202585476691}