{"MRRm_new": 0.31880192914869304, "MRm_new": 2076.6552286592723, "HITS@1m_new": 0.23772710629878566, "HITS@3m_new": 0.3476964700673707, "HITS@10m_new": 0.4877505080960691}