{"MRRm_new": 0.23528129119925142, "MRm_new": 373.0011482557535, "HITS@1m_new": 0.15708637284792493, "HITS@3m_new": 0.2573397658721311, "HITS@10m_new": 0.39590298110209404}