{"MRRm_new": 0.4893400625281356, "MRm_new": 186.10302858293056, "HITS@1m_new": 0.37927663611848766, "HITS@3m_new": 0.5476428648851798, "HITS@10m_new": 0.7073128029762593}