{"MRRm_new": 0.2468630789593022, "MRm_new": 328.1234974639654, "HITS@1m_new": 0.1687666485289461, "HITS@3m_new": 0.2706175464392407, "HITS@10m_new": 0.40186047366177663}