{"MRRm_new": 0.30209792602582775, "MRm_new": 1703.45414257738, "HITS@1m_new": 0.2206797473144252, "HITS@3m_new": 0.32844067054445625, "HITS@10m_new": 0.4663626511389157}