{"MRRm_new": 0.17210215823523903, "MRm_new": 435.21896508994104, "HITS@1m_new": 0.09891540131304064, "HITS@3m_new": 0.1864588838844793, "HITS@10m_new": 0.32200617221393624}