{"MRRm_new": 0.18413963024908445, "MRm_new": 471.3277904199362, "HITS@1m_new": 0.12139163540622686, "HITS@3m_new": 0.19666825627517537, "HITS@10m_new": 0.30684247508470436}