{"MRRm_new": 0.1498601781912639, "MRm_new": 12331.282890743018, "HITS@1m_new": 0.0983921605051728, "HITS@3m_new": 0.16865071121326763, "HITS@10m_new": 0.2480948625539022}