{"MRRm_new": 0.21411113348377547, "MRm_new": 285.28772264590265, "HITS@1m_new": 0.13342164598342496, "HITS@3m_new": 0.230819348483847, "HITS@10m_new": 0.4061812549162307}