{"MRRm_new": 0.11524769652988325, "MRm_new": 3698.4896663933514, "HITS@1m_new": 0.07392561845039017, "HITS@3m_new": 0.11962917736847885, "HITS@10m_new": 0.20291225504153407}