{"MRRm_new": 0.10424622302798817, "MRm_new": 469.1437470384121, "HITS@1m_new": 0.05186494473540224, "HITS@3m_new": 0.10959774523330852, "HITS@10m_new": 0.20244174761760514}