{"MRRm_new": 0.10606448675843567, "MRm_new": 3633.0765811513425, "HITS@1m_new": 0.05986693754065782, "HITS@3m_new": 0.11524170449594967, "HITS@10m_new": 0.20597943785204553}