{"MRRm_new": 0.3057651251335783, "MRm_new": 1566.0151881091892, "HITS@1m_new": 0.22344529883749784, "HITS@3m_new": 0.33352168147842165, "HITS@10m_new": 0.47474690120934976}