{"MRRm_new": 0.22600917323182948, "MRm_new": 268.9911250013113, "HITS@1m_new": 0.13827400907669216, "HITS@3m_new": 0.25094676939416677, "HITS@10m_new": 0.4228185054341797}