{"MRRm_new": 0.5103045387708953, "MRm_new": 262.7563493347764, "HITS@1m_new": 0.44703812557475614, "HITS@3m_new": 0.5373241630879056, "HITS@10m_new": 0.6315840977917178}