{"MRRm_new": 0.39462295276933584, "MRm_new": 102.45503057441711, "HITS@1m_new": 0.2875458838620223, "HITS@3m_new": 0.44342013268796726, "HITS@10m_new": 0.6079868040349334}