{"MRRm_new": 0.47938845535529073, "MRm_new": 196.17867032444477, "HITS@1m_new": 0.37094797764543547, "HITS@3m_new": 0.5356777258457623, "HITS@10m_new": 0.6920697720441095}