{"MRRm_new": 0.2805073658579795, "MRm_new": 512.8571536476016, "HITS@1m_new": 0.22069677068210877, "HITS@3m_new": 0.29769341401952626, "HITS@10m_new": 0.395032731325151}