{"MRRm_new": 0.3058424070271208, "MRm_new": 1527.010183176428, "HITS@1m_new": 0.22186409799475224, "HITS@3m_new": 0.3349900458587217, "HITS@10m_new": 0.4748302835895447}