{"MRRm_new": 0.3289137666140823, "MRm_new": 2967.6500524171142, "HITS@1m_new": 0.29218477318581426, "HITS@3m_new": 0.3430948788508977, "HITS@10m_new": 0.3993006866819633}