{"MRRm_new": 0.15195461324578763, "MRm_new": 12240.922820865155, "HITS@1m_new": 0.09924225653457688, "HITS@3m_new": 0.16866757829044945, "HITS@10m_new": 0.26093657125975006}