{"MRRm_new": 0.5021800484669193, "MRm_new": 281.58562343932687, "HITS@1m_new": 0.438820974640832, "HITS@3m_new": 0.5278848729603924, "HITS@10m_new": 0.6242918237121412}