{"MRRm_new": 0.21456444163155247, "MRm_new": 275.36224549355506, "HITS@1m_new": 0.13356834203500767, "HITS@3m_new": 0.2307097421777784, "HITS@10m_new": 0.40789318304021144}