{"MRRm_new": 0.2346991434503929, "MRm_new": 390.3619246905565, "HITS@1m_new": 0.15719641107812057, "HITS@3m_new": 0.2560538992968155, "HITS@10m_new": 0.39363818445447835}