{"MRRm_new": 0.7676054684726987, "MRm_new": 41.35197617541254, "HITS@1m_new": 0.6912208014600038, "HITS@3m_new": 0.8222846564184875, "HITS@10m_new": 0.8972435367102735}