{"MRRm_new": 0.1768737179212607, "MRm_new": 417.37865611650943, "HITS@1m_new": 0.10964097474825685, "HITS@3m_new": 0.1924936764807324, "HITS@10m_new": 0.3161153299293248}