{"MRRm_new": 0.10656101162744598, "MRm_new": 3615.995983186054, "HITS@1m_new": 0.06048104660366662, "HITS@3m_new": 0.11540548613220453, "HITS@10m_new": 0.2065251056373585}