{"MRRm_new": 0.44663119227758946, "MRm_new": 1101.6088254182637, "HITS@1m_new": 0.3323835805505514, "HITS@3m_new": 0.5109075441537425, "HITS@10m_new": 0.6645322017574217}