{"MRRm_new": 0.19440906204766087, "MRm_new": 505.47732889126985, "HITS@1m_new": 0.12465067298380018, "HITS@3m_new": 0.21250153966423385, "HITS@10m_new": 0.33201667154002645}