{"MRRm_new": 0.19912443175847874, "MRm_new": 430.89032445801047, "HITS@1m_new": 0.12609948039060692, "HITS@3m_new": 0.21650246502938536, "HITS@10m_new": 0.34384626130144896}