{"MRRm_new": 0.3997266151098112, "MRm_new": 76.61659675920009, "HITS@1m_new": 0.29115158459628, "HITS@3m_new": 0.44869250489692203, "HITS@10m_new": 0.6152420209612698}