{"MRRm_new": 0.17566315436903004, "MRm_new": 517.0677087755575, "HITS@1m_new": 0.10729797265839079, "HITS@3m_new": 0.19079834474813107, "HITS@10m_new": 0.311427560399854}