{"MRRm_new": 0.10227454702078831, "MRm_new": 3611.095868915582, "HITS@1m_new": 0.05872189270919189, "HITS@3m_new": 0.1091326842051465, "HITS@10m_new": 0.19940770655698142}