{"MRRm_new": 0.19263040007087256, "MRm_new": 361.6410095311284, "HITS@1m_new": 0.12443252576606464, "HITS@3m_new": 0.2081635850182036, "HITS@10m_new": 0.3328722473825503}