{"MRRm_new": 0.21405297473866958, "MRm_new": 289.726991684556, "HITS@1m_new": 0.13374911291461902, "HITS@3m_new": 0.23014286214200547, "HITS@10m_new": 0.40596632605461636}