{"MRRm_new": 0.24676934875159495, "MRm_new": 335.8016927835226, "HITS@1m_new": 0.16876814106501406, "HITS@3m_new": 0.2706110609323485, "HITS@10m_new": 0.40134274881361054}