{"MRRm_new": 0.13131080298269954, "MRm_new": 295.38644515645507, "HITS@1m_new": 0.06957122855142224, "HITS@3m_new": 0.13906597222299316, "HITS@10m_new": 0.2501739306341391}