{"MRRm_new": 0.09975900631218974, "MRm_new": 602.8115820629358, "HITS@1m_new": 0.05688169169567409, "HITS@3m_new": 0.0994961188038753, "HITS@10m_new": 0.1807867178038927}