{"MRRm_new": 0.14603710133356299, "MRm_new": 4687.695459386766, "HITS@1m_new": 0.09742780423117801, "HITS@3m_new": 0.15369501754725934, "HITS@10m_new": 0.2451445426605933}