{"MRRm_new": 0.1155860086446759, "MRm_new": 624.1132577632666, "HITS@1m_new": 0.06964838970466516, "HITS@3m_new": 0.1183137719589984, "HITS@10m_new": 0.2026399852585746}