{"MRRm_new": 0.18524895074740344, "MRm_new": 457.2340681470156, "HITS@1m_new": 0.12263567345438059, "HITS@3m_new": 0.1985606293632707, "HITS@10m_new": 0.3074969169340795}