{"MRRm_new": 0.18456214355433623, "MRm_new": 467.69027619011405, "HITS@1m_new": 0.1223972694841912, "HITS@3m_new": 0.19708003912885325, "HITS@10m_new": 0.30656553211689463}