{"MRRm_new": 0.5134607154138457, "MRm_new": 143.088063187629, "HITS@1m_new": 0.39745676871784597, "HITS@3m_new": 0.5765931194378536, "HITS@10m_new": 0.7406464352802432}