{"MRRm_new": 0.24566089597534593, "MRm_new": 379.8572695124626, "HITS@1m_new": 0.16908423009499673, "HITS@3m_new": 0.26820068192116453, "HITS@10m_new": 0.39796414528666063}