{"MRRm_new": 0.10481225195882725, "MRm_new": 3727.661255257511, "HITS@1m_new": 0.05946651771371253, "HITS@3m_new": 0.113327330565406, "HITS@10m_new": 0.20241784502728843}