{"MRRm_new": 0.21280088736297476, "MRm_new": 304.83035508835314, "HITS@1m_new": 0.1320599369789241, "HITS@3m_new": 0.2285568453807733, "HITS@10m_new": 0.4055906053504092}