{"MRRm_new": 0.49988260810834434, "MRm_new": 176.22933624461294, "HITS@1m_new": 0.39020932687578536, "HITS@3m_new": 0.5590073168548333, "HITS@10m_new": 0.7174456649288476}