{"MRRm_new": 0.3026647034667635, "MRm_new": 1978.6394195347727, "HITS@1m_new": 0.21815455098438544, "HITS@3m_new": 0.334165383486019, "HITS@10m_new": 0.46903408083959947}