{"MRRm_new": 0.177113156355088, "MRm_new": 184.56687918150425, "HITS@1m_new": 0.10356104445429519, "HITS@3m_new": 0.18812849971167744, "HITS@10m_new": 0.3248536276026629}