{"MRRm_new": 0.2352731453270404, "MRm_new": 369.5430727150202, "HITS@1m_new": 0.1569891616814537, "HITS@3m_new": 0.25719226587272714, "HITS@10m_new": 0.3960182348329574}