{"MRRm_new": 0.5214816105187292, "MRm_new": 272.0098265396655, "HITS@1m_new": 0.4603421715112272, "HITS@3m_new": 0.54512107012446, "HITS@10m_new": 0.6424008629331583}