{"MRRm_new": 0.18521659567536844, "MRm_new": 457.2329530661821, "HITS@1m_new": 0.1225856734543806, "HITS@3m_new": 0.1985002868055424, "HITS@10m_new": 0.3075114743709331}