{"MRRm_new": 0.24892923199712677, "MRm_new": 349.6846528036356, "HITS@1m_new": 0.16865589552465826, "HITS@3m_new": 0.27672121576019565, "HITS@10m_new": 0.4072058222146705}