{"MRRm_new": 0.39823036781473364, "MRm_new": 222.94422130835056, "HITS@1m_new": 0.29351989106769905, "HITS@3m_new": 0.4442628510794893, "HITS@10m_new": 0.6000022711370547}