{"MRRm_new": 0.48379703512202377, "MRm_new": 199.46200842407345, "HITS@1m_new": 0.37491908725969186, "HITS@3m_new": 0.5416321284503428, "HITS@10m_new": 0.6985318188626843}