{"MRRm_new": 0.5058263346335007, "MRm_new": 276.48222328703105, "HITS@1m_new": 0.4425694588025435, "HITS@3m_new": 0.5321413542247901, "HITS@10m_new": 0.6278613391676554}