{"MRRm_new": 0.2352847166052801, "MRm_new": 392.4128559207201, "HITS@1m_new": 0.15726378518461714, "HITS@3m_new": 0.25728174548565874, "HITS@10m_new": 0.3950335800539702}