{"MRRm_new": 0.1783144992722344, "MRm_new": 369.533223550725, "HITS@1m_new": 0.10973927665489028, "HITS@3m_new": 0.19424542750466497, "HITS@10m_new": 0.32044202059665694}