{"MRRm_new": 0.08665704693152948, "MRm_new": 684.8910256820678, "HITS@1m_new": 0.046934915092773734, "HITS@3m_new": 0.08523928724678699, "HITS@10m_new": 0.16214167390816148}