{"MRRm_new": 0.1747910961847174, "MRm_new": 544.9390346651896, "HITS@1m_new": 0.10695689592743657, "HITS@3m_new": 0.18993782041475787, "HITS@10m_new": 0.3092656322436087}