{"MRRm_new": 0.23304260584020522, "MRm_new": 432.3209902832746, "HITS@1m_new": 0.15579611689283046, "HITS@3m_new": 0.2542040638343198, "HITS@10m_new": 0.3911155506806448}