{"MRRm_new": 0.6314638047968265, "MRm_new": 207.31272434908897, "HITS@1m_new": 0.5743782972439185, "HITS@3m_new": 0.658078017438842, "HITS@10m_new": 0.7393315548056962}