{"MRRm_new": 0.11854673569303123, "MRm_new": 3562.229248789954, "HITS@1m_new": 0.07640190410981886, "HITS@3m_new": 0.12419841680126265, "HITS@10m_new": 0.20449731652829797}