{"MRRm_new": 0.48007610089776154, "MRm_new": 203.39654861989618, "HITS@1m_new": 0.37221031217679773, "HITS@3m_new": 0.5364557564238421, "HITS@10m_new": 0.6937953510938969}