{"MRRm_new": 0.08713332835843175, "MRm_new": 684.4541331086635, "HITS@1m_new": 0.0470886820403859, "HITS@3m_new": 0.08569673188494052, "HITS@10m_new": 0.16356162366975333}