{"MRRm_new": 0.492152303826615, "MRm_new": 292.3908056322336, "HITS@1m_new": 0.4286237607878502, "HITS@3m_new": 0.5177326659370738, "HITS@10m_new": 0.6145857559174983}