{"MRRm_new": 0.30208661929991465, "MRm_new": 1942.4093092647195, "HITS@1m_new": 0.21744710951985324, "HITS@3m_new": 0.33266427171364193, "HITS@10m_new": 0.46966214101656806}