{"MRRm_new": 0.3895379388199135, "MRm_new": 330.06197198308257, "HITS@1m_new": 0.3001815510579399, "HITS@3m_new": 0.4272260050005571, "HITS@10m_new": 0.5610874280242643}