{"MRRm_new": 0.19281622331648687, "MRm_new": 360.16717978419064, "HITS@1m_new": 0.124418064591015, "HITS@3m_new": 0.20839869723173324, "HITS@10m_new": 0.33505311740959876}