{"MRRm_new": 0.238448840444893, "MRm_new": 255.1613313970089, "HITS@1m_new": 0.14073944939630456, "HITS@3m_new": 0.2707732280367054, "HITS@10m_new": 0.4362608453037683}