{"MRRm_new": 0.13075506689175964, "MRm_new": 294.4822190512419, "HITS@1m_new": 0.06914495375326368, "HITS@3m_new": 0.1383335238267202, "HITS@10m_new": 0.24916601372747682}