{"MRRm_new": 0.6847355963247337, "MRm_new": 166.5045035076663, "HITS@1m_new": 0.6266586563143465, "HITS@3m_new": 0.71731905167878, "HITS@10m_new": 0.7918726978027371}