{"MRRm_new": 0.194871119921004, "MRm_new": 471.47436988003255, "HITS@1m_new": 0.13140088273900327, "HITS@3m_new": 0.21094555413797497, "HITS@10m_new": 0.32035161202673335}