{"MRRm_new": 0.6960347241860554, "MRm_new": 159.0038485498354, "HITS@1m_new": 0.640173768943936, "HITS@3m_new": 0.7277630692789462, "HITS@10m_new": 0.8005621685708829}