{"MRRm_new": 0.565619552557444, "MRm_new": 222.22479791548102, "HITS@1m_new": 0.48819739366916476, "HITS@3m_new": 0.6051120096134837, "HITS@10m_new": 0.7090354176910915}