{"MRRm_new": 0.6654751300243069, "MRm_new": 183.62332083602993, "HITS@1m_new": 0.6086489524283497, "HITS@3m_new": 0.6965836302501193, "HITS@10m_new": 0.7704908423712586}