{"MRRm_new": 0.5155985299670337, "MRm_new": 294.07419072403013, "HITS@1m_new": 0.45294631835903054, "HITS@3m_new": 0.5413291942642645, "HITS@10m_new": 0.6381780193251725}