{"MRRm_new": 0.3025068012292254, "MRm_new": 1953.0590304180384, "HITS@1m_new": 0.2180241297254106, "HITS@3m_new": 0.33295458557590607, "HITS@10m_new": 0.4700954093289329}