{"MRRm_new": 0.18539115876394063, "MRm_new": 454.5858376483202, "HITS@1m_new": 0.12237727651929017, "HITS@3m_new": 0.19833232936356798, "HITS@10m_new": 0.30919545844399837}