{"MRRm_new": 0.1956560591507965, "MRm_new": 475.0901804354429, "HITS@1m_new": 0.1333627309409785, "HITS@3m_new": 0.20947631562297464, "HITS@10m_new": 0.3164936432286864}