{"MRRm_new": 0.34093270152887545, "MRm_new": 182.76952616108954, "HITS@1m_new": 0.24986934091814328, "HITS@3m_new": 0.3778977239865053, "HITS@10m_new": 0.5159549289079587}