{"MRRm_new": 0.7277336851009013, "MRm_new": 134.6285210873857, "HITS@1m_new": 0.6710389501035934, "HITS@3m_new": 0.7606435523563377, "HITS@10m_new": 0.8362676170184823}