{"MRRm_new": 0.5013395460242618, "MRm_new": 164.71764488624035, "HITS@1m_new": 0.387841132533209, "HITS@3m_new": 0.5619502658605816, "HITS@10m_new": 0.7240876020914002}