{"MRRm_new": 0.23753704447355703, "MRm_new": 277.58705698316095, "HITS@1m_new": 0.14193820598660387, "HITS@3m_new": 0.26848740567015483, "HITS@10m_new": 0.43121174637465737}