{"MRRm_new": 0.3198125183753778, "MRm_new": 1910.9379240806102, "HITS@1m_new": 0.24008080432843418, "HITS@3m_new": 0.3484683802158106, "HITS@10m_new": 0.4850101951942779}