{"MRRm_new": 0.19581705885904813, "MRm_new": 452.25528014175893, "HITS@1m_new": 0.13265559567764867, "HITS@3m_new": 0.21096690589269856, "HITS@10m_new": 0.3178204781632172}