{"MRRm_new": 0.4034185262814162, "MRm_new": 281.9473358186707, "HITS@1m_new": 0.3113451610322081, "HITS@3m_new": 0.4432772451866913, "HITS@10m_new": 0.5816763049157853}