{"MRRm_new": 0.11278047112275817, "MRm_new": 3559.8183073004006, "HITS@1m_new": 0.07065576431779191, "HITS@3m_new": 0.11811132874726318, "HITS@10m_new": 0.19833908915994689}