{"MRRm_new": 0.24313199660511745, "MRm_new": 537.6747205562353, "HITS@1m_new": 0.1669662897262606, "HITS@3m_new": 0.26554656390694437, "HITS@10m_new": 0.3981599238730036}