{"MRRm_new": 0.1191118931344914, "MRm_new": 486.4294689139366, "HITS@1m_new": 0.0682204750983743, "HITS@3m_new": 0.12284335575129371, "HITS@10m_new": 0.21894294434520417}