{"MRRm_new": 0.1749739347753475, "MRm_new": 540.6129533142969, "HITS@1m_new": 0.10689514683312518, "HITS@3m_new": 0.19024345147104033, "HITS@10m_new": 0.3094969579406461}