{"MRRm_new": 0.254351920556252, "MRm_new": 1974.5379863103628, "HITS@1m_new": 0.18378409254745928, "HITS@3m_new": 0.2779090083836054, "HITS@10m_new": 0.3910916906580678}