{"MRRm_new": 0.0865319516230098, "MRm_new": 684.8912916002273, "HITS@1m_new": 0.046734915092773735, "HITS@3m_new": 0.08515880531820003, "HITS@10m_new": 0.16214167390816148}