{"MRRm_new": 0.13675147873594823, "MRm_new": 4112.016083485276, "HITS@1m_new": 0.0885431573852984, "HITS@3m_new": 0.1402141747057758, "HITS@10m_new": 0.23117896401691543}