{"MRRm_new": 0.3897840117322949, "MRm_new": 330.0600957013145, "HITS@1m_new": 0.30059633153453613, "HITS@3m_new": 0.42737342955186614, "HITS@10m_new": 0.5611526928658058}