{"MRRm_new": 0.7096800794568481, "MRm_new": 151.80154636453838, "HITS@1m_new": 0.6535507051806453, "HITS@3m_new": 0.7410180955353389, "HITS@10m_new": 0.8164445759774499}