{"MRRm_new": 0.18474319961022992, "MRm_new": 189.3453304019928, "HITS@1m_new": 0.11188382954988628, "HITS@3m_new": 0.19954715996328742, "HITS@10m_new": 0.3272261088198051}