{"MRRm_new": 0.1814014676815583, "MRm_new": 375.9124028253555, "HITS@1m_new": 0.10597750019038794, "HITS@3m_new": 0.19582040829707403, "HITS@10m_new": 0.3348190824336372}