{"MRRm_new": 0.23157401477692202, "MRm_new": 3033.8193334396033, "HITS@1m_new": 0.16660799087275519, "HITS@3m_new": 0.2632588726205868, "HITS@10m_new": 0.3560040280048124}