{"MRRm_new": 0.425294358244757, "MRm_new": 303.44096235863117, "HITS@1m_new": 0.3577747374139799, "HITS@3m_new": 0.45401995311579957, "HITS@10m_new": 0.5501658501122146}