{"MRRm_new": 0.21468383797853602, "MRm_new": 276.99638744335175, "HITS@1m_new": 0.13379016021688003, "HITS@3m_new": 0.2309642876399099, "HITS@10m_new": 0.40761957384009145}