{"MRRm_new": 0.10204811390982359, "MRm_new": 3622.402527351737, "HITS@1m_new": 0.05832298618191853, "HITS@3m_new": 0.1087658929739613, "HITS@10m_new": 0.19861713573052547}