{"MRRm_new": 0.6130212682559868, "MRm_new": 72.07151783622801, "HITS@1m_new": 0.5441294948637951, "HITS@3m_new": 0.6495561804051977, "HITS@10m_new": 0.7398919450888644}