{"MRRm_new": 0.19339542910385352, "MRm_new": 529.7023366188183, "HITS@1m_new": 0.12382547131851607, "HITS@3m_new": 0.2118490934030924, "HITS@10m_new": 0.3293143301592063}