{"MRRm_new": 0.4977146541817956, "MRm_new": 176.35119482044877, "HITS@1m_new": 0.3885134491828321, "HITS@3m_new": 0.5567521677485129, "HITS@10m_new": 0.7141119282893196}