{"MRRm_new": 0.19665959039119044, "MRm_new": 437.9913894976139, "HITS@1m_new": 0.1338472511065891, "HITS@3m_new": 0.21144159647315974, "HITS@10m_new": 0.3192840347751277}