{"MRRm_new": 0.17604315804189172, "MRm_new": 515.6705450306163, "HITS@1m_new": 0.10774951895224877, "HITS@3m_new": 0.1908578257842819, "HITS@10m_new": 0.3118118767142223}