{"MRRm_new": 0.33535534596310207, "MRm_new": 2963.9317857260926, "HITS@1m_new": 0.2984370215214076, "HITS@3m_new": 0.34901004536576513, "HITS@10m_new": 0.40722600551901267}