{"MRRm_new": 0.4214892110222927, "MRm_new": 308.78685433686525, "HITS@1m_new": 0.35396839951453873, "HITS@3m_new": 0.45019921582959066, "HITS@10m_new": 0.5460713243698119}