{"MRRm_new": 0.32028570999119255, "MRm_new": 1923.8924530079662, "HITS@1m_new": 0.24035796430474146, "HITS@3m_new": 0.3492487799965311, "HITS@10m_new": 0.48506345580378546}