{"MRRm_new": 0.211750970615808, "MRm_new": 3347.1648242315946, "HITS@1m_new": 0.15065671957972518, "HITS@3m_new": 0.24073703000694513, "HITS@10m_new": 0.3299939870064845}