{"MRRm_new": 0.32363949504733136, "MRm_new": 1468.222838063389, "HITS@1m_new": 0.24373891035630368, "HITS@3m_new": 0.3497348357879091, "HITS@10m_new": 0.48615128369210286}