{"MRRm_new": 0.19748849977627014, "MRm_new": 470.65413333336267, "HITS@1m_new": 0.12479854532524769, "HITS@3m_new": 0.2156670721602786, "HITS@10m_new": 0.33958923948817393}