{"MRRm_new": 0.23068418034141905, "MRm_new": 3065.176255998135, "HITS@1m_new": 0.16571643900877098, "HITS@3m_new": 0.2626135219741845, "HITS@10m_new": 0.35508838296959583}