{"MRRm_new": 0.12319960120297183, "MRm_new": 462.09649583404064, "HITS@1m_new": 0.06992429125676863, "HITS@3m_new": 0.12991536310808732, "HITS@10m_new": 0.22731104796191212}