{"MRRm_new": 0.1844141754224911, "MRm_new": 498.42369176306727, "HITS@1m_new": 0.12250322907895315, "HITS@3m_new": 0.19615573297781522, "HITS@10m_new": 0.3074581165137002}