{"MRRm_new": 0.1768816333149196, "MRm_new": 417.3783379371881, "HITS@1m_new": 0.10964097474825685, "HITS@3m_new": 0.1925158987031202, "HITS@10m_new": 0.31611902401063124}