{"MRRm_new": 0.49408367575769446, "MRm_new": 187.3878174060583, "HITS@1m_new": 0.38575249479470586, "HITS@3m_new": 0.5523775916135565, "HITS@10m_new": 0.70890089587486}