{"MRRm_new": 0.1950166947206926, "MRm_new": 503.9440181470141, "HITS@1m_new": 0.12523134732847394, "HITS@3m_new": 0.21288444804901518, "HITS@10m_new": 0.33276082376972044}