{"MRRm_new": 0.10179078391348012, "MRm_new": 3667.7761996275426, "HITS@1m_new": 0.05799139262968674, "HITS@3m_new": 0.1088131945702713, "HITS@10m_new": 0.19868403432923368}