{"MRRm_new": 0.18140444787615997, "MRm_new": 550.7211602278948, "HITS@1m_new": 0.12150992427780292, "HITS@3m_new": 0.19081638530585332, "HITS@10m_new": 0.3032186350696953}