{"MRRm_new": 0.31597879091893083, "MRm_new": 2160.874761035323, "HITS@1m_new": 0.23583279444975777, "HITS@3m_new": 0.3440397558622062, "HITS@10m_new": 0.48388188183587044}