{"MRRm_new": 0.22608699287201306, "MRm_new": 275.8029999754906, "HITS@1m_new": 0.13902397617716342, "HITS@3m_new": 0.25059211749304083, "HITS@10m_new": 0.4224758346681949}