{"MRRm_new": 0.30353830351359784, "MRm_new": 1971.0769772680999, "HITS@1m_new": 0.21902509707061107, "HITS@3m_new": 0.33385652619454775, "HITS@10m_new": 0.47100105867802633}