{"MRRm_new": 0.3252966843155764, "MRm_new": 1521.362549965024, "HITS@1m_new": 0.24561469248426146, "HITS@3m_new": 0.35248581132420803, "HITS@10m_new": 0.4807763330573216}