{"MRRm_new": 0.1112280692035958, "MRm_new": 3682.1663213347674, "HITS@1m_new": 0.06952816523835063, "HITS@3m_new": 0.1164098953996785, "HITS@10m_new": 0.19670103786913679}