{"MRRm_new": 0.5300305963323008, "MRm_new": 254.99306836181879, "HITS@1m_new": 0.4690029428292983, "HITS@3m_new": 0.5547002844794952, "HITS@10m_new": 0.6499318340750979}