{"MRRm_new": 0.10568695998846524, "MRm_new": 673.2204775646686, "HITS@1m_new": 0.06332706637093798, "HITS@3m_new": 0.10632081687043538, "HITS@10m_new": 0.1852138045831118}