{"MRRm_new": 0.30577854829909257, "MRm_new": 1566.0113964229524, "HITS@1m_new": 0.22359842533245683, "HITS@3m_new": 0.33332895821536657, "HITS@10m_new": 0.4746999015415786}