{"MRRm_new": 0.23404849597303293, "MRm_new": 3084.5491450114696, "HITS@1m_new": 0.16944053698677453, "HITS@3m_new": 0.264358712043977, "HITS@10m_new": 0.3584384818764811}