{"MRRm_new": 0.11110268177114631, "MRm_new": 3646.9287576547385, "HITS@1m_new": 0.06907612015213817, "HITS@3m_new": 0.11623631040686741, "HITS@10m_new": 0.19730889470614493}