{"MRRm_new": 0.22587699854146923, "MRm_new": 278.23075359261037, "HITS@1m_new": 0.139264190874435, "HITS@3m_new": 0.25010091017801317, "HITS@10m_new": 0.42091731611094435}