{"MRRm_new": 0.3226803933058118, "MRm_new": 3120.5681275252477, "HITS@1m_new": 0.28578277478536984, "HITS@3m_new": 0.33566656642284215, "HITS@10m_new": 0.3947970572556951}