{"MRRm_new": 0.7280773597498638, "MRm_new": 41.64668723003566, "HITS@1m_new": 0.6363497591821069, "HITS@3m_new": 0.7945721531298187, "HITS@10m_new": 0.8860188569262973}