{"MRRm_new": 0.21456028746222583, "MRm_new": 275.361338063097, "HITS@1m_new": 0.133550160216284, "HITS@3m_new": 0.23072792399650208, "HITS@10m_new": 0.40796497791368747}