{"MRRm_new": 0.09691477871391399, "MRm_new": 484.1430660486698, "HITS@1m_new": 0.04812563919970417, "HITS@3m_new": 0.10124652247326449, "HITS@10m_new": 0.18792843508145307}