{"MRRm_new": 0.3060073129249831, "MRm_new": 1539.8909863158763, "HITS@1m_new": 0.2221398407900706, "HITS@3m_new": 0.3364584551245789, "HITS@10m_new": 0.47471964527189264}