{"MRRm_new": 0.324487014168496, "MRm_new": 1602.5130172686577, "HITS@1m_new": 0.24569661845942029, "HITS@3m_new": 0.3507442220771918, "HITS@10m_new": 0.4776738745777402}