{"MRRm_new": 0.30589997708131933, "MRm_new": 1535.899927607566, "HITS@1m_new": 0.2223249379079789, "HITS@3m_new": 0.3356073047110694, "HITS@10m_new": 0.47373404884513004}