{"MRRm_new": 0.6642946017038039, "MRm_new": 184.10926357958465, "HITS@1m_new": 0.6075343142022867, "HITS@3m_new": 0.6918322277212247, "HITS@10m_new": 0.773674924385381}