{"MRRm_new": 0.29933087816433135, "MRm_new": 2121.5553307685254, "HITS@1m_new": 0.2156641762648942, "HITS@3m_new": 0.3311751265855855, "HITS@10m_new": 0.46280159780185204}