{"MRRm_new": 0.19589528879785068, "MRm_new": 343.61237995055916, "HITS@1m_new": 0.12246851246925071, "HITS@3m_new": 0.21290468197773443, "HITS@10m_new": 0.3416013806599774}