{"MRRm_new": 0.3265754022920505, "MRm_new": 1470.9036476300657, "HITS@1m_new": 0.24685032419417985, "HITS@3m_new": 0.3530056478775805, "HITS@10m_new": 0.48240849327505564}