{"MRRm_new": 0.09945501770323753, "MRm_new": 606.3605477545739, "HITS@1m_new": 0.05677391749258968, "HITS@3m_new": 0.09968920818814658, "HITS@10m_new": 0.17816891292643267}