{"MRRm_new": 0.27069251946329587, "MRm_new": 637.9775851426572, "HITS@1m_new": 0.2118606421167642, "HITS@3m_new": 0.28880136688868513, "HITS@10m_new": 0.3825229177419169}