{"MRRm_new": 0.39683192734422573, "MRm_new": 317.54278374768046, "HITS@1m_new": 0.3070739306757387, "HITS@3m_new": 0.4339012598789996, "HITS@10m_new": 0.5701694649135861}