{"MRRm_new": 0.19577392995998072, "MRm_new": 506.591835614942, "HITS@1m_new": 0.1241544303579285, "HITS@3m_new": 0.21401381586762, "HITS@10m_new": 0.33611739471513286}