{"MRRm_new": 0.10617447750368883, "MRm_new": 667.5688593566417, "HITS@1m_new": 0.06370749949021265, "HITS@3m_new": 0.10710235077280668, "HITS@10m_new": 0.1853242793334648}