{"MRRm_new": 0.4738697195781915, "MRm_new": 219.9310484236628, "HITS@1m_new": 0.3695925816546478, "HITS@3m_new": 0.5275826721747798, "HITS@10m_new": 0.6804551345265063}