{"MRRm_new": 0.11034073044355173, "MRm_new": 3701.162014820409, "HITS@1m_new": 0.06917938719782979, "HITS@3m_new": 0.11412119091721251, "HITS@10m_new": 0.19720579899144358}