{"MRRm_new": 0.428015291030516, "MRm_new": 296.48065592096003, "HITS@1m_new": 0.36044180242112633, "HITS@3m_new": 0.45667101558212014, "HITS@10m_new": 0.5525887958830572}