{"MRRm_new": 0.10672321286970692, "MRm_new": 700.9209248902798, "HITS@1m_new": 0.06399743516151793, "HITS@3m_new": 0.10759634131999338, "HITS@10m_new": 0.1854310578211269}