{"MRRm_new": 0.23457799549179909, "MRm_new": 413.6882614975214, "HITS@1m_new": 0.1572646422140999, "HITS@3m_new": 0.25628121979262214, "HITS@10m_new": 0.3926409768582322}