{"MRRm_new": 0.32014772777419964, "MRm_new": 1686.6829001121819, "HITS@1m_new": 0.2426404862110503, "HITS@3m_new": 0.34418933999561707, "HITS@10m_new": 0.475415261258604}