{"MRRm_new": 0.2253676723262659, "MRm_new": 279.7128171973467, "HITS@1m_new": 0.1391621436579153, "HITS@3m_new": 0.24973687618337573, "HITS@10m_new": 0.41969575152057226}