{"MRRm_new": 0.11150585444414464, "MRm_new": 3606.3000050357105, "HITS@1m_new": 0.06923491372754798, "HITS@3m_new": 0.11691454382888042, "HITS@10m_new": 0.19741045852024108}