{"MRRm_new": 0.49579292757358234, "MRm_new": 179.23764685758948, "HITS@1m_new": 0.3836433417541666, "HITS@3m_new": 0.5562929990871562, "HITS@10m_new": 0.7172572539396642}