{"MRRm_new": 0.0964234149676442, "MRm_new": 651.4754327556849, "HITS@1m_new": 0.05498974228716106, "HITS@3m_new": 0.09687341807346675, "HITS@10m_new": 0.17515043091395055}