{"MRRm_new": 0.49600029983719834, "MRm_new": 179.2400899309367, "HITS@1m_new": 0.383922036162181, "HITS@3m_new": 0.5565130811558556, "HITS@10m_new": 0.7170991446835978}