{"MRRm_new": 0.48676613446938427, "MRm_new": 190.11431841167808, "HITS@1m_new": 0.3775872076811611, "HITS@3m_new": 0.544539012901565, "HITS@10m_new": 0.7020169030765828}