{"MRRm_new": 0.13066122139019426, "MRm_new": 295.321944613719, "HITS@1m_new": 0.06904561630983372, "HITS@3m_new": 0.1383460514366161, "HITS@10m_new": 0.24903655274328776}