{"MRRm_new": 0.30196831624184417, "MRm_new": 1942.413140679747, "HITS@1m_new": 0.2174147369446, "HITS@3m_new": 0.3326372020164854, "HITS@10m_new": 0.46947600988007615}