{"MRRm_new": 0.6838645373155696, "MRm_new": 170.2920258353129, "HITS@1m_new": 0.6288435472120218, "HITS@3m_new": 0.7143666901281467, "HITS@10m_new": 0.7873402700533697}