{"MRRm_new": 0.10176917931401258, "MRm_new": 3673.1185830875634, "HITS@1m_new": 0.057734570202697066, "HITS@3m_new": 0.10968798585808837, "HITS@10m_new": 0.19857322583287024}