{"MRRm_new": 0.2912703130338763, "MRm_new": 187.70516252541543, "HITS@1m_new": 0.18610115357432513, "HITS@3m_new": 0.33186424975404516, "HITS@10m_new": 0.4999081586752087}