{"MRRm_new": 0.24669064469930307, "MRm_new": 443.64139769330023, "HITS@1m_new": 0.16850834375310222, "HITS@3m_new": 0.2726900351502001, "HITS@10m_new": 0.4018872911498416}