{"MRRm_new": 0.3478372291540486, "MRm_new": 2761.9374900862276, "HITS@1m_new": 0.24062758826639039, "HITS@3m_new": 0.39160189690813424, "HITS@10m_new": 0.5602186933234334}