{"MRRm_new": 0.5084616721134299, "MRm_new": 155.33796242713927, "HITS@1m_new": 0.3938430529007419, "HITS@3m_new": 0.5699834930188845, "HITS@10m_new": 0.732990557058045}