{"MRRm_new": 0.3192643641883951, "MRm_new": 2052.384616063416, "HITS@1m_new": 0.23815494907414542, "HITS@3m_new": 0.3483534439536743, "HITS@10m_new": 0.48862087111826985}