{"MRRm_new": 0.30066402392399866, "MRm_new": 550.7481050387844, "HITS@1m_new": 0.24405972210146137, "HITS@3m_new": 0.3176766501985221, "HITS@10m_new": 0.4085846929809486}