{"MRRm_new": 0.19146651311242932, "MRm_new": 563.2251843911483, "HITS@1m_new": 0.12280179734570265, "HITS@3m_new": 0.20971478527776344, "HITS@10m_new": 0.3257931232726478}