{"MRRm_new": 0.30436415413881424, "MRm_new": 276.35676581808923, "HITS@1m_new": 0.2172346345950209, "HITS@3m_new": 0.3396713185598346, "HITS@10m_new": 0.46958861105388494}