{"MRRm_new": 0.17837094701604364, "MRm_new": 376.4137832793236, "HITS@1m_new": 0.11004480700643035, "HITS@3m_new": 0.19444379076810436, "HITS@10m_new": 0.3191361362983938}