{"MRRm_new": 0.4015785458483933, "MRm_new": 303.41565603726355, "HITS@1m_new": 0.3107614816783971, "HITS@3m_new": 0.4399888859706552, "HITS@10m_new": 0.5777305337381949}