{"MRRm_new": 0.3198270643632395, "MRm_new": 1898.9314623986484, "HITS@1m_new": 0.2400150506272912, "HITS@3m_new": 0.34842130029690455, "HITS@10m_new": 0.48499626833060755}