{"MRRm_new": 0.2793489035374423, "MRm_new": 519.6048445539922, "HITS@1m_new": 0.21976733306317328, "HITS@3m_new": 0.29636653729981116, "HITS@10m_new": 0.39408661724745253}