{"MRRm_new": 0.49605364425699006, "MRm_new": 180.77047997760772, "HITS@1m_new": 0.3874898052164171, "HITS@3m_new": 0.554190146261586, "HITS@10m_new": 0.7106228375614446}