{"MRRm_new": 0.30607396743966137, "MRm_new": 1535.194511705011, "HITS@1m_new": 0.22284743634052576, "HITS@3m_new": 0.33607213839906036, "HITS@10m_new": 0.47294722524180544}