{"MRRm_new": 0.11749102908448113, "MRm_new": 3627.9129956493616, "HITS@1m_new": 0.07599428018177859, "HITS@3m_new": 0.12226762420656159, "HITS@10m_new": 0.20349275115830823}