{"MRRm_new": 0.379995600849792, "MRm_new": 367.3610440960154, "HITS@1m_new": 0.2957911682390331, "HITS@3m_new": 0.4141926797977867, "HITS@10m_new": 0.5397012064332594}