{"MRRm_new": 0.4189223890941248, "MRm_new": 276.53529054319114, "HITS@1m_new": 0.32853777992288086, "HITS@3m_new": 0.4583843687951885, "HITS@10m_new": 0.5932212374788942}