{"MRRm_new": 0.18453029516476235, "MRm_new": 467.68932285091876, "HITS@1m_new": 0.12234976948422846, "HITS@3m_new": 0.19701969657261506, "HITS@10m_new": 0.30657501828328243}