{"MRRm_new": 0.10521530272293457, "MRm_new": 468.83052639727595, "HITS@1m_new": 0.05273176770429127, "HITS@3m_new": 0.11001671322626062, "HITS@10m_new": 0.20235746923948172}