{"MRRm_new": 0.1434025133176765, "MRm_new": 292.69505936057567, "HITS@1m_new": 0.08253999534859321, "HITS@3m_new": 0.15069066600155784, "HITS@10m_new": 0.2641751933777472}