{"MRRm_new": 0.3994862380094819, "MRm_new": 307.3722255819216, "HITS@1m_new": 0.30930870545590733, "HITS@3m_new": 0.4370298046837561, "HITS@10m_new": 0.5737416233909717}