{"MRRm_new": 0.11665235561249719, "MRm_new": 3680.4894082303285, "HITS@1m_new": 0.07512269997023978, "HITS@3m_new": 0.12185330715966411, "HITS@10m_new": 0.2024220214453526}