{"MRRm_new": 0.10197949129113695, "MRm_new": 3639.828395391154, "HITS@1m_new": 0.05806453737923876, "HITS@3m_new": 0.10875772916697897, "HITS@10m_new": 0.19888662862577475}