{"MRRm_new": 0.08032881903619273, "MRm_new": 677.3760705164433, "HITS@1m_new": 0.03829961708621704, "HITS@3m_new": 0.08273652864680044, "HITS@10m_new": 0.160939517631114}