{"MRRm_new": 0.3066352507069123, "MRm_new": 1401.7836226885618, "HITS@1m_new": 0.22296898498479276, "HITS@3m_new": 0.3352000915707904, "HITS@10m_new": 0.47604712766886226}