{"MRRm_new": 0.4787347357445933, "MRm_new": 182.73608687245846, "HITS@1m_new": 0.4109884945861704, "HITS@3m_new": 0.5086674093201873, "HITS@10m_new": 0.6042933519202343}