{"MRRm_new": 0.27846751362210126, "MRm_new": 531.78008250916, "HITS@1m_new": 0.21896397844445165, "HITS@3m_new": 0.2954951766290469, "HITS@10m_new": 0.39289967621922917}