{"MRRm_new": 0.1923077879465738, "MRm_new": 541.8398642006159, "HITS@1m_new": 0.131307295587461, "HITS@3m_new": 0.2025835740902694, "HITS@10m_new": 0.31311506315043663}