{"MRRm_new": 0.1064377738707437, "MRm_new": 666.7578937094688, "HITS@1m_new": 0.0638677684539929, "HITS@3m_new": 0.10746450769433868, "HITS@10m_new": 0.1858190257309936}