{"MRRm_new": 0.2325167656382746, "MRm_new": 3006.6740019984095, "HITS@1m_new": 0.16716652167160645, "HITS@3m_new": 0.26433068845586966, "HITS@10m_new": 0.3579147259419115}