{"MRRm_new": 0.24529612681781, "MRm_new": 385.22020190412996, "HITS@1m_new": 0.16898338793501025, "HITS@3m_new": 0.26769461383938326, "HITS@10m_new": 0.39769790463475513}