{"MRRm_new": 0.3201732997799609, "MRm_new": 1901.0749541163445, "HITS@1m_new": 0.24059207083284856, "HITS@3m_new": 0.3478525716078002, "HITS@10m_new": 0.4854655905836262}