{"MRRm_new": 0.34754202300329323, "MRm_new": 444.43366781674325, "HITS@1m_new": 0.287178727024253, "HITS@3m_new": 0.36780757708564854, "HITS@10m_new": 0.4601463937787776}