{"MRRm_new": 0.1841065980790765, "MRm_new": 471.3273532441855, "HITS@1m_new": 0.1213441354062641, "HITS@3m_new": 0.1966079137189372, "HITS@10m_new": 0.306860656903428}