{"MRRm_new": 0.08015821719234373, "MRm_new": 665.7548523779869, "HITS@1m_new": 0.037710989711259024, "HITS@3m_new": 0.08280852324381122, "HITS@10m_new": 0.15965437642964533}