{"MRRm_new": 0.19258132396228902, "MRm_new": 363.71495072137117, "HITS@1m_new": 0.12447009778672946, "HITS@3m_new": 0.20775148881811184, "HITS@10m_new": 0.3332388794671919}