{"MRRm_new": 0.19305128499274815, "MRm_new": 534.4271779862419, "HITS@1m_new": 0.12375091006890579, "HITS@3m_new": 0.21159921631718318, "HITS@10m_new": 0.32824710343287733}