{"MRRm_new": 0.32491308581823797, "MRm_new": 595.3948561765253, "HITS@1m_new": 0.26673512503921304, "HITS@3m_new": 0.34446725771467757, "HITS@10m_new": 0.4355801250349468}