{"MRRm_new": 0.17698282879266045, "MRm_new": 388.61402855558396, "HITS@1m_new": 0.10901954237505561, "HITS@3m_new": 0.19153001257536817, "HITS@10m_new": 0.3174407952913549}