{"MRRm_new": 0.10210245617985056, "MRm_new": 3598.369882427478, "HITS@1m_new": 0.05826015453408472, "HITS@3m_new": 0.10913874965356662, "HITS@10m_new": 0.19930675309426152}