{"MRRm_new": 0.238596766416014, "MRm_new": 258.47974418883325, "HITS@1m_new": 0.1418603270753694, "HITS@3m_new": 0.270818855373282, "HITS@10m_new": 0.4333752500242088}