{"MRRm_new": 0.3025197474348752, "MRm_new": 1938.7664327723087, "HITS@1m_new": 0.21827491610718425, "HITS@3m_new": 0.3338348408000893, "HITS@10m_new": 0.46881526679254604}