{"MRRm_new": 0.3249476398066031, "MRm_new": 1535.400292898059, "HITS@1m_new": 0.24518780256365427, "HITS@3m_new": 0.35258894405455793, "HITS@10m_new": 0.47999907348211857}