{"MRRm_new": 0.25418336596135394, "MRm_new": 1974.5403237705232, "HITS@1m_new": 0.18353030848046184, "HITS@3m_new": 0.2776105327772384, "HITS@10m_new": 0.3911091007370851}