{"MRRm_new": 0.4723404892534163, "MRm_new": 185.59435720320045, "HITS@1m_new": 0.40453879878361476, "HITS@3m_new": 0.5019807000893197, "HITS@10m_new": 0.597392081504484}