{"MRRm_new": 0.15340483833900498, "MRm_new": 12343.450464789927, "HITS@1m_new": 0.1026003278568387, "HITS@3m_new": 0.17133854384021835, "HITS@10m_new": 0.24929132145774202}