{"MRRm_new": 0.30272509885245835, "MRm_new": 1956.914628081113, "HITS@1m_new": 0.2180887159401318, "HITS@3m_new": 0.3336228480892605, "HITS@10m_new": 0.4699767598573817}