{"MRRm_new": 0.1847994894802774, "MRm_new": 459.9840056016445, "HITS@1m_new": 0.12212063249887432, "HITS@3m_new": 0.19768850448057637, "HITS@10m_new": 0.30656929727292154}