{"MRRm_new": 0.5439743581726907, "MRm_new": 289.25075612225385, "HITS@1m_new": 0.466917450562396, "HITS@3m_new": 0.582839674293471, "HITS@10m_new": 0.6866309885257942}