{"MRRm_new": 0.32370983404149317, "MRm_new": 1452.9896927820146, "HITS@1m_new": 0.24358271956653335, "HITS@3m_new": 0.3498269224942196, "HITS@10m_new": 0.48662981096515434}