{"MRRm_new": 0.3971089791659888, "MRm_new": 317.5397079504058, "HITS@1m_new": 0.30753686018825827, "HITS@3m_new": 0.43407957329133934, "HITS@10m_new": 0.5702226673778313}