{"MRRm_new": 0.2258668957538699, "MRm_new": 271.9441097032785, "HITS@1m_new": 0.13837439112383873, "HITS@3m_new": 0.2503554993826896, "HITS@10m_new": 0.4229045509720687}