{"MRRm_new": 0.319131756602646, "MRm_new": 2080.8270575200318, "HITS@1m_new": 0.23775686820363626, "HITS@3m_new": 0.34857943338528274, "HITS@10m_new": 0.4877541507091373}