{"MRRm_new": 0.23794141850094166, "MRm_new": 267.02160248286725, "HITS@1m_new": 0.14212151093049324, "HITS@3m_new": 0.2688830996003933, "HITS@10m_new": 0.43179669467401693}