{"MRRm_new": 0.09980183551826631, "MRm_new": 605.4919440990925, "HITS@1m_new": 0.05702453594698454, "HITS@3m_new": 0.09974237005874165, "HITS@10m_new": 0.17889559373694938}