{"MRRm_new": 0.18152917587491538, "MRm_new": 373.6881484310627, "HITS@1m_new": 0.1061003301306977, "HITS@3m_new": 0.19521160035871435, "HITS@10m_new": 0.33556510492144154}