{"MRRm_new": 0.6833983291461773, "MRm_new": 167.5325894583687, "HITS@1m_new": 0.6254634951561274, "HITS@3m_new": 0.7158841272820937, "HITS@10m_new": 0.7900920238845393}