{"MRRm_new": 0.21493893891909682, "MRm_new": 280.5097699579239, "HITS@1m_new": 0.13413100855101365, "HITS@3m_new": 0.23113332768654218, "HITS@10m_new": 0.40722376233298563}