{"MRRm_new": 0.19071736030911188, "MRm_new": 2087.3400915426614, "HITS@1m_new": 0.12608423155895435, "HITS@3m_new": 0.2030628533863637, "HITS@10m_new": 0.31709950501518325}