{"MRRm_new": 0.17475111765839937, "MRm_new": 544.9400594597533, "HITS@1m_new": 0.10697130440583351, "HITS@3m_new": 0.18988024880202284, "HITS@10m_new": 0.3091111203186592}