{"MRRm_new": 0.4943545864484022, "MRm_new": 181.39611525319518, "HITS@1m_new": 0.3829917009764576, "HITS@3m_new": 0.5541463590865824, "HITS@10m_new": 0.713958962889068}