{"MRRm_new": 0.23462528353743256, "MRm_new": 413.688391870141, "HITS@1m_new": 0.1573581496768398, "HITS@3m_new": 0.25628121979262214, "HITS@10m_new": 0.39260690278718247}