{"MRRm_new": 0.4991893128818265, "MRm_new": 296.2378763383478, "HITS@1m_new": 0.4379319725518799, "HITS@3m_new": 0.5220125247993747, "HITS@10m_new": 0.6194122095784478}