{"MRRm_new": 0.3007542054825371, "MRm_new": 286.7616564412415, "HITS@1m_new": 0.21409916313082794, "HITS@3m_new": 0.33609054678738176, "HITS@10m_new": 0.46541179988751535}