{"MRRm_new": 0.683366371766897, "MRm_new": 167.53191718854754, "HITS@1m_new": 0.6254332909873738, "HITS@3m_new": 0.7157170374407651, "HITS@10m_new": 0.7900999340579256}