{"MRRm_new": 0.1517378643050106, "MRm_new": 4772.482015330434, "HITS@1m_new": 0.10183819115477673, "HITS@3m_new": 0.15957078560072113, "HITS@10m_new": 0.2544542958421807}