{"MRRm_new": 0.22289030661888393, "MRm_new": 301.1715317415476, "HITS@1m_new": 0.13652388282977043, "HITS@3m_new": 0.24494129688097163, "HITS@10m_new": 0.4180369641224388}