{"MRRm_new": 0.2140798520093551, "MRm_new": 293.0376573041916, "HITS@1m_new": 0.13412945062976797, "HITS@3m_new": 0.23060166236249496, "HITS@10m_new": 0.404167522075458}