{"MRRm_new": 0.17361687044924473, "MRm_new": 572.9399863516315, "HITS@1m_new": 0.10613492571196184, "HITS@3m_new": 0.1885874867850871, "HITS@10m_new": 0.3077898067569695}