{"MRRm_new": 0.11546425619986257, "MRm_new": 628.2306789001226, "HITS@1m_new": 0.0695649928170722, "HITS@3m_new": 0.11807051265564514, "HITS@10m_new": 0.20300775784747674}