{"MRRm_new": 0.1928005065516365, "MRm_new": 360.29758546355964, "HITS@1m_new": 0.12432353958280873, "HITS@3m_new": 0.20850061589509714, "HITS@10m_new": 0.33395305496223154}