{"MRRm_new": 0.33045493347517596, "MRm_new": 2182.3109400592743, "HITS@1m_new": 0.21318021481018515, "HITS@3m_new": 0.37590720160200725, "HITS@10m_new": 0.5743418950706255}