{"MRRm_new": 0.46989778232311435, "MRm_new": 189.17634449389578, "HITS@1m_new": 0.40221997442503926, "HITS@3m_new": 0.4993459245523409, "HITS@10m_new": 0.5946543917199888}