{"MRRm_new": 0.21282051110599423, "MRm_new": 304.82983979580405, "HITS@1m_new": 0.13208850840877276, "HITS@3m_new": 0.22858541681062197, "HITS@10m_new": 0.4055906053504092}