{"MRRm_new": 0.5106108750810281, "MRm_new": 262.74292326790095, "HITS@1m_new": 0.4474679271468995, "HITS@3m_new": 0.5375363575613883, "HITS@10m_new": 0.6316364658426246}