{"MRRm_new": 0.17549743492719516, "MRm_new": 529.3748164876923, "HITS@1m_new": 0.10708920682405369, "HITS@3m_new": 0.19099373418093454, "HITS@10m_new": 0.31112772905630115}