{"MRRm_new": 0.10002299722279132, "MRm_new": 3869.6113296524763, "HITS@1m_new": 0.05724163082288578, "HITS@3m_new": 0.10699344576783479, "HITS@10m_new": 0.1956508460167097}