{"MRRm_new": 0.6856036930216587, "MRm_new": 170.0187905914411, "HITS@1m_new": 0.63057293953322, "HITS@3m_new": 0.7161282636970645, "HITS@10m_new": 0.788893013060333}