{"MRRm_new": 0.4903936567153096, "MRm_new": 186.48658214236795, "HITS@1m_new": 0.3802132677647278, "HITS@3m_new": 0.5489435693618361, "HITS@10m_new": 0.7085864957922895}