{"MRRm_new": 0.23377000086800545, "MRm_new": 308.3030260429621, "HITS@1m_new": 0.13915164585220047, "HITS@3m_new": 0.2638967504539527, "HITS@10m_new": 0.4260235309276264}