{"MRRm_new": 0.08033140757041402, "MRm_new": 677.3766280554295, "HITS@1m_new": 0.03829961708621704, "HITS@3m_new": 0.08273652864680044, "HITS@10m_new": 0.160939517631114}