{"MRRm_new": 0.30211305964481927, "MRm_new": 1960.149199333936, "HITS@1m_new": 0.21769387466961052, "HITS@3m_new": 0.332739441945625, "HITS@10m_new": 0.469881324245478}