{"MRRm_new": 0.4175526980947361, "MRm_new": 288.55149130833894, "HITS@1m_new": 0.32780010626301376, "HITS@3m_new": 0.4565572078999685, "HITS@10m_new": 0.5905749463860993}