{"MRRm_new": 0.1771139872894244, "MRm_new": 184.56389334414004, "HITS@1m_new": 0.10356104445429519, "HITS@3m_new": 0.18812849971167744, "HITS@10m_new": 0.3248536276026629}