{"MRRm_new": 0.4997102612191584, "MRm_new": 167.18257993452252, "HITS@1m_new": 0.38623459141631244, "HITS@3m_new": 0.5603181344238001, "HITS@10m_new": 0.721838387921016}