{"MRRm_new": 0.3571315356007749, "MRm_new": 581.194197876513, "HITS@1m_new": 0.2574997889981605, "HITS@3m_new": 0.3990528299338184, "HITS@10m_new": 0.547252207106445}