{"MRRm_new": 0.5338659508825795, "MRm_new": 267.11408807773887, "HITS@1m_new": 0.47043213907235987, "HITS@3m_new": 0.5608924724192657, "HITS@10m_new": 0.6568148245501616}