{"MRRm_new": 0.32657149002483127, "MRm_new": 3004.5804657423796, "HITS@1m_new": 0.28988237458636285, "HITS@3m_new": 0.3403869646385283, "HITS@10m_new": 0.3974392260350287}