{"MRRm_new": 0.2911013647376312, "MRm_new": 1073.1109556905926, "HITS@1m_new": 0.1943924004511209, "HITS@3m_new": 0.3261888524191454, "HITS@10m_new": 0.4817388532590121}