{"MRRm_new": 0.5482451395705656, "MRm_new": 252.50523325388133, "HITS@1m_new": 0.4844520391717051, "HITS@3m_new": 0.5762716475085945, "HITS@10m_new": 0.6712579022303798}