{"MRRm_new": 0.30238942629300664, "MRm_new": 1953.063076452285, "HITS@1m_new": 0.21799175715015737, "HITS@3m_new": 0.3329275158787495, "HITS@10m_new": 0.469909278192441}