{"MRRm_new": 0.47513741380143254, "MRm_new": 183.59253008927405, "HITS@1m_new": 0.40737838043342345, "HITS@3m_new": 0.5049105637443281, "HITS@10m_new": 0.6006503051001637}