{"MRRm_new": 0.18660417774931412, "MRm_new": 156.0499186385393, "HITS@1m_new": 0.10093447358105331, "HITS@3m_new": 0.2011817094001919, "HITS@10m_new": 0.36659973522927614}