{"MRRm_new": 0.33669631227070385, "MRm_new": 192.55777071715892, "HITS@1m_new": 0.24678669742320197, "HITS@3m_new": 0.37281823485621135, "HITS@10m_new": 0.5093127932426723}