{"MRRm_new": 0.25629605547596584, "MRm_new": 92.34586431293488, "HITS@1m_new": 0.1605647895234637, "HITS@3m_new": 0.2813333295874763, "HITS@10m_new": 0.45591861395630984}