{"MRRm_new": 0.31752982709006666, "MRm_new": 2107.1708889891506, "HITS@1m_new": 0.23791317493002861, "HITS@3m_new": 0.34718965091952125, "HITS@10m_new": 0.4790465549887158}