{"MRRm_new": 0.38012223270344336, "MRm_new": 155.29000514879823, "HITS@1m_new": 0.2674328600999434, "HITS@3m_new": 0.4245680562632624, "HITS@10m_new": 0.6050877449782566}