{"MRRm_new": 0.21398399753233244, "MRm_new": 167.1658178698063, "HITS@1m_new": 0.10602004483495839, "HITS@3m_new": 0.24550761276325211, "HITS@10m_new": 0.44687453682767225}