{"MRRm_new": 0.11464819670444266, "MRm_new": 638.1185509619951, "HITS@1m_new": 0.06903170703505165, "HITS@3m_new": 0.11708838988217175, "HITS@10m_new": 0.2020859405969968}