{"MRRm_new": 0.34694746507524815, "MRm_new": 449.7977385321706, "HITS@1m_new": 0.2868975361424564, "HITS@3m_new": 0.366968997587388, "HITS@10m_new": 0.458729816500374}