{"MRRm_new": 0.12427424824734189, "MRm_new": 461.4106316156149, "HITS@1m_new": 0.07111613066433929, "HITS@3m_new": 0.13040647383306642, "HITS@10m_new": 0.2278041545238113}