{"MRRm_new": 0.5035512749669724, "MRm_new": 159.0767907938659, "HITS@1m_new": 0.3899038438860989, "HITS@3m_new": 0.5639351234466776, "HITS@10m_new": 0.7256204743134149}