{"MRRm_new": 0.19927392063115257, "MRm_new": 495.819817063117, "HITS@1m_new": 0.1247576696947217, "HITS@3m_new": 0.21699027688985226, "HITS@10m_new": 0.34762439906873044}