{"MRRm_new": 0.3058803391333595, "MRm_new": 1520.49964518556, "HITS@1m_new": 0.2220504033206962, "HITS@3m_new": 0.3347460535012069, "HITS@10m_new": 0.4746349818779854}