{"MRRm_new": 0.38389281820172255, "MRm_new": 378.33352224674076, "HITS@1m_new": 0.29693281016916445, "HITS@3m_new": 0.4211095595066436, "HITS@10m_new": 0.550605299219409}