{"MRRm_new": 0.301283614679086, "MRm_new": 565.2154514656663, "HITS@1m_new": 0.20163397207472009, "HITS@3m_new": 0.33863241890165957, "HITS@10m_new": 0.49663925112830476}