{"MRRm_new": 0.49726486175037826, "MRm_new": 287.89037123800813, "HITS@1m_new": 0.4335888142314434, "HITS@3m_new": 0.5231358857530577, "HITS@10m_new": 0.6198198222616266}