{"MRRm_new": 0.27528763000188655, "MRm_new": 2020.8579318037032, "HITS@1m_new": 0.20867951336031546, "HITS@3m_new": 0.29559918447461675, "HITS@10m_new": 0.40487728352029806}