{"MRRm_new": 0.2141195294419551, "MRm_new": 285.28599926638606, "HITS@1m_new": 0.13342164598342496, "HITS@3m_new": 0.230844348483847, "HITS@10m_new": 0.40621277006749296}