{"MRRm_new": 0.4941859064515757, "MRm_new": 181.39467088419198, "HITS@1m_new": 0.3827747344421914, "HITS@3m_new": 0.5539490956397131, "HITS@10m_new": 0.7140979318615573}