{"MRRm_new": 0.17698121585055632, "MRm_new": 388.6145404362679, "HITS@1m_new": 0.10901954237505561, "HITS@3m_new": 0.19153834590894986, "HITS@10m_new": 0.3174376206883695}