{"MRRm_new": 0.30601989667078167, "MRm_new": 1520.5002389896215, "HITS@1m_new": 0.22215552955912427, "HITS@3m_new": 0.33515221107023535, "HITS@10m_new": 0.4747016960167093}