{"MRRm_new": 0.2341099782165591, "MRm_new": 541.4914131826878, "HITS@1m_new": 0.15703781221334356, "HITS@3m_new": 0.25543196658843664, "HITS@10m_new": 0.39350055230520664}