{"MRRm_new": 0.3699420963972216, "MRm_new": 390.33928453585503, "HITS@1m_new": 0.26955364172378904, "HITS@3m_new": 0.4123654237781884, "HITS@10m_new": 0.5662960542588262}