{"MRRm_new": 0.3190482888484407, "MRm_new": 2054.2289056952595, "HITS@1m_new": 0.2379674490741454, "HITS@3m_new": 0.34805445128539575, "HITS@10m_new": 0.48823244755435735}