{"MRRm_new": 0.42791466991043126, "MRm_new": 296.48238695887477, "HITS@1m_new": 0.36031559029548227, "HITS@3m_new": 0.4565994504108821, "HITS@10m_new": 0.5525264736986137}