{"MRRm_new": 0.08672171186758641, "MRm_new": 689.5198263426543, "HITS@1m_new": 0.04735488285729662, "HITS@3m_new": 0.08492939430142288, "HITS@10m_new": 0.16130855041827308}