{"MRRm_new": 0.2104929700938461, "MRm_new": 408.67384839437005, "HITS@1m_new": 0.13569813255297486, "HITS@3m_new": 0.22700465805935674, "HITS@10m_new": 0.3612012724870874}