{"MRRm_new": 0.5060409766786516, "MRm_new": 156.11187271903455, "HITS@1m_new": 0.3919936118967562, "HITS@3m_new": 0.5671707724844346, "HITS@10m_new": 0.7290934744507831}