{"MRRm_new": 0.19299847504945647, "MRm_new": 353.49891451044084, "HITS@1m_new": 0.12455331522750784, "HITS@3m_new": 0.20805246323731263, "HITS@10m_new": 0.33507447318636696}