{"MRRm_new": 0.08084882191390644, "MRm_new": 671.109510865426, "HITS@1m_new": 0.03836285607919562, "HITS@3m_new": 0.08360002807905548, "HITS@10m_new": 0.16079949477226474}