{"MRRm_new": 0.4203992278942169, "MRm_new": 266.5622804716155, "HITS@1m_new": 0.3294489454098148, "HITS@3m_new": 0.46049384040942826, "HITS@10m_new": 0.5955764789944514}