{"MRRm_new": 0.29958709787315, "MRm_new": 2121.5500032553077, "HITS@1m_new": 0.21574252671387512, "HITS@3m_new": 0.33149390013649827, "HITS@10m_new": 0.46299835471983536}