{"MRRm_new": 0.12469925084770075, "MRm_new": 461.09250649089813, "HITS@1m_new": 0.07083774765147828, "HITS@3m_new": 0.13161826524336356, "HITS@10m_new": 0.22841403922431636}