{"MRRm_new": 0.49666017102215665, "MRm_new": 178.40983419269324, "HITS@1m_new": 0.38417987429124695, "HITS@3m_new": 0.5574484522745697, "HITS@10m_new": 0.718529288882768}