{"MRRm_new": 0.1760037635219069, "MRm_new": 515.6718942342177, "HITS@1m_new": 0.10765009669380743, "HITS@3m_new": 0.19079579026299326, "HITS@10m_new": 0.3117977384831684}