{"MRRm_new": 0.17561789862933347, "MRm_new": 517.069381582059, "HITS@1m_new": 0.10719855040088078, "HITS@3m_new": 0.19074990534713288, "HITS@10m_new": 0.311406402145265}