{"MRRm_new": 0.19625626356658613, "MRm_new": 349.2045627006173, "HITS@1m_new": 0.1235894476546906, "HITS@3m_new": 0.21372771832077997, "HITS@10m_new": 0.3411323869469692}