{"MRRm_new": 0.32488520264131965, "MRm_new": 1553.1680363811254, "HITS@1m_new": 0.2457458131730091, "HITS@3m_new": 0.35136263561749365, "HITS@10m_new": 0.47947071196883917}