{"MRRm_new": 0.19809843376328354, "MRm_new": 458.5192142752334, "HITS@1m_new": 0.12518321128557727, "HITS@3m_new": 0.21636933070440864, "HITS@10m_new": 0.34171675120328293}