{"MRRm_new": 0.09662708101573225, "MRm_new": 650.3054511885643, "HITS@1m_new": 0.05512298032073886, "HITS@3m_new": 0.09715349626842071, "HITS@10m_new": 0.174646448489913}