{"MRRm_new": 0.2379584822558274, "MRm_new": 274.49240369303226, "HITS@1m_new": 0.14233951933620848, "HITS@3m_new": 0.2688596470951103, "HITS@10m_new": 0.4320477440943476}