{"MRRm_new": 0.18133664055012924, "MRm_new": 382.8865607441187, "HITS@1m_new": 0.10610887336962624, "HITS@3m_new": 0.19661983497629407, "HITS@10m_new": 0.33320437201280145}