{"MRRm_new": 0.18476576014499588, "MRm_new": 459.98298278040886, "HITS@1m_new": 0.12207063249887433, "HITS@3m_new": 0.19763395902440534, "HITS@10m_new": 0.3065822922097752}