{"MRRm_new": 0.1495913129747496, "MRm_new": 285.1396297508717, "HITS@1m_new": 0.08647196149781812, "HITS@3m_new": 0.1600787870044587, "HITS@10m_new": 0.2729057478466304}