{"MRRm_new": 0.2792446036095516, "MRm_new": 519.6071717384309, "HITS@1m_new": 0.2196378493906159, "HITS@3m_new": 0.29619818665039566, "HITS@10m_new": 0.394283363682498}