{"MRRm_new": 0.23453285073007574, "MRm_new": 390.0544825739622, "HITS@1m_new": 0.15684499767988455, "HITS@3m_new": 0.2561184363779379, "HITS@10m_new": 0.3936046741051599}