{"MRRm_new": 0.20896662659792636, "MRm_new": 413.42251023736, "HITS@1m_new": 0.13430958239438479, "HITS@3m_new": 0.22484970131958834, "HITS@10m_new": 0.3594552986251714}