{"MRRm_new": 0.19644539539891848, "MRm_new": 420.30340853309633, "HITS@1m_new": 0.13226829397949624, "HITS@3m_new": 0.21109115879170132, "HITS@10m_new": 0.3246189130069455}