{"MRRm_new": 0.6181324131980428, "MRm_new": 42.20732981830835, "HITS@1m_new": 0.46501244587372637, "HITS@3m_new": 0.739176574584184, "HITS@10m_new": 0.8833644203818403}