{"MRRm_new": 0.21005096636351228, "MRm_new": 396.88990795412064, "HITS@1m_new": 0.13431390260772313, "HITS@3m_new": 0.22746143375393002, "HITS@10m_new": 0.36133989652670573}