{"MRRm_new": 0.27561238101544766, "MRm_new": 559.1971260384619, "HITS@1m_new": 0.21633070830848375, "HITS@3m_new": 0.29279060636540455, "HITS@10m_new": 0.39000109826393964}