{"MRRm_new": 0.0801392902230742, "MRm_new": 665.7545462626457, "HITS@1m_new": 0.037710989711259024, "HITS@3m_new": 0.08280852324381122, "HITS@10m_new": 0.15967437643143348}