{"MRRm_new": 0.6406552208533439, "MRm_new": 47.15957072225958, "HITS@1m_new": 0.5687325415264931, "HITS@3m_new": 0.6774515724927187, "HITS@10m_new": 0.7758746358728967}