{"MRRm_new": 0.18474393532856775, "MRm_new": 189.3448920097351, "HITS@1m_new": 0.11188382954988628, "HITS@3m_new": 0.19954715996328742, "HITS@10m_new": 0.3272261088198051}