{"MRRm_new": 0.17036405257388743, "MRm_new": 647.5556628803238, "HITS@1m_new": 0.10405551639783152, "HITS@3m_new": 0.1854826463984573, "HITS@10m_new": 0.30212742120862096}