{"MRRm_new": 0.6943740331130466, "MRm_new": 162.9883231402859, "HITS@1m_new": 0.6381032766186072, "HITS@3m_new": 0.7249335755201719, "HITS@10m_new": 0.8021733833222497}