{"MRRm_new": 0.17854981888896582, "MRm_new": 376.68350234775545, "HITS@1m_new": 0.11056535451059463, "HITS@3m_new": 0.1939111951679166, "HITS@10m_new": 0.3190044423954096}