{"MRRm_new": 0.12426297436896858, "MRm_new": 461.36466849777696, "HITS@1m_new": 0.0707943790258374, "HITS@3m_new": 0.13074758194389288, "HITS@10m_new": 0.22766034571288618}