{"MRRm_new": 0.11576471192403842, "MRm_new": 624.5704226159335, "HITS@1m_new": 0.06938927889191546, "HITS@3m_new": 0.11868914144781884, "HITS@10m_new": 0.20359588493972552}