{"MRRm_new": 0.12518319234001682, "MRm_new": 466.06648365807536, "HITS@1m_new": 0.07124313019784749, "HITS@3m_new": 0.13234927234629285, "HITS@10m_new": 0.2287519491750514}