{"MRRm_new": 0.19229655090327724, "MRm_new": 363.39694721432926, "HITS@1m_new": 0.12408489828603925, "HITS@3m_new": 0.20788283607026095, "HITS@10m_new": 0.33304809778567285}