{"MRRm_new": 0.26633791186305733, "MRm_new": 818.7702151841521, "HITS@1m_new": 0.16453951428993605, "HITS@3m_new": 0.30066745572397485, "HITS@10m_new": 0.4737393034221605}