{"MRRm_new": 0.1896405499107379, "MRm_new": 407.27747446302175, "HITS@1m_new": 0.12210722973533557, "HITS@3m_new": 0.2076082453740877, "HITS@10m_new": 0.3268276469190314}