{"MRRm_new": 0.23430647905364166, "MRm_new": 394.84415621631143, "HITS@1m_new": 0.1568567758326186, "HITS@3m_new": 0.25556457126855386, "HITS@10m_new": 0.3930639371094294}