{"MRRm_new": 0.08787477594490047, "MRm_new": 687.5912694626093, "HITS@1m_new": 0.047087309031386394, "HITS@3m_new": 0.08706194617278525, "HITS@10m_new": 0.16526485856567744}