{"MRRm_new": 0.17824316266749957, "MRm_new": 379.2290112884283, "HITS@1m_new": 0.11032511058816453, "HITS@3m_new": 0.1925119480210531, "HITS@10m_new": 0.31940870072250255}