{"MRRm_new": 0.19199590997055202, "MRm_new": 538.4379148189067, "HITS@1m_new": 0.13243150797914713, "HITS@3m_new": 0.2009551990085747, "HITS@10m_new": 0.3101075386677403}