{"MRRm_new": 0.23521739322471258, "MRm_new": 373.0015523605585, "HITS@1m_new": 0.15699137284911704, "HITS@3m_new": 0.2573397658721311, "HITS@10m_new": 0.395903721838817}