{"MRRm_new": 0.2770682168658236, "MRm_new": 400.73188024801016, "HITS@1m_new": 0.16876747932506259, "HITS@3m_new": 0.3170692327824654, "HITS@10m_new": 0.49398602993180973}