{"MRRm_new": 0.08675844784034707, "MRm_new": 694.3611050582647, "HITS@1m_new": 0.047346375963604075, "HITS@3m_new": 0.08514250882962951, "HITS@10m_new": 0.161501172982587}