{"MRRm_new": 0.3061831236673911, "MRm_new": 1535.1936832397282, "HITS@1m_new": 0.22323227015137673, "HITS@3m_new": 0.3356223571493174, "HITS@10m_new": 0.47286567272793034}