{"MRRm_new": 0.43031066216112324, "MRm_new": 293.4208717979714, "HITS@1m_new": 0.3625039059728224, "HITS@3m_new": 0.4594135022252012, "HITS@10m_new": 0.5548598354488494}