{"MRRm_new": 0.19276510469203348, "MRm_new": 401.55497672914265, "HITS@1m_new": 0.12292096548790578, "HITS@3m_new": 0.2102553904222441, "HITS@10m_new": 0.32889825633099534}