{"MRRm_new": 0.506764397949959, "MRm_new": 160.83609016010166, "HITS@1m_new": 0.3947029505846258, "HITS@3m_new": 0.5681049045724722, "HITS@10m_new": 0.7284954037749267}