{"MRRm_new": 0.23424515509940538, "MRm_new": 394.84446879298685, "HITS@1m_new": 0.15676177583381068, "HITS@3m_new": 0.25551457126855387, "HITS@10m_new": 0.39306467784615234}