{"MRRm_new": 0.21558655577586888, "MRm_new": 3344.8373739418985, "HITS@1m_new": 0.15493662641466655, "HITS@3m_new": 0.24358565102808644, "HITS@10m_new": 0.3344654243418772}