{"MRRm_new": 0.4865392048987196, "MRm_new": 190.11442946961523, "HITS@1m_new": 0.3772439764296978, "HITS@3m_new": 0.5443098369413856, "HITS@10m_new": 0.7020127270326775}