{"MRRm_new": 0.3058989769481141, "MRm_new": 274.74012018719316, "HITS@1m_new": 0.21848965652516927, "HITS@3m_new": 0.3410908379681787, "HITS@10m_new": 0.47186560790168003}