{"MRRm_new": 0.3062238421399361, "MRm_new": 509.984679810755, "HITS@1m_new": 0.2489003171970835, "HITS@3m_new": 0.3239656773980132, "HITS@10m_new": 0.4139853119484906}