{"MRRm_new": 0.1941383234611094, "MRm_new": 518.0158109667078, "HITS@1m_new": 0.12439295138379385, "HITS@3m_new": 0.21277843977121666, "HITS@10m_new": 0.33107404710973787}