{"MRRm_new": 0.19648541612302214, "MRm_new": 440.7746033292055, "HITS@1m_new": 0.1327312331556459, "HITS@3m_new": 0.21167301633893512, "HITS@10m_new": 0.3230361117179273}