{"MRRm_new": 0.3082387588548181, "MRm_new": 498.394244029291, "HITS@1m_new": 0.25053556467671295, "HITS@3m_new": 0.3260448494015909, "HITS@10m_new": 0.41644681921919985}