{"MRRm_new": 0.227145211194719, "MRm_new": 256.4941516654968, "HITS@1m_new": 0.1394451978433877, "HITS@3m_new": 0.2507102211412042, "HITS@10m_new": 0.42486138415657915}