{"MRRm_new": 0.5060986254209155, "MRm_new": 276.46868370877206, "HITS@1m_new": 0.44299923174396827, "HITS@3m_new": 0.5322969318648393, "HITS@10m_new": 0.6278714951527873}