{"MRRm_new": 0.7010349372025939, "MRm_new": 156.9009305918291, "HITS@1m_new": 0.6448144856425606, "HITS@3m_new": 0.7322902639601343, "HITS@10m_new": 0.8086221447481621}