{"MRRm_new": 0.19476457360476052, "MRm_new": 356.7187550030589, "HITS@1m_new": 0.12241512003361713, "HITS@3m_new": 0.2126330043497379, "HITS@10m_new": 0.3371582656426006}