{"MRRm_new": 0.11671357000065764, "MRm_new": 3646.487896907258, "HITS@1m_new": 0.07515528202005663, "HITS@3m_new": 0.12150841231052764, "HITS@10m_new": 0.2029549771537073}