{"MRRm_new": 0.6631300899512435, "MRm_new": 184.04049652660638, "HITS@1m_new": 0.6060298899739682, "HITS@3m_new": 0.6946278721931958, "HITS@10m_new": 0.7686353823682402}