{"MRRm_new": 0.29210911290251895, "MRm_new": 3271.6086952017395, "HITS@1m_new": 0.254613007607637, "HITS@3m_new": 0.3049880290682304, "HITS@10m_new": 0.3654791783899273}