{"MRRm_new": 0.49278178997501343, "MRm_new": 190.87268133744598, "HITS@1m_new": 0.3844723490851284, "HITS@3m_new": 0.5511382018217628, "HITS@10m_new": 0.7067095500540163}