{"MRRm_new": 0.2353374740080457, "MRm_new": 369.54237711393836, "HITS@1m_new": 0.15708266914419364, "HITS@3m_new": 0.25719226587272714, "HITS@10m_new": 0.39601749409623443}