{"MRRm_new": 0.1961477217687905, "MRm_new": 433.4205541686296, "HITS@1m_new": 0.13168941862747305, "HITS@3m_new": 0.21184231862311717, "HITS@10m_new": 0.324003560159239}