{"MRRm_new": 0.3038112610093749, "MRm_new": 526.2234933290258, "HITS@1m_new": 0.24677486416255123, "HITS@3m_new": 0.3206776340955694, "HITS@10m_new": 0.41174057053925933}