{"MRRm_new": 0.30270338115168033, "MRm_new": 1938.7599423732759, "HITS@1m_new": 0.21840000138280447, "HITS@3m_new": 0.33389041928335794, "HITS@10m_new": 0.46901999772980346}