{"MRRm_new": 0.23437121867076058, "MRm_new": 405.16097393219474, "HITS@1m_new": 0.15694506185881327, "HITS@3m_new": 0.25585733178209047, "HITS@10m_new": 0.3922095392280258}