{"MRRm_new": 0.3447776416651777, "MRm_new": 178.99078174646198, "HITS@1m_new": 0.2531778804779169, "HITS@3m_new": 0.38280499795262585, "HITS@10m_new": 0.5196912239529338}