{"MRRm_new": 0.4847640254542357, "MRm_new": 196.22755241423846, "HITS@1m_new": 0.3756076510633102, "HITS@3m_new": 0.5425591389792608, "HITS@10m_new": 0.7003572210780403}