{"MRRm_new": 0.24651782764021918, "MRm_new": 370.47979668138026, "HITS@1m_new": 0.16869098648823566, "HITS@3m_new": 0.27013563823390285, "HITS@10m_new": 0.3999344977027737}