{"MRRm_new": 0.6819671429072341, "MRm_new": 173.66843726141005, "HITS@1m_new": 0.6270011471296347, "HITS@3m_new": 0.7121206025407082, "HITS@10m_new": 0.7852511615061739}