{"MRRm_new": 0.2494961936646927, "MRm_new": 342.3787254575968, "HITS@1m_new": 0.16906988357324154, "HITS@3m_new": 0.277225020849565, "HITS@10m_new": 0.408140091076307}