{"MRRm_new": 0.3838199060392353, "MRm_new": 415.70348471312224, "HITS@1m_new": 0.3189597378433755, "HITS@3m_new": 0.4090890194654785, "HITS@10m_new": 0.5030344492864679}