{"MRRm_new": 0.2753582514527625, "MRm_new": 1861.3285153352617, "HITS@1m_new": 0.20548362510843435, "HITS@3m_new": 0.2971909111159039, "HITS@10m_new": 0.4100822578285588}