{"MRRm_new": 0.5219309840001543, "MRm_new": 65.52206849056482, "HITS@1m_new": 0.39497800538997396, "HITS@3m_new": 0.599232369634381, "HITS@10m_new": 0.7592202935926616}