{"MRRm_new": 0.562459372969859, "MRm_new": 96.17187985599041, "HITS@1m_new": 0.4896531225588405, "HITS@3m_new": 0.5969692596176174, "HITS@10m_new": 0.6963194470428862}