{"MRRm_new": 0.7872827687827585, "MRm_new": 43.22981426870823, "HITS@1m_new": 0.7267230021810392, "HITS@3m_new": 0.8244699017470702, "HITS@10m_new": 0.8976280721025541}