{"MRRm_new": 0.20920386464513285, "MRm_new": 411.95693693528176, "HITS@1m_new": 0.13423686197383794, "HITS@3m_new": 0.22550579127804377, "HITS@10m_new": 0.359659409165947}