{"MRRm_new": 0.5024550456420166, "MRm_new": 281.583919869557, "HITS@1m_new": 0.4392495683388188, "HITS@3m_new": 0.528041878664284, "HITS@10m_new": 0.6243044139586491}