{"MRRm_new": 0.24496757424307725, "MRm_new": 410.29394018719194, "HITS@1m_new": 0.16871090828477173, "HITS@3m_new": 0.26752575504172127, "HITS@10m_new": 0.39678042343473063}