{"MRRm_new": 0.1958660471401701, "MRm_new": 349.59037235490086, "HITS@1m_new": 0.12302092847360764, "HITS@3m_new": 0.21379455331765349, "HITS@10m_new": 0.34087787315069}