{"MRRm_new": 0.10476160364550888, "MRm_new": 469.82706828746797, "HITS@1m_new": 0.0521761477492284, "HITS@3m_new": 0.10977250884696842, "HITS@10m_new": 0.20313030841776636}