{"MRRm_new": 0.31865126234682567, "MRm_new": 2113.5381116101144, "HITS@1m_new": 0.23774153693881817, "HITS@3m_new": 0.34770360103296116, "HITS@10m_new": 0.4870349554922432}