{"MRRm_new": 0.10112285536778509, "MRm_new": 3723.855651287055, "HITS@1m_new": 0.057457175375474616, "HITS@3m_new": 0.10842305998983794, "HITS@10m_new": 0.19728362824660725}