{"MRRm_new": 0.09091248722889868, "MRm_new": 709.4506782546521, "HITS@1m_new": 0.048845511129312215, "HITS@3m_new": 0.09034680146738537, "HITS@10m_new": 0.1681067479426565}