{"MRRm_new": 0.2775000169871614, "MRm_new": 2052.0336355397103, "HITS@1m_new": 0.2021808610597218, "HITS@3m_new": 0.3005933667878562, "HITS@10m_new": 0.4266876545723353}