{"MRRm_new": 0.14600074846113192, "MRm_new": 4687.693627079547, "HITS@1m_new": 0.09749636764609022, "HITS@3m_new": 0.15344077433689382, "HITS@10m_new": 0.24530627030975302}