{"MRRm_new": 0.1785618241197866, "MRm_new": 379.35410681889056, "HITS@1m_new": 0.11071137061064365, "HITS@3m_new": 0.1935839347167115, "HITS@10m_new": 0.3183097307626624}