{"MRRm_new": 0.19609562109957188, "MRm_new": 430.1507607644081, "HITS@1m_new": 0.13196886964392615, "HITS@3m_new": 0.2108778366434388, "HITS@10m_new": 0.32284088756199925}