{"MRRm_new": 0.23461023219324562, "MRm_new": 418.9368529666185, "HITS@1m_new": 0.15734583999833557, "HITS@3m_new": 0.25640425724450033, "HITS@10m_new": 0.39200122619690375}