{"MRRm_new": 0.3020560862816515, "MRm_new": 1962.9868286218643, "HITS@1m_new": 0.2174325786664849, "HITS@3m_new": 0.33256076204165586, "HITS@10m_new": 0.469695390454377}