{"MRRm_new": 0.5748726216469777, "MRm_new": 73.51464167600871, "HITS@1m_new": 0.49842892020283036, "HITS@3m_new": 0.6144342117782217, "HITS@10m_new": 0.7180691660540178}