{"MRRm_new": 0.2981746964943586, "MRm_new": 292.6896298330575, "HITS@1m_new": 0.21190287584860926, "HITS@3m_new": 0.33278125753889615, "HITS@10m_new": 0.4624857598909293}