{"MRRm_new": 0.21405786904565757, "MRm_new": 289.72549273073673, "HITS@1m_new": 0.13374911291461902, "HITS@3m_new": 0.23014286214200547, "HITS@10m_new": 0.4059978412058787}