{"MRRm_new": 0.29811685039501024, "MRm_new": 292.68994232068957, "HITS@1m_new": 0.2118474023830786, "HITS@3m_new": 0.3327482029728853, "HITS@10m_new": 0.4624847996819881}