{"MRRm_new": 0.4656613926931987, "MRm_new": 1713.8769763686657, "HITS@1m_new": 0.3612014596045483, "HITS@3m_new": 0.5172995995832607, "HITS@10m_new": 0.67258089771308}