{"MRRm_new": 0.10575878457156941, "MRm_new": 475.2282796587467, "HITS@1m_new": 0.053266828661086035, "HITS@3m_new": 0.11061854182165116, "HITS@10m_new": 0.20367686735095922}