{"MRRm_new": 0.6703989532555279, "MRm_new": 180.76959914314003, "HITS@1m_new": 0.6133246949331187, "HITS@3m_new": 0.701537939159396, "HITS@10m_new": 0.7757835526969393}