{"MRRm_new": 0.6740091515388985, "MRm_new": 176.62448364638539, "HITS@1m_new": 0.6168626836192379, "HITS@3m_new": 0.7055038986720247, "HITS@10m_new": 0.7793148250789491}