{"MRRm_new": 0.2077395157139559, "MRm_new": 423.0075896464825, "HITS@1m_new": 0.1332203434662195, "HITS@3m_new": 0.22339437023568898, "HITS@10m_new": 0.357904509247333}