{"MRRm_new": 0.5108513094004274, "MRm_new": 280.6464473794103, "HITS@1m_new": 0.44986059080590346, "HITS@3m_new": 0.5344645115815402, "HITS@10m_new": 0.6302817252766035}