{"MRRm_new": 0.1984120715940535, "MRm_new": 445.77694829872996, "HITS@1m_new": 0.12563336621849158, "HITS@3m_new": 0.21607085498098605, "HITS@10m_new": 0.34246362368232075}