{"MRRm_new": 0.331112501984283, "MRm_new": 206.2059027387351, "HITS@1m_new": 0.24286715035431553, "HITS@3m_new": 0.3653774017401447, "HITS@10m_new": 0.5013296782650722}