{"MRRm_new": 0.6691117519099143, "MRm_new": 181.51475859665126, "HITS@1m_new": 0.6120415748785999, "HITS@3m_new": 0.7002531633774852, "HITS@10m_new": 0.7745786539369838}