{"MRRm_new": 0.46026117022164, "MRm_new": 370.1842625601143, "HITS@1m_new": 0.3997660807353968, "HITS@3m_new": 0.4809422569709968, "HITS@10m_new": 0.5802477954389251}