{"MRRm_new": 0.5074681612206359, "MRm_new": 155.54948940582574, "HITS@1m_new": 0.3932560029129345, "HITS@3m_new": 0.5685762273471809, "HITS@10m_new": 0.7312541858644981}