{"MRRm_new": 0.10546391431787343, "MRm_new": 3681.9444970891, "HITS@1m_new": 0.059462365088239315, "HITS@3m_new": 0.1145839508370962, "HITS@10m_new": 0.2045034578416962}