{"MRRm_new": 0.6927868601890923, "MRm_new": 162.33739404065162, "HITS@1m_new": 0.6374425796711038, "HITS@3m_new": 0.7237733747485691, "HITS@10m_new": 0.7970497384817063}