{"MRRm_new": 0.09964927706916787, "MRm_new": 616.1579155684709, "HITS@1m_new": 0.057040129449981034, "HITS@3m_new": 0.10084070216762483, "HITS@10m_new": 0.17848053163932637}