{"MRRm_new": 0.5061857584560148, "MRm_new": 161.78690016321838, "HITS@1m_new": 0.394716930435312, "HITS@3m_new": 0.566906837406561, "HITS@10m_new": 0.7269796601975395}