{"MRRm_new": 0.4800323715195891, "MRm_new": 203.3973873113096, "HITS@1m_new": 0.3722183187467272, "HITS@3m_new": 0.5362824903119691, "HITS@10m_new": 0.6937938705266279}