{"MRRm_new": 0.13948396758017362, "MRm_new": 4100.468598062128, "HITS@1m_new": 0.09153580222012533, "HITS@3m_new": 0.14337953507904605, "HITS@10m_new": 0.23185676967668406}