{"MRRm_new": 0.6977853659680059, "MRm_new": 157.00676856244357, "HITS@1m_new": 0.6419517518038083, "HITS@3m_new": 0.7296414827178597, "HITS@10m_new": 0.8025141333621068}