{"MRRm_new": 0.18476341964365128, "MRm_new": 456.8105808421135, "HITS@1m_new": 0.12188559037426021, "HITS@3m_new": 0.19795527417921113, "HITS@10m_new": 0.3081328683197265}