{"MRRm_new": 0.41336932951941663, "MRm_new": 1106.5063898935318, "HITS@1m_new": 0.28280650910106486, "HITS@3m_new": 0.47871614032355136, "HITS@10m_new": 0.6808384957094676}