{"MRRm_new": 0.24011270230562967, "MRm_new": 6945.958851931423, "HITS@1m_new": 0.16722559503705997, "HITS@3m_new": 0.25966341536102117, "HITS@10m_new": 0.38534775151446227}