{"MRRm_new": 0.11142496862749249, "MRm_new": 3628.0611895169973, "HITS@1m_new": 0.06952028541406617, "HITS@3m_new": 0.11685608947849832, "HITS@10m_new": 0.1971708254210651}