{"MRRm_new": 0.3072156221422433, "MRm_new": 2029.0291056071221, "HITS@1m_new": 0.23416600635816576, "HITS@3m_new": 0.33238546771148686, "HITS@10m_new": 0.45661313740583137}