{"MRRm_new": 0.19613277210040397, "MRm_new": 344.86437812241314, "HITS@1m_new": 0.1229945119178854, "HITS@3m_new": 0.21346443713103655, "HITS@10m_new": 0.34180074254228965}