{"MRRm_new": 0.11556171445608197, "MRm_new": 626.3443136960268, "HITS@1m_new": 0.0694943937306758, "HITS@3m_new": 0.11830129888348748, "HITS@10m_new": 0.20349762160337995}