{"MRRm_new": 0.12426442759312485, "MRm_new": 461.3652543225527, "HITS@1m_new": 0.0707943790258374, "HITS@3m_new": 0.13076758194419089, "HITS@10m_new": 0.22766034571288618}