{"MRRm_new": 0.5517755638448343, "MRm_new": 249.32349876663088, "HITS@1m_new": 0.4873557887433526, "HITS@3m_new": 0.5805372296353926, "HITS@10m_new": 0.6750880829845665}