{"MRRm_new": 0.14014722181150865, "MRm_new": 4118.146613317758, "HITS@1m_new": 0.09072449014919402, "HITS@3m_new": 0.14498122923057236, "HITS@10m_new": 0.23619448103809554}