{"MRRm_new": 0.4021196784795475, "MRm_new": 204.1052051279545, "HITS@1m_new": 0.2967198048761056, "HITS@3m_new": 0.44888789262264617, "HITS@10m_new": 0.6058686912178819}