{"MRRm_new": 0.22620215065742233, "MRm_new": 266.2526067116022, "HITS@1m_new": 0.13874665458444507, "HITS@3m_new": 0.25037099162712695, "HITS@10m_new": 0.42329865719522347}