{"MRRm_new": 0.105805733825895, "MRm_new": 3675.6755999690054, "HITS@1m_new": 0.05984852410200983, "HITS@3m_new": 0.11480704583036713, "HITS@10m_new": 0.2051542860668618}