{"MRRm_new": 0.10638116777182004, "MRm_new": 666.2086320259809, "HITS@1m_new": 0.06399814320886507, "HITS@3m_new": 0.10738439102090197, "HITS@10m_new": 0.18576038742400705}