{"MRRm_new": 0.4849983363822112, "MRm_new": 196.22716518461704, "HITS@1m_new": 0.37594972490805595, "HITS@3m_new": 0.542754155149647, "HITS@10m_new": 0.7003593809929735}