{"MRRm_new": 0.32382432636150227, "MRm_new": 3042.9427105424406, "HITS@1m_new": 0.2870498558274121, "HITS@3m_new": 0.33746498288765725, "HITS@10m_new": 0.39482197968653054}