{"MRRm_new": 0.2334567724530216, "MRm_new": 2986.5158272219, "HITS@1m_new": 0.16799703017392312, "HITS@3m_new": 0.26534822670121505, "HITS@10m_new": 0.3589127497231384}