{"MRRm_new": 0.6672715880087972, "MRm_new": 183.14871671741454, "HITS@1m_new": 0.610308185299491, "HITS@3m_new": 0.6983737555600746, "HITS@10m_new": 0.7726191125698497}