{"MRRm_new": 0.46122556058595365, "MRm_new": 81.57317721913755, "HITS@1m_new": 0.3655340526570508, "HITS@3m_new": 0.5060021425992891, "HITS@10m_new": 0.6415561380302534}