{"MRRm_new": 0.17833734090230718, "MRm_new": 369.53220204174517, "HITS@1m_new": 0.10976427665489027, "HITS@3m_new": 0.19423709417182836, "HITS@10m_new": 0.3204439253584482}