{"MRRm_new": 0.30430655895085146, "MRm_new": 276.357098259449, "HITS@1m_new": 0.21717916112954844, "HITS@3m_new": 0.3396382639938238, "HITS@10m_new": 0.4695885632532882}