{"MRRm_new": 0.32356423547952134, "MRm_new": 1487.716553962499, "HITS@1m_new": 0.24419685012218542, "HITS@3m_new": 0.34904879855713805, "HITS@10m_new": 0.4851428478709422}