{"MRRm_new": 0.43356499369966606, "MRm_new": 291.6723900149986, "HITS@1m_new": 0.3655063543644064, "HITS@3m_new": 0.46328903577430175, "HITS@10m_new": 0.5581934595800704}