{"MRRm_new": 0.23773903869563948, "MRm_new": 2977.544179911673, "HITS@1m_new": 0.17149234697924112, "HITS@3m_new": 0.2698361895820417, "HITS@10m_new": 0.3660665013936814}