{"MRRm_new": 0.2451358153973517, "MRm_new": 461.2911562552691, "HITS@1m_new": 0.16738306367869954, "HITS@3m_new": 0.27035578854382036, "HITS@10m_new": 0.4014018893739674}