{"MRRm_new": 0.12320102957288181, "MRm_new": 462.0970836348295, "HITS@1m_new": 0.06992429125676863, "HITS@3m_new": 0.12993536310838535, "HITS@10m_new": 0.22731104796191212}