{"MRRm_new": 0.14966690419940096, "MRm_new": 4680.248934205383, "HITS@1m_new": 0.10192585312767187, "HITS@3m_new": 0.15699667972137105, "HITS@10m_new": 0.24773942699292092}