{"MRRm_new": 0.496980310637864, "MRm_new": 178.83076025207342, "HITS@1m_new": 0.3880552301015523, "HITS@3m_new": 0.5556413863730777, "HITS@10m_new": 0.7130305191502266}