{"MRRm_new": 0.24533218025169773, "MRm_new": 548.614821884656, "HITS@1m_new": 0.1679051460530376, "HITS@3m_new": 0.2719915788415819, "HITS@10m_new": 0.4001259717714507}