{"MRRm_new": 0.27071596562766537, "MRm_new": 637.9742250581235, "HITS@1m_new": 0.2117659173570719, "HITS@3m_new": 0.2888066607093206, "HITS@10m_new": 0.38255933923275004}