{"MRRm_new": 0.24531183322683792, "MRm_new": 396.4083076360941, "HITS@1m_new": 0.1692059381945408, "HITS@3m_new": 0.26754777824271003, "HITS@10m_new": 0.396874804964941}