{"MRRm_new": 0.12427280754005623, "MRm_new": 461.4100478812933, "HITS@1m_new": 0.07111613066433929, "HITS@3m_new": 0.13038647383276838, "HITS@10m_new": 0.2278041545238113}