{"MRRm_new": 0.71155151989565, "MRm_new": 149.0081137324646, "HITS@1m_new": 0.6553771955523662, "HITS@3m_new": 0.7432512330618883, "HITS@10m_new": 0.818423294385484}