{"MRRm_new": 0.7059353194081123, "MRm_new": 154.9832449638769, "HITS@1m_new": 0.649880271960541, "HITS@3m_new": 0.7371885465740888, "HITS@10m_new": 0.8128931709091958}