{"MRRm_new": 0.1847298802880352, "MRm_new": 456.8094812309265, "HITS@1m_new": 0.12183559037426021, "HITS@3m_new": 0.19790072872304007, "HITS@10m_new": 0.3081439169861143}