{"MRRm_new": 0.08006759251970506, "MRm_new": 670.7562611395359, "HITS@1m_new": 0.03789007815026562, "HITS@3m_new": 0.08263231382280938, "HITS@10m_new": 0.15930897088201018}