{"MRRm_new": 0.7360148368402842, "MRm_new": 58.0143532435596, "HITS@1m_new": 0.6682404338835622, "HITS@3m_new": 0.7780594068043866, "HITS@10m_new": 0.8570345364618115}