{"MRRm_new": 0.17825266819657262, "MRm_new": 379.22869058206084, "HITS@1m_new": 0.11035011058816453, "HITS@3m_new": 0.19250361468747143, "HITS@10m_new": 0.3194118753254879}