{"MRRm_new": 0.33922637607142314, "MRm_new": 501.2659355254024, "HITS@1m_new": 0.28009980168677795, "HITS@3m_new": 0.35858284460331197, "HITS@10m_new": 0.4514730445164314}