{"MRRm_new": 0.3665384166524482, "MRm_new": 374.25204462091625, "HITS@1m_new": 0.2812108360492348, "HITS@3m_new": 0.40158043862141496, "HITS@10m_new": 0.528365077057395}