{"MRRm_new": 0.24301442014795757, "MRm_new": 203.59831606812477, "HITS@1m_new": 0.1412436618424952, "HITS@3m_new": 0.2752546498624608, "HITS@10m_new": 0.45128313501346856}