{"MRRm_new": 0.23441912561200878, "MRm_new": 405.16127626316546, "HITS@1m_new": 0.15704006185762118, "HITS@3m_new": 0.25585733178209047, "HITS@10m_new": 0.39220879849130286}