{"MRRm_new": 0.19710422400885547, "MRm_new": 475.82050430615993, "HITS@1m_new": 0.12464751687772514, "HITS@3m_new": 0.2152036216897468, "HITS@10m_new": 0.3385727304258544}