{"MRRm_new": 0.26631717812683475, "MRm_new": 818.7718161365092, "HITS@1m_new": 0.1644766861514654, "HITS@3m_new": 0.3005539664342068, "HITS@10m_new": 0.473591712907888}