{"MRRm_new": 0.1519866362930188, "MRm_new": 285.28331183204654, "HITS@1m_new": 0.08888125083048362, "HITS@3m_new": 0.1624365103496937, "HITS@10m_new": 0.274314684527996}