{"MRRm_new": 0.30219848381326253, "MRm_new": 1703.4480219061672, "HITS@1m_new": 0.22086234535393306, "HITS@3m_new": 0.32834616114123494, "HITS@10m_new": 0.46637950264138633}