{"MRRm_new": 0.6805671639825986, "MRm_new": 168.72968561527878, "HITS@1m_new": 0.6230884251693315, "HITS@3m_new": 0.712611490220319, "HITS@10m_new": 0.7869282108989537}