{"MRRm_new": 0.22571957950808136, "MRm_new": 271.6090308573246, "HITS@1m_new": 0.1382700621413067, "HITS@3m_new": 0.2498689727609977, "HITS@10m_new": 0.4231525828155223}