{"MRRm_new": 0.3492006172719721, "MRm_new": 435.1970894679427, "HITS@1m_new": 0.24323121516103857, "HITS@3m_new": 0.38772971654869615, "HITS@10m_new": 0.5600690076947212}