{"MRRm_new": 0.39968309907981164, "MRm_new": 307.3685152670965, "HITS@1m_new": 0.30959045449300177, "HITS@3m_new": 0.43724159577883254, "HITS@10m_new": 0.5738388584093591}