{"MRRm_new": 0.18578712708423972, "MRm_new": 641.6867554685399, "HITS@1m_new": 0.11903698973779683, "HITS@3m_new": 0.20329680585515597, "HITS@10m_new": 0.3171426495316773}