{"MRRm_new": 0.24861092245222388, "MRm_new": 194.70644790353776, "HITS@1m_new": 0.1456962726149708, "HITS@3m_new": 0.2807982487451285, "HITS@10m_new": 0.4686309605913237}