{"MRRm_new": 0.24572837932162947, "MRm_new": 380.76901544106005, "HITS@1m_new": 0.1693779342679656, "HITS@3m_new": 0.2680403669618769, "HITS@10m_new": 0.39803209068588913}