{"MRRm_new": 0.6723254630002948, "MRm_new": 176.64569990905375, "HITS@1m_new": 0.6152083598961872, "HITS@3m_new": 0.7038184747078557, "HITS@10m_new": 0.7778455849979182}