{"MRRm_new": 0.5201075696273602, "MRm_new": 50.19763602788746, "HITS@1m_new": 0.4223680089980189, "HITS@3m_new": 0.572563299319765, "HITS@10m_new": 0.702214290341828}