{"MRRm_new": 0.1928170529931449, "MRm_new": 351.6259327163219, "HITS@1m_new": 0.12430113219286432, "HITS@3m_new": 0.20756516170480754, "HITS@10m_new": 0.33443587504692257}