{"MRRm_new": 0.3837887808667065, "MRm_new": 415.70396305434406, "HITS@1m_new": 0.3188960257177314, "HITS@3m_new": 0.4091289886871673, "HITS@10m_new": 0.5030349631232093}