{"MRRm_new": 0.21408740087464684, "MRm_new": 293.03623627319337, "HITS@1m_new": 0.13412945062976797, "HITS@3m_new": 0.23062666236249496, "HITS@10m_new": 0.4041857038941816}