{"MRRm_new": 0.22598809139186052, "MRm_new": 273.7423904747009, "HITS@1m_new": 0.13876241693664343, "HITS@3m_new": 0.25006549644153564, "HITS@10m_new": 0.42287116987011397}