{"MRRm_new": 0.4894163749202089, "MRm_new": 1333.5816484461725, "HITS@1m_new": 0.37023425142257477, "HITS@3m_new": 0.5511285897796042, "HITS@10m_new": 0.7219230796596967}