{"MRRm_new": 0.10293949344540451, "MRm_new": 468.605004681921, "HITS@1m_new": 0.05239203319754451, "HITS@3m_new": 0.10703118600491435, "HITS@10m_new": 0.1968139255315764}