{"MRRm_new": 0.23757278067815932, "MRm_new": 279.35028777496814, "HITS@1m_new": 0.14200478286384022, "HITS@3m_new": 0.2688235116508789, "HITS@10m_new": 0.4306914601472672}