{"MRRm_new": 0.2140156678273386, "MRm_new": 288.50446701512334, "HITS@1m_new": 0.13355148724776228, "HITS@3m_new": 0.23058416537636658, "HITS@10m_new": 0.40589040699765316}