{"MRRm_new": 0.7080709734416423, "MRm_new": 153.04875359994918, "HITS@1m_new": 0.6519103348063326, "HITS@3m_new": 0.7393264539780757, "HITS@10m_new": 0.8148006114845011}