{"MRRm_new": 0.7133803110599547, "MRm_new": 148.70011031844467, "HITS@1m_new": 0.6572374483726707, "HITS@3m_new": 0.7450619384256388, "HITS@10m_new": 0.8200809070170472}