{"MRRm_new": 0.21402011726400816, "MRm_new": 291.50863989403246, "HITS@1m_new": 0.1338832507019164, "HITS@3m_new": 0.2303629832205712, "HITS@10m_new": 0.4053451511791558}