{"MRRm_new": 0.23299577689653234, "MRm_new": 432.32091377017497, "HITS@1m_new": 0.1557026094300905, "HITS@3m_new": 0.2542040638343198, "HITS@10m_new": 0.3911496247516945}