{"MRRm_new": 0.29560754488167823, "MRm_new": 3271.8366003248693, "HITS@1m_new": 0.2583871695616108, "HITS@3m_new": 0.30773615985903235, "HITS@10m_new": 0.3693249931888713}