{"MRRm_new": 0.4963654371745506, "MRm_new": 178.41002919088305, "HITS@1m_new": 0.38370952765510813, "HITS@3m_new": 0.5572518712266101, "HITS@10m_new": 0.7185327782411186}