{"MRRm_new": 0.4050717311670396, "MRm_new": 101.26768524709344, "HITS@1m_new": 0.2990283334778505, "HITS@3m_new": 0.45564309859700736, "HITS@10m_new": 0.609861477384693}