{"MRRm_new": 0.1704081917898484, "MRm_new": 647.5545965540036, "HITS@1m_new": 0.10405585113833149, "HITS@3m_new": 0.1857942469382906, "HITS@10m_new": 0.3019197465325633}