{"MRRm_new": 0.30222620131123223, "MRm_new": 281.0664430931807, "HITS@1m_new": 0.2151743947583891, "HITS@3m_new": 0.3370945391816058, "HITS@10m_new": 0.46770369438335185}