{"MRRm_new": 0.17835529256025476, "MRm_new": 376.41446832818986, "HITS@1m_new": 0.11001980700643034, "HITS@3m_new": 0.194427124100941, "HITS@10m_new": 0.3191361362983938}