{"MRRm_new": 0.34316457249431553, "MRm_new": 179.84266208180784, "HITS@1m_new": 0.25201464496995324, "HITS@3m_new": 0.3806746826499293, "HITS@10m_new": 0.5169427160045161}