{"MRRm_new": 0.7037657732533434, "MRm_new": 155.78797281689197, "HITS@1m_new": 0.6475925714600853, "HITS@3m_new": 0.7349211473147116, "HITS@10m_new": 0.8107497899967093}