{"MRRm_new": 0.09705375114532071, "MRm_new": 656.7037315104485, "HITS@1m_new": 0.0556523466738523, "HITS@3m_new": 0.09875104900058941, "HITS@10m_new": 0.17527400046321565}