{"MRRm_new": 0.08726149388111953, "MRm_new": 685.2749412944079, "HITS@1m_new": 0.04683588064350188, "HITS@3m_new": 0.08629297516820371, "HITS@10m_new": 0.1639134575944976}