{"MRRm_new": 0.5157995120070973, "MRm_new": 134.63324832983315, "HITS@1m_new": 0.39906322361656565, "HITS@3m_new": 0.5794267940129394, "HITS@10m_new": 0.7450187417221313}