{"MRRm_new": 0.22729163823672133, "MRm_new": 261.3130526014805, "HITS@1m_new": 0.1397276219567284, "HITS@3m_new": 0.25097226800732314, "HITS@10m_new": 0.4249610656941775}