{"MRRm_new": 0.3250890408039445, "MRm_new": 1546.0944036101698, "HITS@1m_new": 0.24566719098645262, "HITS@3m_new": 0.35220243694388775, "HITS@10m_new": 0.480056473236531}