{"MRRm_new": 0.4336655470841479, "MRm_new": 291.67060585372894, "HITS@1m_new": 0.36563256649005055, "HITS@3m_new": 0.46335702951671554, "HITS@10m_new": 0.5582557817645138}