{"MRRm_new": 0.10598667398203251, "MRm_new": 3653.425829354572, "HITS@1m_new": 0.059901255412958564, "HITS@3m_new": 0.11539674522853456, "HITS@10m_new": 0.20545306929270737}