{"MRRm_new": 0.181150708356213, "MRm_new": 377.95265717778204, "HITS@1m_new": 0.1058546137893456, "HITS@3m_new": 0.19535227790514473, "HITS@10m_new": 0.3339831744687632}