{"MRRm_new": 0.3569117369622895, "MRm_new": 581.1944269007445, "HITS@1m_new": 0.2571012021680362, "HITS@3m_new": 0.3989160297238268, "HITS@10m_new": 0.5473672071010806}