{"MRRm_new": 0.46624943944898134, "MRm_new": 224.37143553639947, "HITS@1m_new": 0.3612464289337331, "HITS@3m_new": 0.5197716599715859, "HITS@10m_new": 0.6736765542359499}