{"MRRm_new": 0.2139724321588932, "MRm_new": 287.6778479315996, "HITS@1m_new": 0.13353521340053995, "HITS@3m_new": 0.23042627571834018, "HITS@10m_new": 0.4064473992766463}