{"MRRm_new": 0.21715984315309061, "MRm_new": 1382.5216370573044, "HITS@1m_new": 0.14942894075211371, "HITS@3m_new": 0.23489241184748244, "HITS@10m_new": 0.34772194709745236}