{"MRRm_new": 0.2484907666698302, "MRm_new": 376.7451213181973, "HITS@1m_new": 0.1684067677060142, "HITS@3m_new": 0.2759242171803955, "HITS@10m_new": 0.40573643382936714}