{"MRRm_new": 0.096573508127869, "MRm_new": 649.1278827470303, "HITS@1m_new": 0.055117067915119694, "HITS@3m_new": 0.09722223865253037, "HITS@10m_new": 0.17420477266281378}