{"MRRm_new": 0.34082323312575136, "MRm_new": 2906.3679041577057, "HITS@1m_new": 0.3033532018752521, "HITS@3m_new": 0.35529848581516127, "HITS@10m_new": 0.4139314498272724}