{"MRRm_new": 0.1785620604553842, "MRm_new": 379.35375527718065, "HITS@1m_new": 0.11071137061064365, "HITS@3m_new": 0.19357560138312982, "HITS@10m_new": 0.31830827090782116}