{"MRRm_new": 0.4813088794929754, "MRm_new": 306.1622366518378, "HITS@1m_new": 0.4177044444085259, "HITS@3m_new": 0.5057878275559633, "HITS@10m_new": 0.6036881963869019}