{"MRRm_new": 0.5574101937984441, "MRm_new": 237.08153724060207, "HITS@1m_new": 0.48017157713107006, "HITS@3m_new": 0.5961668551154143, "HITS@10m_new": 0.7007322388986212}