{"MRRm_new": 0.6691743929850572, "MRm_new": 181.5145393171236, "HITS@1m_new": 0.6121636402252879, "HITS@3m_new": 0.7002237597198328, "HITS@10m_new": 0.7745835482364164}