{"MRRm_new": 0.14863999350213708, "MRm_new": 287.5424538781643, "HITS@1m_new": 0.08594977651580703, "HITS@3m_new": 0.15853994614055847, "HITS@10m_new": 0.27103657279771287}