{"MRRm_new": 0.10431341489673214, "MRm_new": 469.9939507267952, "HITS@1m_new": 0.052001765384851024, "HITS@3m_new": 0.10894832504438236, "HITS@10m_new": 0.20234240952243562}