{"MRRm_new": 0.5624221298584198, "MRm_new": 224.07956587252767, "HITS@1m_new": 0.48480100068134196, "HITS@3m_new": 0.6017194214332848, "HITS@10m_new": 0.7063501060388954}