{"MRRm_new": 0.33777053834943943, "MRm_new": 2938.2245516157823, "HITS@1m_new": 0.3004876980586196, "HITS@3m_new": 0.3520847641877917, "HITS@10m_new": 0.4097764005244826}