{"MRRm_new": 0.30257419067773844, "MRm_new": 1956.9202004775404, "HITS@1m_new": 0.21801467669697014, "HITS@3m_new": 0.3335541117241955, "HITS@10m_new": 0.4697851868168218}