{"MRRm_new": 0.12470070247487747, "MRm_new": 461.0928980255127, "HITS@1m_new": 0.07083774765147828, "HITS@3m_new": 0.1316382652436616, "HITS@10m_new": 0.22841403922431636}