{"MRRm_new": 0.1783011903103499, "MRm_new": 393.1702181489229, "HITS@1m_new": 0.10418596765365219, "HITS@3m_new": 0.1928300826402148, "HITS@10m_new": 0.3273904259396717}