{"MRRm_new": 0.3169136703208205, "MRm_new": 3123.5863427906484, "HITS@1m_new": 0.2801262037979141, "HITS@3m_new": 0.33055617227107725, "HITS@10m_new": 0.3879896902754554}