{"MRRm_new": 0.175028310732896, "MRm_new": 540.6115227719024, "HITS@1m_new": 0.10687161588037634, "HITS@3m_new": 0.19030701805934222, "HITS@10m_new": 0.309652629503762}