{"MRRm_new": 0.3934276583062265, "MRm_new": 266.03120576789973, "HITS@1m_new": 0.28971571238894833, "HITS@3m_new": 0.438774027753243, "HITS@10m_new": 0.5937396851545491}