{"MRRm_new": 0.20246799143803074, "MRm_new": 164.29996771905422, "HITS@1m_new": 0.11708425526283682, "HITS@3m_new": 0.22068957599094138, "HITS@10m_new": 0.37724041600823405}