{"MRRm_new": 0.3666356530568819, "MRm_new": 374.25262937249244, "HITS@1m_new": 0.28140964924620493, "HITS@3m_new": 0.4015752702909085, "HITS@10m_new": 0.5283744147117322}