{"MRRm_new": 0.30574458357080403, "MRm_new": 1494.8663490181268, "HITS@1m_new": 0.22190736722480506, "HITS@3m_new": 0.33451014321361433, "HITS@10m_new": 0.47497904493275567}