{"MRRm_new": 0.6806099903502818, "MRm_new": 174.75540728696436, "HITS@1m_new": 0.6256148110121176, "HITS@3m_new": 0.7107777184150545, "HITS@10m_new": 0.7838488218239581}