{"MRRm_new": 0.30596476868382294, "MRm_new": 1527.008463267535, "HITS@1m_new": 0.2222467766329646, "HITS@3m_new": 0.33468457216693787, "HITS@10m_new": 0.4747662296619965}