{"MRRm_new": 0.20843106378878729, "MRm_new": 418.898415797472, "HITS@1m_new": 0.13387607954035047, "HITS@3m_new": 0.22429200674709865, "HITS@10m_new": 0.3586302460249106}