{"MRRm_new": 0.13670572668517933, "MRm_new": 4112.017571128965, "HITS@1m_new": 0.08845276929704414, "HITS@3m_new": 0.1400482933312742, "HITS@10m_new": 0.2315290342266235}