{"MRRm_new": 0.319086739140384, "MRm_new": 2065.3686938760875, "HITS@1m_new": 0.23801838968275116, "HITS@3m_new": 0.34781301334314046, "HITS@10m_new": 0.4872874061614275}