{"MRRm_new": 0.08010821425265749, "MRm_new": 673.286277114582, "HITS@1m_new": 0.0381136522323417, "HITS@3m_new": 0.08232366062499932, "HITS@10m_new": 0.16003945211536483}