{"MRRm_new": 0.21402709051402052, "MRm_new": 291.50716328098775, "HITS@1m_new": 0.1338832507019164, "HITS@3m_new": 0.2303879832205712, "HITS@10m_new": 0.40536333299787947}