{"MRRm_new": 0.23557539643651834, "MRm_new": 286.01853862993715, "HITS@1m_new": 0.14010296327391988, "HITS@3m_new": 0.2672815098823048, "HITS@10m_new": 0.42728321733823976}