{"MRRm_new": 0.30189944779689315, "MRm_new": 1962.990966917187, "HITS@1m_new": 0.21735853942332323, "HITS@3m_new": 0.3324301835740334, "HITS@10m_new": 0.4695221474551363}