{"MRRm_new": 0.2805163308341953, "MRm_new": 508.55527722592655, "HITS@1m_new": 0.22059819467536726, "HITS@3m_new": 0.29781038254667147, "HITS@10m_new": 0.3954238840342914}