{"MRRm_new": 0.21402332273534702, "MRm_new": 288.50286804471017, "HITS@1m_new": 0.13355148724776228, "HITS@3m_new": 0.23060916537636658, "HITS@10m_new": 0.4059219221489155}