{"MRRm_new": 0.12175374461889442, "MRm_new": 467.5644906592369, "HITS@1m_new": 0.06852602831823751, "HITS@3m_new": 0.12772971161426977, "HITS@10m_new": 0.2265362285785144}