{"MRRm_new": 0.12266091406711202, "MRm_new": 463.03777804682255, "HITS@1m_new": 0.06962293410976417, "HITS@3m_new": 0.12891270697852597, "HITS@10m_new": 0.22654819086117203}