{"MRRm_new": 0.23065985767328492, "MRm_new": 3154.1171794486345, "HITS@1m_new": 0.16719756657510879, "HITS@3m_new": 0.2597575914535846, "HITS@10m_new": 0.353846371784035}