{"MRRm_new": 0.11788623955818912, "MRm_new": 3590.0533445115807, "HITS@1m_new": 0.07589812555829994, "HITS@3m_new": 0.12307897700155154, "HITS@10m_new": 0.2051352454087697}