{"MRRm_new": 0.3070814826800124, "MRm_new": 246.49701172025502, "HITS@1m_new": 0.222604506265925, "HITS@3m_new": 0.3405062229777686, "HITS@10m_new": 0.46845478904376797}