{"MRRm_new": 0.6330398361279713, "MRm_new": 61.95091573132574, "HITS@1m_new": 0.5299037878858508, "HITS@3m_new": 0.6986043535214267, "HITS@10m_new": 0.8196247048436198}