{"MRRm_new": 0.3298726291225812, "MRm_new": 3037.35861669337, "HITS@1m_new": 0.2927874880329691, "HITS@3m_new": 0.34295889988132694, "HITS@10m_new": 0.4028894301653199}