{"MRRm_new": 0.2142398966346984, "MRm_new": 283.24197958607675, "HITS@1m_new": 0.1336679422826739, "HITS@3m_new": 0.23051166595680406, "HITS@10m_new": 0.4064504427263164}