{"MRRm_new": 0.6704645604281831, "MRm_new": 180.76904998307674, "HITS@1m_new": 0.6134467602798067, "HITS@3m_new": 0.7015085355017436, "HITS@10m_new": 0.775788446996372}