{"MRRm_new": 0.567893789149005, "MRm_new": 209.15419785355778, "HITS@1m_new": 0.49030139783601046, "HITS@3m_new": 0.6077768529413734, "HITS@10m_new": 0.710621276441656}