{"MRRm_new": 0.5393465011631424, "MRm_new": 264.210212718904, "HITS@1m_new": 0.475940536434322, "HITS@3m_new": 0.5664198326805963, "HITS@10m_new": 0.6621334787168416}