{"MRRm_new": 0.17548953755997082, "MRm_new": 529.3754069967791, "HITS@1m_new": 0.10701438774317285, "HITS@3m_new": 0.19098177427703195, "HITS@10m_new": 0.3113310684887838}