{"MRRm_new": 0.7256205127208923, "MRm_new": 136.7670541606769, "HITS@1m_new": 0.6690141829364257, "HITS@3m_new": 0.7583312716210457, "HITS@10m_new": 0.83403446035046}