{"MRRm_new": 0.6574343343505443, "MRm_new": 190.12057784362884, "HITS@1m_new": 0.600187281530536, "HITS@3m_new": 0.687895472286582, "HITS@10m_new": 0.7641156408499337}