{"MRRm_new": 0.29101066904074835, "MRm_new": 1073.1108079805076, "HITS@1m_new": 0.19410776677180547, "HITS@3m_new": 0.3260587136493996, "HITS@10m_new": 0.4818897256702185}