{"MRRm_new": 0.42008795204199123, "MRm_new": 298.04525554264336, "HITS@1m_new": 0.32882130457163294, "HITS@3m_new": 0.4606599428615591, "HITS@10m_new": 0.595609635842964}