{"MRRm_new": 0.08069468777489819, "MRm_new": 683.8846592077017, "HITS@1m_new": 0.03828292478643707, "HITS@3m_new": 0.08284863665718004, "HITS@10m_new": 0.15943821806993802}