{"MRRm_new": 0.4611493674920057, "MRm_new": 81.57329099695384, "HITS@1m_new": 0.36542988598914233, "HITS@3m_new": 0.5059283428049821, "HITS@10m_new": 0.6415576975280419}