{"MRRm_new": 0.6673313530561472, "MRm_new": 183.148498196356, "HITS@1m_new": 0.6104302506461791, "HITS@3m_new": 0.6983443519024222, "HITS@10m_new": 0.7725290068704744}