{"MRRm_new": 0.2293431466400989, "MRm_new": 3094.6977205353974, "HITS@1m_new": 0.16494819600734628, "HITS@3m_new": 0.2604180573167541, "HITS@10m_new": 0.3525299782025686}