{"MRRm_new": 0.2716170473147149, "MRm_new": 393.6407980993688, "HITS@1m_new": 0.19099588384630625, "HITS@3m_new": 0.30239154318155487, "HITS@10m_new": 0.4253065236867551}