{"MRRm_new": 0.3250816488285245, "MRm_new": 1550.6283927630186, "HITS@1m_new": 0.2462464425188955, "HITS@3m_new": 0.3514276048600441, "HITS@10m_new": 0.4793525925390422}