{"MRRm_new": 0.08784294586094038, "MRm_new": 683.6486469386339, "HITS@1m_new": 0.04708638424547389, "HITS@3m_new": 0.08732715758764534, "HITS@10m_new": 0.16486349126488203}