{"MRRm_new": 0.0800649548260888, "MRm_new": 668.6735527078866, "HITS@1m_new": 0.03786815988724702, "HITS@3m_new": 0.08247688384657377, "HITS@10m_new": 0.15904428972536697}