{"MRRm_new": 0.2774815643738434, "MRm_new": 2052.034097651422, "HITS@1m_new": 0.20207084537416814, "HITS@3m_new": 0.3008738990650454, "HITS@10m_new": 0.426704982162948}