{"MRRm_new": 0.6739604979132046, "MRm_new": 176.625088548176, "HITS@1m_new": 0.6167822849404584, "HITS@3m_new": 0.7055124689957228, "HITS@10m_new": 0.7792995141078827}