{"MRRm_new": 0.4810097795044876, "MRm_new": 306.1775306031853, "HITS@1m_new": 0.417275685688619, "HITS@3m_new": 0.5056222716392367, "HITS@10m_new": 0.6036025504423232}