{"MRRm_new": 0.11750108643492567, "MRm_new": 3607.284084013486, "HITS@1m_new": 0.07569818690116517, "HITS@3m_new": 0.1225668149841018, "HITS@10m_new": 0.2040138667567633}