{"MRRm_new": 0.23546285700530462, "MRm_new": 3056.348835576877, "HITS@1m_new": 0.17031755742497626, "HITS@3m_new": 0.26648562901996775, "HITS@10m_new": 0.36098475907780814}