{"MRRm_new": 0.4032881152006648, "MRm_new": 281.9495049724802, "HITS@1m_new": 0.31111480895210114, "HITS@3m_new": 0.44334664433782744, "HITS@10m_new": 0.5816432858392182}