{"MRRm_new": 0.674354105926459, "MRm_new": 178.0590279472545, "HITS@1m_new": 0.6193528558558355, "HITS@3m_new": 0.7048276194425198, "HITS@10m_new": 0.7776898360808918}