{"MRRm_new": 0.24303683684365096, "MRm_new": 425.08977461714744, "HITS@1m_new": 0.1671582010917249, "HITS@3m_new": 0.26460978173229377, "HITS@10m_new": 0.3951825378689915}