{"MRRm_new": 0.40515303290927296, "MRm_new": 101.26711528274417, "HITS@1m_new": 0.2991522174060228, "HITS@3m_new": 0.45578624704742104, "HITS@10m_new": 0.609876471154741}