{"MRRm_new": 0.32980841802860233, "MRm_new": 3037.3580327122436, "HITS@1m_new": 0.2926624880329691, "HITS@3m_new": 0.34295901961588243, "HITS@10m_new": 0.40288890933248334}