{"MRRm_new": 0.41549306438041367, "MRm_new": 292.12508183649925, "HITS@1m_new": 0.32646500447857396, "HITS@3m_new": 0.45360559870243017, "HITS@10m_new": 0.5871475862809166}