{"MRRm_new": 0.2372013350295645, "MRm_new": 282.09814172518253, "HITS@1m_new": 0.14170541201712913, "HITS@3m_new": 0.2686436200925149, "HITS@10m_new": 0.42904719895455057}