{"MRRm_new": 0.20921878778914105, "MRm_new": 177.11160732345581, "HITS@1m_new": 0.10159923050957732, "HITS@3m_new": 0.24066353395078333, "HITS@10m_new": 0.4384920345495455}