{"MRRm_new": 0.4053525547337404, "MRm_new": 316.2466297229305, "HITS@1m_new": 0.3177134328020547, "HITS@3m_new": 0.44291390890310867, "HITS@10m_new": 0.5725805741762597}