{"MRRm_new": 0.6313341282931733, "MRm_new": 207.31297234172374, "HITS@1m_new": 0.5742050063542083, "HITS@3m_new": 0.6579654721599872, "HITS@10m_new": 0.7393675806557986}