{"MRRm_new": 0.2453869477756656, "MRm_new": 389.4647071035624, "HITS@1m_new": 0.16928963437288766, "HITS@3m_new": 0.26756806353244467, "HITS@10m_new": 0.39755989482933657}