{"MRRm_new": 0.3057924793267216, "MRm_new": 1496.7111116875708, "HITS@1m_new": 0.22190736722480506, "HITS@3m_new": 0.3346849640847067, "HITS@10m_new": 0.4750683306640713}