{"MRRm_new": 0.2806244008496906, "MRm_new": 508.5528372825235, "HITS@1m_new": 0.22071608555528655, "HITS@3m_new": 0.2979275426861022, "HITS@10m_new": 0.39535124546742373}