{"MRRm_new": 0.2716478915383432, "MRm_new": 393.64070249670743, "HITS@1m_new": 0.19105224383686437, "HITS@3m_new": 0.30242760416719827, "HITS@10m_new": 0.4253051187028323}