{"MRRm_new": 0.5624568290330554, "MRm_new": 96.17198382927478, "HITS@1m_new": 0.4896634600941325, "HITS@3m_new": 0.5969692596176174, "HITS@10m_new": 0.6963217618563212}