{"MRRm_new": 0.2344833194603416, "MRm_new": 398.56850999162197, "HITS@1m_new": 0.1572778931126697, "HITS@3m_new": 0.2558854888104601, "HITS@10m_new": 0.39249723614035176}