{"MRRm_new": 0.4453703816659108, "MRm_new": 78.01629785701633, "HITS@1m_new": 0.3343975940454984, "HITS@3m_new": 0.5042710221946473, "HITS@10m_new": 0.6582591178203001}