{"MRRm_new": 0.23708123733677713, "MRm_new": 2998.56550007458, "HITS@1m_new": 0.1712866790596454, "HITS@3m_new": 0.2684504332844808, "HITS@10m_new": 0.3643783827724692}