{"MRRm_new": 0.5976742865921324, "MRm_new": 44.005894039720296, "HITS@1m_new": 0.4417307502167823, "HITS@3m_new": 0.7175287684382929, "HITS@10m_new": 0.871090546820662}