{"MRRm_new": 0.2932200108992556, "MRm_new": 317.9228903362453, "HITS@1m_new": 0.20801831510197372, "HITS@3m_new": 0.32675834058616604, "HITS@10m_new": 0.4556123677258438}