{"MRRm_new": 0.23415872206839122, "MRm_new": 541.4913312999248, "HITS@1m_new": 0.1571363196772756, "HITS@3m_new": 0.25543196658843664, "HITS@10m_new": 0.39349981156848374}