{"MRRm_new": 0.323037547649385, "MRm_new": 1531.009351377219, "HITS@1m_new": 0.24476011328422465, "HITS@3m_new": 0.3467360525450204, "HITS@10m_new": 0.48265026113251225}