{"MRRm_new": 0.3235437452542392, "MRm_new": 1485.6526648857891, "HITS@1m_new": 0.24367322158650495, "HITS@3m_new": 0.3498444970229175, "HITS@10m_new": 0.48606471905997023}