{"MRRm_new": 0.2931615771056813, "MRm_new": 317.923095363766, "HITS@1m_new": 0.2079619551114156, "HITS@3m_new": 0.3267154931176483, "HITS@10m_new": 0.45560911995443165}