{"MRRm_new": 0.0993472409343216, "MRm_new": 605.2875368254423, "HITS@1m_new": 0.056464776346291184, "HITS@3m_new": 0.09922150975264958, "HITS@10m_new": 0.17913560545530635}