{"MRRm_new": 0.32384390452037226, "MRm_new": 1474.6383629294337, "HITS@1m_new": 0.24360759549145586, "HITS@3m_new": 0.3505992745079566, "HITS@10m_new": 0.4863977964106016}