{"MRRm_new": 0.0969125244106981, "MRm_new": 484.14238881783484, "HITS@1m_new": 0.0481262362147274, "HITS@3m_new": 0.10124652247326449, "HITS@10m_new": 0.18792843508145307}