{"MRRm_new": 0.2756930019049323, "MRm_new": 559.1949884736836, "HITS@1m_new": 0.21637653683832103, "HITS@3m_new": 0.29291761967910496, "HITS@10m_new": 0.3901716731871893}