{"MRRm_new": 0.19700472966819507, "MRm_new": 434.90373000895977, "HITS@1m_new": 0.1343526618204778, "HITS@3m_new": 0.21167376650386724, "HITS@10m_new": 0.3193065605979646}