{"MRRm_new": 0.23443484686969313, "MRm_new": 398.5686453815222, "HITS@1m_new": 0.1571828931138618, "HITS@3m_new": 0.2558854888104601, "HITS@10m_new": 0.39249797687707466}