{"MRRm_new": 0.10252388196484535, "MRm_new": 3866.8186385693075, "HITS@1m_new": 0.05828389615509659, "HITS@3m_new": 0.11163518827725202, "HITS@10m_new": 0.19790068748614284}