{"MRRm_new": 0.19598982352657185, "MRm_new": 427.11576948797705, "HITS@1m_new": 0.13198489675958408, "HITS@3m_new": 0.2102147198094055, "HITS@10m_new": 0.32305495793661104}