{"MRRm_new": 0.2362526678450995, "MRm_new": 3024.001471260071, "HITS@1m_new": 0.1709693669534463, "HITS@3m_new": 0.2672311335686827, "HITS@10m_new": 0.36229377652629047}