{"MRRm_new": 0.23476084707277187, "MRm_new": 390.3614458016634, "HITS@1m_new": 0.15729141107692848, "HITS@3m_new": 0.2561038992968155, "HITS@10m_new": 0.3936374437177554}