{"MRRm_new": 0.32030502519459103, "MRm_new": 1971.678069102019, "HITS@1m_new": 0.24046725793462248, "HITS@3m_new": 0.3495797702090349, "HITS@10m_new": 0.4843721527880989}