{"MRRm_new": 0.3400954824746132, "MRm_new": 2925.1044369641468, "HITS@1m_new": 0.30281622097829675, "HITS@3m_new": 0.35442514021600074, "HITS@10m_new": 0.4125343369212642}