{"MRRm_new": 0.27759540274806566, "MRm_new": 535.3334521428943, "HITS@1m_new": 0.21811448858174118, "HITS@3m_new": 0.29429658800238395, "HITS@10m_new": 0.39196823138233233}