{"MRRm_new": 0.3186258313899507, "MRm_new": 2053.3612701814773, "HITS@1m_new": 0.23739042886858805, "HITS@3m_new": 0.3476940664076246, "HITS@10m_new": 0.4876732619414106}