{"MRRm_new": 0.31870988449163906, "MRm_new": 2069.4607079756856, "HITS@1m_new": 0.23746581029566005, "HITS@3m_new": 0.3477614727732725, "HITS@10m_new": 0.4880557570196688}