{"MRRm_new": 0.09672257154534891, "MRm_new": 652.1140422348261, "HITS@1m_new": 0.05525299181542941, "HITS@3m_new": 0.09777268308650236, "HITS@10m_new": 0.1764082218741125}