{"MRRm_new": 0.41324007319692735, "MRm_new": 334.87822193487733, "HITS@1m_new": 0.34574442473648376, "HITS@3m_new": 0.44179730545672646, "HITS@10m_new": 0.537307679793128}