{"MRRm_new": 0.3833294030089501, "MRm_new": 221.43258518630267, "HITS@1m_new": 0.28166263923421503, "HITS@3m_new": 0.42255781374825163, "HITS@10m_new": 0.5881238803742453}