{"MRRm_new": 0.24664872412472033, "MRm_new": 398.04018006501195, "HITS@1m_new": 0.1680752559700981, "HITS@3m_new": 0.27292120230612343, "HITS@10m_new": 0.4021912553839386}