{"MRRm_new": 0.17855121252453682, "MRm_new": 376.6826252418518, "HITS@1m_new": 0.11056535451059463, "HITS@3m_new": 0.19390286183507996, "HITS@10m_new": 0.31900298254056836}