{"MRRm_new": 0.34280742681840093, "MRm_new": 474.28638517433404, "HITS@1m_new": 0.2831940642707232, "HITS@3m_new": 0.3623430268335578, "HITS@10m_new": 0.4553405969898158}