{"MRRm_new": 0.30262154663808816, "MRm_new": 1950.9682374585866, "HITS@1m_new": 0.21813662972615566, "HITS@3m_new": 0.3332112802643678, "HITS@10m_new": 0.47058824757940604}