{"MRRm_new": 0.08738615446244366, "MRm_new": 685.2740930693865, "HITS@1m_new": 0.04703588064350188, "HITS@3m_new": 0.08637345709679066, "HITS@10m_new": 0.1639134575944976}