{"MRRm_new": 0.49010616449267674, "MRm_new": 186.4868829702884, "HITS@1m_new": 0.37976532173873784, "HITS@3m_new": 0.5487194701541667, "HITS@10m_new": 0.7085898726049636}