{"MRRm_new": 0.22715018213246949, "MRm_new": 255.184255257082, "HITS@1m_new": 0.13927853117473424, "HITS@3m_new": 0.25076647725068035, "HITS@10m_new": 0.42489131154664794}