{"MRRm_new": 0.15209951482746692, "MRm_new": 284.7820141139031, "HITS@1m_new": 0.0889285677575739, "HITS@3m_new": 0.16216900376172272, "HITS@10m_new": 0.27519703484692143}