{"MRRm_new": 0.09686173163873173, "MRm_new": 652.5856728698016, "HITS@1m_new": 0.055555553584132576, "HITS@3m_new": 0.09777066250841598, "HITS@10m_new": 0.17632187491935328}