{"MRRm_new": 0.2682498424681733, "MRm_new": 143.05173017203808, "HITS@1m_new": 0.1599480895540677, "HITS@3m_new": 0.3023725787128322, "HITS@10m_new": 0.49581053192000835}