{"MRRm_new": 0.44431657347359577, "MRm_new": 377.65594321228565, "HITS@1m_new": 0.3813825020555014, "HITS@3m_new": 0.46670907946945955, "HITS@10m_new": 0.5673843387301677}