{"MRRm_new": 0.48842199774476375, "MRm_new": 185.76437639562786, "HITS@1m_new": 0.37866975370702494, "HITS@3m_new": 0.546929915695473, "HITS@10m_new": 0.705525788903964}