{"MRRm_new": 0.3394676288121509, "MRm_new": 185.65831005565823, "HITS@1m_new": 0.24887631698895712, "HITS@3m_new": 0.37660126722548737, "HITS@10m_new": 0.5131747277923714}