{"MRRm_new": 0.08084655253996462, "MRm_new": 671.1088886129618, "HITS@1m_new": 0.03836379504634533, "HITS@3m_new": 0.08359288522159332, "HITS@10m_new": 0.16079949477226474}