{"MRRm_new": 0.5537962169446591, "MRm_new": 247.8241791515574, "HITS@1m_new": 0.4761732945567201, "HITS@3m_new": 0.5934113302677287, "HITS@10m_new": 0.6974223161998525}