{"MRRm_new": 0.4062325184964302, "MRm_new": 186.22283543655277, "HITS@1m_new": 0.29992942880492773, "HITS@3m_new": 0.4545631117041921, "HITS@10m_new": 0.6116586813663307}