{"MRRm_new": 0.17874579436423957, "MRm_new": 376.78258744771483, "HITS@1m_new": 0.11032282249809941, "HITS@3m_new": 0.19513527101494255, "HITS@10m_new": 0.3194383373613935}