{"MRRm_new": 0.34833963309235605, "MRm_new": 435.62812351454795, "HITS@1m_new": 0.2877487471230743, "HITS@3m_new": 0.36867614983662134, "HITS@10m_new": 0.461298703761684}