{"MRRm_new": 0.2138892759677852, "MRm_new": 292.77513276274203, "HITS@1m_new": 0.13427069050346035, "HITS@3m_new": 0.2301268801180995, "HITS@10m_new": 0.4039605288164341}