{"MRRm_new": 0.305825766915958, "MRm_new": 1496.7084092877806, "HITS@1m_new": 0.22208171253092587, "HITS@3m_new": 0.3343939134703833, "HITS@10m_new": 0.47499646423652303}