{"MRRm_new": 0.48752506185763106, "MRm_new": 188.24029773795604, "HITS@1m_new": 0.37792897519936014, "HITS@3m_new": 0.5456394292660043, "HITS@10m_new": 0.7043303478888993}