{"MRRm_new": 0.3332899836665365, "MRm_new": 2926.8462427363843, "HITS@1m_new": 0.2962196427275594, "HITS@3m_new": 0.34832637910135966, "HITS@10m_new": 0.40393826416370576}