{"MRRm_new": 0.09728990924558602, "MRm_new": 651.7396556702852, "HITS@1m_new": 0.055765645208169005, "HITS@3m_new": 0.0983438202423742, "HITS@10m_new": 0.17723306138655753}