{"MRRm_new": 0.41280909163077106, "MRm_new": 301.67337015224246, "HITS@1m_new": 0.32466262873133384, "HITS@3m_new": 0.44971646455499287, "HITS@10m_new": 0.5820834922122594}