{"MRRm_new": 0.3217147709262258, "MRm_new": 1763.4950135310887, "HITS@1m_new": 0.24279985194047912, "HITS@3m_new": 0.34740529652184343, "HITS@10m_new": 0.4758985756111797}