{"MRRm_new": 0.49243503569281893, "MRm_new": 292.37670038838684, "HITS@1m_new": 0.4290469386177065, "HITS@3m_new": 0.5177876303788799, "HITS@10m_new": 0.614631091416486}