{"MRRm_new": 0.45618360537099306, "MRm_new": 208.8221682239771, "HITS@1m_new": 0.3883926671851659, "HITS@3m_new": 0.48519050149718534, "HITS@10m_new": 0.5806473986720375}