{"MRRm_new": 0.1155392103245933, "MRm_new": 629.4871471307039, "HITS@1m_new": 0.06951785509008915, "HITS@3m_new": 0.11804839831086573, "HITS@10m_new": 0.20291182991601528}