{"MRRm_new": 0.2115283191937224, "MRm_new": 1158.160004793644, "HITS@1m_new": 0.14572083993203705, "HITS@3m_new": 0.22408094717463245, "HITS@10m_new": 0.3385463320894633}