{"MRRm_new": 0.2376145267953849, "MRm_new": 275.0872578028917, "HITS@1m_new": 0.14193171047805225, "HITS@3m_new": 0.2686524762333371, "HITS@10m_new": 0.4311018934200052}