{"MRRm_new": 0.21468856985446183, "MRm_new": 276.997437761879, "HITS@1m_new": 0.1338083420356037, "HITS@3m_new": 0.2309642876399099, "HITS@10m_new": 0.40749976312179353}