{"MRRm_new": 0.4131449509934619, "MRm_new": 334.87995709564535, "HITS@1m_new": 0.3456182126108397, "HITS@3m_new": 0.44172328357388324, "HITS@10m_new": 0.5372453576086845}