{"MRRm_new": 0.2149336405982176, "MRm_new": 280.5109622648239, "HITS@1m_new": 0.13413100855101365, "HITS@3m_new": 0.2311083276865422, "HITS@10m_new": 0.407210429000447}