{"MRRm_new": 0.30578601166952374, "MRm_new": 1494.8634270431698, "HITS@1m_new": 0.22208171253092587, "HITS@3m_new": 0.3344117706159013, "HITS@10m_new": 0.4749071785052074}