{"MRRm_new": 0.27751527168991924, "MRm_new": 535.3375558256805, "HITS@1m_new": 0.21807277527040422, "HITS@3m_new": 0.29410189476402593, "HITS@10m_new": 0.39209712111838235}