{"MRRm_new": 0.13168165870376106, "MRm_new": 292.4268265855551, "HITS@1m_new": 0.07007778784583789, "HITS@3m_new": 0.1393289695481304, "HITS@10m_new": 0.2501938695709687}