{"MRRm_new": 0.23802170546524867, "MRm_new": 271.1386264282942, "HITS@1m_new": 0.14207047036303558, "HITS@3m_new": 0.2694895562888123, "HITS@10m_new": 0.43196847639544866}