{"MRRm_new": 0.42317203888165933, "MRm_new": 290.37826581180843, "HITS@1m_new": 0.33080950182697416, "HITS@3m_new": 0.464834253574998, "HITS@10m_new": 0.601966706054547}