{"MRRm_new": 0.46549700119734644, "MRm_new": 193.9823409753442, "HITS@1m_new": 0.3974454958026181, "HITS@3m_new": 0.4954754970844806, "HITS@10m_new": 0.5900145593293419}