{"MRRm_new": 0.4026326915630198, "MRm_new": 291.41051833347234, "HITS@1m_new": 0.3112937041182231, "HITS@3m_new": 0.44164245678197767, "HITS@10m_new": 0.5795860146435261}