{"MRRm_new": 0.32006409134957176, "MRm_new": 1906.432988779366, "HITS@1m_new": 0.2403361524338834, "HITS@3m_new": 0.34932588833314365, "HITS@10m_new": 0.484313140634913}