{"MRRm_new": 0.19105778464452305, "MRm_new": 372.1652717891574, "HITS@1m_new": 0.12292194297602982, "HITS@3m_new": 0.20769741174194495, "HITS@10m_new": 0.3305163695349067}