{"MRRm_new": 0.33285673360557305, "MRm_new": 3000.758445130311, "HITS@1m_new": 0.2959596020349054, "HITS@3m_new": 0.3462919473278889, "HITS@10m_new": 0.40522376522028936}