{"MRRm_new": 0.09936576957944053, "MRm_new": 604.9052166618585, "HITS@1m_new": 0.05656660130603122, "HITS@3m_new": 0.09910656185508124, "HITS@10m_new": 0.17958963418083732}