{"MRRm_new": 0.4254982254228398, "MRm_new": 287.72848298775403, "HITS@1m_new": 0.3326069071131715, "HITS@3m_new": 0.4670602970422915, "HITS@10m_new": 0.6058114315423881}