{"MRRm_new": 0.1135248376522839, "MRm_new": 3838.9406878299715, "HITS@1m_new": 0.07309880655463785, "HITS@3m_new": 0.11799764417577535, "HITS@10m_new": 0.1968745532983914}