{"MRRm_new": 0.32364530895104143, "MRm_new": 1455.6784571566284, "HITS@1m_new": 0.24358271956653335, "HITS@3m_new": 0.3493934809335042, "HITS@10m_new": 0.4864758193404414}