{"MRRm_new": 0.6766692394944949, "MRm_new": 177.4047783414349, "HITS@1m_new": 0.6218680447646803, "HITS@3m_new": 0.7067810380529918, "HITS@10m_new": 0.7796209800746364}