{"MRRm_new": 0.2386957053924707, "MRm_new": 255.7459920595646, "HITS@1m_new": 0.14142085965829318, "HITS@3m_new": 0.27088415059233084, "HITS@10m_new": 0.435605464568967}