{"MRRm_new": 0.6408947238612581, "MRm_new": 204.5418567179218, "HITS@1m_new": 0.5856643962012932, "HITS@3m_new": 0.6668490576442345, "HITS@10m_new": 0.7466217049603074}