{"MRRm_new": 0.2462240205792943, "MRm_new": 407.3062319841147, "HITS@1m_new": 0.16781508218739183, "HITS@3m_new": 0.27246556268450806, "HITS@10m_new": 0.40094074571756644}