{"MRRm_new": 0.292352537249988, "MRm_new": 632.4124810680077, "HITS@1m_new": 0.23607949009659204, "HITS@3m_new": 0.3095428366524902, "HITS@10m_new": 0.39915339923826104}