{"MRRm_new": 0.3077336639784062, "MRm_new": 502.9501836638525, "HITS@1m_new": 0.2502261886301276, "HITS@3m_new": 0.3254306606845239, "HITS@10m_new": 0.4154169689227274}