{"MRRm_new": 0.13224061352048447, "MRm_new": 292.39651706664563, "HITS@1m_new": 0.07047308543368708, "HITS@3m_new": 0.1401674329558853, "HITS@10m_new": 0.25018833790379574}