{"MRRm_new": 0.3310416469084876, "MRm_new": 2941.442908721626, "HITS@1m_new": 0.294040267132048, "HITS@3m_new": 0.3458188696950529, "HITS@10m_new": 0.40131764907450995}