{"MRRm_new": 0.6786638308080155, "MRm_new": 176.58145291871577, "HITS@1m_new": 0.6238017449250365, "HITS@3m_new": 0.7085430020453714, "HITS@10m_new": 0.7817381278593166}