{"MRRm_new": 0.21396474821440062, "MRm_new": 287.6795634251833, "HITS@1m_new": 0.13353521340053995, "HITS@3m_new": 0.23040127571834018, "HITS@10m_new": 0.40641588412538404}