{"MRRm_new": 0.4895813529004954, "MRm_new": 186.10286627557875, "HITS@1m_new": 0.3796462020424187, "HITS@3m_new": 0.5478507783679742, "HITS@10m_new": 0.7073097186854865}