{"MRRm_new": 0.4407852163034895, "MRm_new": 1183.2016735199393, "HITS@1m_new": 0.32718160951975733, "HITS@3m_new": 0.5019073350816033, "HITS@10m_new": 0.6674162559551187}