{"MRRm_new": 0.09774575393889245, "MRm_new": 650.3556889621497, "HITS@1m_new": 0.055256122320058054, "HITS@3m_new": 0.09904354728926555, "HITS@10m_new": 0.17596564833915326}