{"MRRm_new": 0.1958615559590995, "MRm_new": 338.53933106318715, "HITS@1m_new": 0.12225734620850999, "HITS@3m_new": 0.213800635914749, "HITS@10m_new": 0.34131630943125346}