{"MRRm_new": 0.5748222719323357, "MRm_new": 73.51442051574588, "HITS@1m_new": 0.49832750059379033, "HITS@3m_new": 0.6144203228864353, "HITS@10m_new": 0.718070804473944}