{"MRRm_new": 0.40172098012835794, "MRm_new": 303.41339955889435, "HITS@1m_new": 0.311012389719217, "HITS@3m_new": 0.44001878345418666, "HITS@10m_new": 0.5777596192516321}