{"MRRm_new": 0.20081072991410429, "MRm_new": 2459.8734798614087, "HITS@1m_new": 0.13482051430639694, "HITS@3m_new": 0.21880225448418059, "HITS@10m_new": 0.32669736858064424}