{"MRRm_new": 0.3021686433557079, "MRm_new": 281.0667799899876, "HITS@1m_new": 0.21511892129291663, "HITS@3m_new": 0.337061484615595, "HITS@10m_new": 0.46770364658275504}