{"MRRm_new": 0.4302099796308594, "MRm_new": 293.4226129417941, "HITS@1m_new": 0.36237769384717833, "HITS@3m_new": 0.4593419370539632, "HITS@10m_new": 0.554797513264406}