{"MRRm_new": 0.3242561045334869, "MRm_new": 1313.9356325694025, "HITS@1m_new": 0.24429660455067642, "HITS@3m_new": 0.3503551386410836, "HITS@10m_new": 0.48733985006972214}