{"MRRm_new": 0.5253753231662859, "MRm_new": 265.660876299426, "HITS@1m_new": 0.4643640623391766, "HITS@3m_new": 0.5493906465011132, "HITS@10m_new": 0.6460430947332861}