{"MRRm_new": 0.42746336759364295, "MRm_new": 275.8315746632293, "HITS@1m_new": 0.33383494617691756, "HITS@3m_new": 0.46982788327849995, "HITS@10m_new": 0.6096313067772425}