{"MRRm_new": 0.3019642903774202, "MRm_new": 1960.1546876959205, "HITS@1m_new": 0.21761983542644883, "HITS@3m_new": 0.3326813438771642, "HITS@10m_new": 0.469707855478744}