{"MRRm_new": 0.12175528736390115, "MRm_new": 467.5650361046791, "HITS@1m_new": 0.06852602831823751, "HITS@3m_new": 0.12774971161456777, "HITS@10m_new": 0.2265362285785144}