{"MRRm_new": 0.5163778126119251, "MRm_new": 275.91296835194527, "HITS@1m_new": 0.4550335815320941, "HITS@3m_new": 0.5405335714806752, "HITS@10m_new": 0.6372597102209329}