{"MRRm_new": 0.19524544846395583, "MRm_new": 448.892638344264, "HITS@1m_new": 0.1315415648927097, "HITS@3m_new": 0.21032711901618167, "HITS@10m_new": 0.3223612308244919}