{"MRRm_new": 0.320395221025346, "MRm_new": 1902.9344355307817, "HITS@1m_new": 0.2406704614441842, "HITS@3m_new": 0.348954342054436, "HITS@10m_new": 0.48589122263481843}