{"MRRm_new": 0.12265951788808452, "MRm_new": 463.03719778387546, "HITS@1m_new": 0.06962293410976417, "HITS@3m_new": 0.12889270697822794, "HITS@10m_new": 0.22654819086117203}