{"MRRm_new": 0.46644724546897215, "MRm_new": 224.3709325695485, "HITS@1m_new": 0.3615559428537199, "HITS@3m_new": 0.5197392149208099, "HITS@10m_new": 0.6738118243413919}