{"MRRm_new": 0.4115877491567276, "MRm_new": 1217.834283048123, "HITS@1m_new": 0.28158061049506067, "HITS@3m_new": 0.47888519147923214, "HITS@10m_new": 0.6766905041057616}