{"MRRm_new": 0.5048719628655072, "MRm_new": 157.86031715738773, "HITS@1m_new": 0.39102908936782843, "HITS@3m_new": 0.5656050936358988, "HITS@10m_new": 0.7276869472135149}