{"MRRm_new": 0.10608341375641175, "MRm_new": 665.8288939869166, "HITS@1m_new": 0.06403409452587366, "HITS@3m_new": 0.10678162199041108, "HITS@10m_new": 0.18492964963279665}