{"MRRm_new": 0.11588903324348067, "MRm_new": 626.1291941969633, "HITS@1m_new": 0.06969637550716289, "HITS@3m_new": 0.11887076366394758, "HITS@10m_new": 0.20306883526444436}