{"MRRm_new": 0.2007469879343589, "MRm_new": 2459.8744619187414, "HITS@1m_new": 0.1346592902559496, "HITS@3m_new": 0.21911270627813065, "HITS@10m_new": 0.32663409433120977}