{"MRRm_new": 0.1127793186016861, "MRm_new": 3569.523182713008, "HITS@1m_new": 0.0706538943263702, "HITS@3m_new": 0.11820859714983963, "HITS@10m_new": 0.1985968487733975}