{"MRRm_new": 0.6632184508762738, "MRm_new": 184.04015088082105, "HITS@1m_new": 0.6062374711960256, "HITS@3m_new": 0.6945339844086775, "HITS@10m_new": 0.7686569289052968}