{"MRRm_new": 0.6654137570526063, "MRm_new": 183.6234175625071, "HITS@1m_new": 0.6085268870816617, "HITS@3m_new": 0.6966130339077717, "HITS@10m_new": 0.7704673117073362}