{"MRRm_new": 0.7281082388867371, "MRm_new": 41.64733709524572, "HITS@1m_new": 0.6364997591843421, "HITS@3m_new": 0.7943221531298186, "HITS@10m_new": 0.8860188569262973}