{"MRRm_new": 0.08700866099610721, "MRm_new": 684.4545281154155, "HITS@1m_new": 0.046888682040385904, "HITS@3m_new": 0.08561624995635357, "HITS@10m_new": 0.16356027231920744}