{"MRRm_new": 0.5432535574371523, "MRm_new": 259.6631592953056, "HITS@1m_new": 0.4794517669242014, "HITS@3m_new": 0.5706774548105786, "HITS@10m_new": 0.666470193956582}