{"MRRm_new": 0.42416257534896884, "MRm_new": 257.8655258364156, "HITS@1m_new": 0.3581446051583771, "HITS@3m_new": 0.450995554418143, "HITS@10m_new": 0.5461871262500354}