{"MRRm_new": 0.49752050445159784, "MRm_new": 287.8766738279462, "HITS@1m_new": 0.4340041015034294, "HITS@3m_new": 0.523187312399823, "HITS@10m_new": 0.6198821879411626}