{"MRRm_new": 0.15151068825602415, "MRm_new": 245.45894245324135, "HITS@1m_new": 0.08055487964171916, "HITS@3m_new": 0.16028665560204536, "HITS@10m_new": 0.3008634547987953}