{"MRRm_new": 0.3197726241600908, "MRm_new": 1916.59757907179, "HITS@1m_new": 0.24021408828534185, "HITS@3m_new": 0.34834454051894137, "HITS@10m_new": 0.4850021993923001}