{"MRRm_new": 0.10657862508979014, "MRm_new": 3605.6850323542594, "HITS@1m_new": 0.06039491106946953, "HITS@3m_new": 0.11566026340276003, "HITS@10m_new": 0.20527229803414085}