{"MRRm_new": 0.24652789689204802, "MRm_new": 433.45420743777754, "HITS@1m_new": 0.1684690568787977, "HITS@3m_new": 0.27227137700268067, "HITS@10m_new": 0.40183302916055547}