{"MRRm_new": 0.24649154843085272, "MRm_new": 423.0053639032602, "HITS@1m_new": 0.16854926363360137, "HITS@3m_new": 0.2719259366946761, "HITS@10m_new": 0.401427759361919}