{"MRRm_new": 0.1324137694885212, "MRm_new": 292.13149469344614, "HITS@1m_new": 0.07023330898766872, "HITS@3m_new": 0.14080035389051773, "HITS@10m_new": 0.25158938326886854}