{"MRRm_new": 0.23465768105251336, "MRm_new": 418.93642040798665, "HITS@1m_new": 0.15743934746107552, "HITS@3m_new": 0.25640425724450033, "HITS@10m_new": 0.3920004854601808}