{"MRRm_new": 0.4877676306924177, "MRm_new": 188.23949968731404, "HITS@1m_new": 0.37830391621707166, "HITS@3m_new": 0.545880544501495, "HITS@10m_new": 0.7043194510981265}