{"MRRm_new": 0.4253896827657054, "MRm_new": 303.43927300415186, "HITS@1m_new": 0.357900949539624, "HITS@3m_new": 0.45409151828703764, "HITS@10m_new": 0.5502281722966582}