{"MRRm_new": 0.4990666020711642, "MRm_new": 176.11990721285343, "HITS@1m_new": 0.38969687910137507, "HITS@3m_new": 0.5579397364508987, "HITS@10m_new": 0.7161001486233727}