{"MRRm_new": 0.7215617371156914, "MRm_new": 141.64133648311346, "HITS@1m_new": 0.6652225662505044, "HITS@3m_new": 0.7539955129938862, "HITS@10m_new": 0.8291384449442231}