{"MRRm_new": 0.15151067787850625, "MRm_new": 245.46008036293983, "HITS@1m_new": 0.08055487964171916, "HITS@3m_new": 0.16028665560204536, "HITS@10m_new": 0.3008607150727883}