{"MRRm_new": 0.16368190826930512, "MRm_new": 253.5958758313179, "HITS@1m_new": 0.09156805034494027, "HITS@3m_new": 0.17699539031982423, "HITS@10m_new": 0.31037776712961496}