{"MRRm_new": 0.3061516490198987, "MRm_new": 1539.8871360640228, "HITS@1m_new": 0.2224930478837341, "HITS@3m_new": 0.3362987255250919, "HITS@10m_new": 0.47466508391301615}