{"MRRm_new": 0.08008395690383185, "MRm_new": 668.6741093397379, "HITS@1m_new": 0.03786815988724702, "HITS@3m_new": 0.08247468604450696, "HITS@10m_new": 0.15902428972357885}