{"MRRm_new": 0.23534926430604974, "MRm_new": 392.41267581436637, "HITS@1m_new": 0.1573572926473571, "HITS@3m_new": 0.25728174548565874, "HITS@10m_new": 0.39503283931724725}