{"MRRm_new": 0.3250827318967581, "MRm_new": 1537.072018568456, "HITS@1m_new": 0.24555896519427187, "HITS@3m_new": 0.3522836869446328, "HITS@10m_new": 0.48003489698842167}