{"MRRm_new": 0.19636416949112462, "MRm_new": 446.48335555479525, "HITS@1m_new": 0.1338288468140876, "HITS@3m_new": 0.21062214553520317, "HITS@10m_new": 0.3186668082255637}