{"MRRm_new": 0.12285587179292197, "MRm_new": 302.4583906624794, "HITS@1m_new": 0.06519581938158371, "HITS@3m_new": 0.1302770682934206, "HITS@10m_new": 0.23226203620615415}