{"MRRm_new": 0.1191103049147554, "MRm_new": 486.42937343645093, "HITS@1m_new": 0.0682204750983743, "HITS@3m_new": 0.12282335575099569, "HITS@10m_new": 0.21894294434520417}