{"MRRm_new": 0.20512715751067154, "MRm_new": 450.7718802119255, "HITS@1m_new": 0.13001690954158548, "HITS@3m_new": 0.2217686326629948, "HITS@10m_new": 0.3567504857785592}