{"MRRm_new": 0.302482204937166, "MRm_new": 1950.9715688035785, "HITS@1m_new": 0.21805425715015736, "HITS@3m_new": 0.3331917863250128, "HITS@10m_new": 0.47040211644291413}