{"MRRm_new": 0.09511298743496009, "MRm_new": 676.2303015970707, "HITS@1m_new": 0.05370872519458062, "HITS@3m_new": 0.09663315449514776, "HITS@10m_new": 0.17139835896452424}