{"MRRm_new": 0.19059869502588436, "MRm_new": 2087.340098553777, "HITS@1m_new": 0.12581190318823793, "HITS@3m_new": 0.20331869949420797, "HITS@10m_new": 0.31711577413463965}