{"MRRm_new": 0.18989769207125118, "MRm_new": 597.7077252998575, "HITS@1m_new": 0.12044132837225334, "HITS@3m_new": 0.2071917605632698, "HITS@10m_new": 0.3263729609586808}