{"MRRm_new": 0.5276030877738594, "MRm_new": 272.65105662208794, "HITS@1m_new": 0.4644258751162233, "HITS@3m_new": 0.553735512202471, "HITS@10m_new": 0.6496572384598367}