{"MRRm_new": 0.1286010269585662, "MRm_new": 294.054326530385, "HITS@1m_new": 0.06833907262926223, "HITS@3m_new": 0.13604629287775605, "HITS@10m_new": 0.243196308382554}