{"MRRm_new": 0.5169293333257219, "MRm_new": 133.4699890380502, "HITS@1m_new": 0.39955574554577106, "HITS@3m_new": 0.5811457539842704, "HITS@10m_new": 0.7473329561018909}