{"MRRm_new": 0.30336136991780904, "MRm_new": 1971.081359097749, "HITS@1m_new": 0.21890406987292227, "HITS@3m_new": 0.3338453655880294, "HITS@10m_new": 0.4708020384692354}