{"MRRm_new": 0.10369624448059621, "MRm_new": 469.0107294429779, "HITS@1m_new": 0.05230217886306345, "HITS@3m_new": 0.10820480557596311, "HITS@10m_new": 0.19980610763893927}