{"MRRm_new": 0.08006749919852736, "MRm_new": 673.6568802223205, "HITS@1m_new": 0.038082145334972305, "HITS@3m_new": 0.08280396192729822, "HITS@10m_new": 0.159240242308483}