{"MRRm_new": 0.6575027201406319, "MRm_new": 190.12052486427874, "HITS@1m_new": 0.6003343468775966, "HITS@3m_new": 0.6878660686289295, "HITS@10m_new": 0.7641255351501859}