{"MRRm_new": 0.5598612324058613, "MRm_new": 227.04850273074956, "HITS@1m_new": 0.4824263612037321, "HITS@3m_new": 0.5987921045474359, "HITS@10m_new": 0.703713077084467}