{"MRRm_new": 0.11460083053840645, "MRm_new": 676.0822347599983, "HITS@1m_new": 0.06928675530492329, "HITS@3m_new": 0.11719760497999959, "HITS@10m_new": 0.2003035235216201}