{"MRRm_new": 0.3250969522484679, "MRm_new": 1519.931729142666, "HITS@1m_new": 0.24548969248426147, "HITS@3m_new": 0.3515961054390063, "HITS@10m_new": 0.4807447854289785}