{"MRRm_new": 0.30489642225831676, "MRm_new": 2237.988713316828, "HITS@1m_new": 0.23381418646973906, "HITS@3m_new": 0.3294205153025978, "HITS@10m_new": 0.44582205610879466}