{"MRRm_new": 0.6847750501743012, "MRm_new": 166.5049298856184, "HITS@1m_new": 0.6266885750948968, "HITS@3m_new": 0.7174754394632983, "HITS@10m_new": 0.7918710376289783}