{"MRRm_new": 0.1486215729909054, "MRm_new": 12226.995859734714, "HITS@1m_new": 0.09691342263080878, "HITS@3m_new": 0.16271934098470955, "HITS@10m_new": 0.2538930676288437}