{"MRRm_new": 0.4835243410621724, "MRm_new": 199.46244698762894, "HITS@1m_new": 0.37447744104977393, "HITS@3m_new": 0.5414579456157735, "HITS@10m_new": 0.6985306036050024}