{"MRRm_new": 0.5046370156010653, "MRm_new": 165.55508771795036, "HITS@1m_new": 0.39401499344191326, "HITS@3m_new": 0.5649243240425058, "HITS@10m_new": 0.7234966512719693}