{"MRRm_new": 0.18039318005248642, "MRm_new": 383.9926508317709, "HITS@1m_new": 0.10552732612233376, "HITS@3m_new": 0.19558794791118708, "HITS@10m_new": 0.33046447759894654}