{"MRRm_new": 0.24662676072676695, "MRm_new": 400.41217081906797, "HITS@1m_new": 0.16828759113717826, "HITS@3m_new": 0.27255665297475645, "HITS@10m_new": 0.40147136266604067}