{"MRRm_new": 0.280359834840051, "MRm_new": 512.8592101757824, "HITS@1m_new": 0.22052026609115274, "HITS@3m_new": 0.2975251858465381, "HITS@10m_new": 0.39523781410912123}