{"MRRm_new": 0.0016414629050868826, "MRm_new": 17343.840369312285, "HITS@1m_new": 0.0003874317007139325, "HITS@3m_new": 0.0003874317007139325, "HITS@10m_new": 0.0009823519322089851}