{"MRRm_new": 0.0015416163476120346, "MRm_new": 5514.498154186487, "HITS@1m_new": 4.6750329987844454e-05, "HITS@3m_new": 0.00037452129961457106, "HITS@10m_new": 0.0029499885715267736}