{"MRRm_new": 0.15027364597125778, "MRm_new": 2969.3825371159614, "HITS@1m_new": 0.0990875929025351, "HITS@3m_new": 0.15859893637546338, "HITS@10m_new": 0.2465722197406576}