{"MRRm_new": 0.10562459705790243, "MRm_new": 627.931969768405, "HITS@1m_new": 0.0608532471870014, "HITS@3m_new": 0.10612328461342259, "HITS@10m_new": 0.18930758242937737}