{"MRRm_new": 0.11068399878389173, "MRm_new": 3807.3563070092678, "HITS@1m_new": 0.06865914643998258, "HITS@3m_new": 0.11666010043360293, "HITS@10m_new": 0.19392054348476231}