{"MRRm_new": 0.0710778645814673, "MRm_new": 951.2445814254761, "HITS@1m_new": 0.0342635384362191, "HITS@3m_new": 0.0725055934958742, "HITS@10m_new": 0.13841632293346337}