{"MRRm_new": 0.14664444435861787, "MRm_new": 2867.989221406251, "HITS@1m_new": 0.09530955900414848, "HITS@3m_new": 0.15519358009009737, "HITS@10m_new": 0.24180609342679962}