{"MRRm_new": 0.47980370180438514, "MRm_new": 218.51598683604598, "HITS@1m_new": 0.37799078749683757, "HITS@3m_new": 0.5346573958947519, "HITS@10m_new": 0.6775163336962796}