{"MRRm_new": 0.10004150954650831, "MRm_new": 3713.924183626819, "HITS@1m_new": 0.05945560595788993, "HITS@3m_new": 0.10520237898039632, "HITS@10m_new": 0.18000517164301127}