{"MRRm_new": 0.23307845635543198, "MRm_new": 241.11049317445756, "HITS@1m_new": 0.145973241223488, "HITS@3m_new": 0.24655996534712613, "HITS@10m_new": 0.42739122772715055}