{"MRRm_new": 0.22295916360427218, "MRm_new": 255.9388572811842, "HITS@1m_new": 0.1406832554084831, "HITS@3m_new": 0.2360977297191508, "HITS@10m_new": 0.3878104157062713}