{"MRRm_new": 0.3065490934257109, "MRm_new": 1944.3908837288618, "HITS@1m_new": 0.2253981698495336, "HITS@3m_new": 0.3392062337980606, "HITS@10m_new": 0.47575246186577713}