{"MRRm_new": 0.00444213983501104, "MRm_new": 5106.269545626712, "HITS@1m_new": 0.0011779070881661028, "HITS@3m_new": 0.0030668920093216002, "HITS@10m_new": 0.00787099804468453}