{"MRRm_new": 0.21868407443503238, "MRm_new": 317.18863895423414, "HITS@1m_new": 0.13570439322298625, "HITS@3m_new": 0.23174261468215845, "HITS@10m_new": 0.4012405789610464}