{"MRRm_new": 0.5432487139310633, "MRm_new": 198.38781344663352, "HITS@1m_new": 0.478554093107261, "HITS@3m_new": 0.5710106118832191, "HITS@10m_new": 0.6677435587574437}