{"MRRm_new": 0.003348125762294512, "MRm_new": 5202.408792759896, "HITS@1m_new": 0.0006001333773136139, "HITS@3m_new": 0.0023186756106559187, "HITS@10m_new": 0.005535671552503481}