{"MRRm_new": 0.08034538925282977, "MRm_new": 666.1317944501639, "HITS@1m_new": 0.039819919634074906, "HITS@3m_new": 0.07842377558635781, "HITS@10m_new": 0.16015866359985667}