{"MRRm_new": 0.17605027918856359, "MRm_new": 393.5759884320259, "HITS@1m_new": 0.11198026003589039, "HITS@3m_new": 0.18449534173184073, "HITS@10m_new": 0.3068511249520583}