{"MRRm_new": 0.1710373175301411, "MRm_new": 3191.0321648130716, "HITS@1m_new": 0.1135620354111088, "HITS@3m_new": 0.18576464556840075, "HITS@10m_new": 0.2901588575214555}