{"MRRm_new": 0.09143501782689273, "MRm_new": 802.3744566023349, "HITS@1m_new": 0.053344632838282266, "HITS@3m_new": 0.09247985779917799, "HITS@10m_new": 0.1594146803059615}