{"MRRm_new": 0.07883426495835011, "MRm_new": 1052.7529414736032, "HITS@1m_new": 0.04583853920311667, "HITS@3m_new": 0.07806448916335357, "HITS@10m_new": 0.13961059168667997}