{"MRRm_new": 0.08698466664823791, "MRm_new": 901.2329343123436, "HITS@1m_new": 0.05159861709745601, "HITS@3m_new": 0.0853309023717069, "HITS@10m_new": 0.15487438259362243}