{"MRRm_new": 0.19001672378286366, "MRm_new": 2955.0434020567836, "HITS@1m_new": 0.13861043598354444, "HITS@3m_new": 0.20186747140957595, "HITS@10m_new": 0.29336722954978905}