{"MRRm_new": 0.387459537823167, "MRm_new": 405.65961058237406, "HITS@1m_new": 0.3039801944615283, "HITS@3m_new": 0.4229574877103769, "HITS@10m_new": 0.5471426058095094}