{"MRRm_new": 0.4952816394212305, "MRm_new": 192.2837249827832, "HITS@1m_new": 0.3884789450980934, "HITS@3m_new": 0.5525483408516775, "HITS@10m_new": 0.7058043824584748}