{"MRRm_new": 0.49564726986656116, "MRm_new": 211.17858683697878, "HITS@1m_new": 0.39103518581172103, "HITS@3m_new": 0.5511609425551541, "HITS@10m_new": 0.6997521160127362}