{"MRRm_new": 0.0012125836214672745, "MRm_new": 17460.22399367523, "HITS@1m_new": 0.0001470238119363785, "HITS@3m_new": 0.0001470238119363785, "HITS@10m_new": 0.000822498959954828}