{"MRRm_new": 0.27113149915821166, "MRm_new": 2671.8898292383255, "HITS@1m_new": 0.19910700810450363, "HITS@3m_new": 0.29372845212195536, "HITS@10m_new": 0.4119062782677647}