{"MRRm_new": 0.24453770882924145, "MRm_new": 371.2313451533079, "HITS@1m_new": 0.1664265096066869, "HITS@3m_new": 0.26522351205768063, "HITS@10m_new": 0.3989687694224529}