{"MRRm_new": 0.2585764715675279, "MRm_new": 351.6713559894562, "HITS@1m_new": 0.18013799061845057, "HITS@3m_new": 0.27586769464742394, "HITS@10m_new": 0.41847218284513804}