{"MRRm_new": 0.09755282797376713, "MRm_new": 686.6206096330166, "HITS@1m_new": 0.05400076116466662, "HITS@3m_new": 0.09799145792053314, "HITS@10m_new": 0.18107821442992428}