{"MRRm_new": 0.4350753307900395, "MRm_new": 133.1951806272939, "HITS@1m_new": 0.3473046268874896, "HITS@3m_new": 0.472289437508618, "HITS@10m_new": 0.6038071754168486}