{"MRRm_new": 0.07186982242073572, "MRm_new": 893.7314508074522, "HITS@1m_new": 0.03553000545591349, "HITS@3m_new": 0.07280646832342026, "HITS@10m_new": 0.13808205641935348}