{"MRRm_new": 0.12685575686923495, "MRm_new": 740.8167563428879, "HITS@1m_new": 0.06904363647026912, "HITS@3m_new": 0.13564982770202186, "HITS@10m_new": 0.24164864122476137}