{"MRRm_new": 0.4188635723464786, "MRm_new": 142.16448328389973, "HITS@1m_new": 0.3336184731233952, "HITS@3m_new": 0.453640921682585, "HITS@10m_new": 0.5825035787982779}