{"MRRm_new": 0.0672487458193049, "MRm_new": 1002.7580040505409, "HITS@1m_new": 0.03245147490790114, "HITS@3m_new": 0.06719935347809224, "HITS@10m_new": 0.13074799724189798}