{"MRRm_new": 0.3060579609012566, "MRm_new": 2195.9113534861804, "HITS@1m_new": 0.22524854085972765, "HITS@3m_new": 0.33521151733084115, "HITS@10m_new": 0.4714411046933965}