{"MRRm_new": 0.14723252937219558, "MRm_new": 2291.884989402801, "HITS@1m_new": 0.09432994331297231, "HITS@3m_new": 0.15385509965670643, "HITS@10m_new": 0.24841546842479148}