{"MRRm_new": 0.21025757727060046, "MRm_new": 915.010993918091, "HITS@1m_new": 0.13298644336871804, "HITS@3m_new": 0.22897214813891334, "HITS@10m_new": 0.3652860128931934}