{"MRRm_new": 0.20136825393833352, "MRm_new": 429.1797516071275, "HITS@1m_new": 0.13134485998534365, "HITS@3m_new": 0.21726173151045805, "HITS@10m_new": 0.3402787776541809}