{"MRRm_new": 0.14603404783101906, "MRm_new": 2373.0939401272835, "HITS@1m_new": 0.09433291042211932, "HITS@3m_new": 0.15145071582205127, "HITS@10m_new": 0.24671688195326716}