{"MRRm_new": 0.2857436427035291, "MRm_new": 2259.259827739358, "HITS@1m_new": 0.20849342377798166, "HITS@3m_new": 0.3090503700423287, "HITS@10m_new": 0.4416281984462403}