{"MRRm_new": 0.1477584637777477, "MRm_new": 3432.6832706587315, "HITS@1m_new": 0.09707796077511739, "HITS@3m_new": 0.1566671804456273, "HITS@10m_new": 0.2439311861603055}