{"MRRm_new": 0.49773933668243625, "MRm_new": 271.25413492251187, "HITS@1m_new": 0.4310273234924825, "HITS@3m_new": 0.5245506759130222, "HITS@10m_new": 0.6251487005123854}