{"MRRm_new": 0.27637504012814407, "MRm_new": 492.2270884232223, "HITS@1m_new": 0.2173939153059546, "HITS@3m_new": 0.2937201354739045, "HITS@10m_new": 0.38648284865450844}