{"MRRm_new": 0.1735442222743208, "MRm_new": 540.2063234196186, "HITS@1m_new": 0.11114449033937417, "HITS@3m_new": 0.18777363853161222, "HITS@10m_new": 0.2967602817561477}