{"MRRm_new": 0.34565955806891363, "MRm_new": 439.64224545604736, "HITS@1m_new": 0.28586622264790273, "HITS@3m_new": 0.3646162354923581, "HITS@10m_new": 0.4592573081998598}