{"MRRm_new": 0.3167945047886969, "MRm_new": 2090.0140940360725, "HITS@1m_new": 0.23339253420196474, "HITS@3m_new": 0.3509023545477539, "HITS@10m_new": 0.49108400189271195}