{"MRRm_new": 0.08975183824006817, "MRm_new": 686.0225696702719, "HITS@1m_new": 0.04762075269353809, "HITS@3m_new": 0.09073628539414494, "HITS@10m_new": 0.16601467866739258}