{"MRRm_new": 0.14672945217270716, "MRm_new": 3119.3507369304, "HITS@1m_new": 0.09632473752222723, "HITS@3m_new": 0.15455803615608601, "HITS@10m_new": 0.24179880239241175}