{"MRRm_new": 0.19847863915200378, "MRm_new": 465.2331556979045, "HITS@1m_new": 0.12917206129310216, "HITS@3m_new": 0.21380566482511495, "HITS@10m_new": 0.3360233251380705}