{"MRRm_new": 0.49120326908902096, "MRm_new": 330.8818521833047, "HITS@1m_new": 0.4274220873760678, "HITS@3m_new": 0.5182696769206668, "HITS@10m_new": 0.6119780699007169}