{"MRRm_new": 0.1749344058515726, "MRm_new": 818.4044416273088, "HITS@1m_new": 0.11661106752798514, "HITS@3m_new": 0.18895212209847886, "HITS@10m_new": 0.28834619496244707}