{"MRRm_new": 0.31415449664817335, "MRm_new": 380.0444123338908, "HITS@1m_new": 0.2313260779151351, "HITS@3m_new": 0.34505344316284026, "HITS@10m_new": 0.4780408257132367}