{"MRRm_new": 0.07540761557291845, "MRm_new": 868.8109592844963, "HITS@1m_new": 0.037844863229966726, "HITS@3m_new": 0.07733851700309897, "HITS@10m_new": 0.14464166681758361}