{"MRRm_new": 0.2596931640678499, "MRm_new": 2868.4029875029623, "HITS@1m_new": 0.19275984867349324, "HITS@3m_new": 0.2823619533319579, "HITS@10m_new": 0.3857417352075572}