{"MRRm_new": 0.09531651075978444, "MRm_new": 629.7294838603973, "HITS@1m_new": 0.05229562125322409, "HITS@3m_new": 0.09651547633192385, "HITS@10m_new": 0.17624637852474115}