{"MRRm_new": 0.1219433739522501, "MRm_new": 857.8929101653546, "HITS@1m_new": 0.06700856897079939, "HITS@3m_new": 0.1306577240970728, "HITS@10m_new": 0.2306618814595713}