{"MRRm_new": 0.28885367338220974, "MRm_new": 2726.937723870367, "HITS@1m_new": 0.2116045545199886, "HITS@3m_new": 0.3106700829147594, "HITS@10m_new": 0.4492028612880968}