{"MRRm_new": 0.18513667239810366, "MRm_new": 678.3187006206736, "HITS@1m_new": 0.1198491427930203, "HITS@3m_new": 0.20057041078487237, "HITS@10m_new": 0.31279020786713957}