{"MRRm_new": 0.18683446023200667, "MRm_new": 234.05218413164616, "HITS@1m_new": 0.11869317294233478, "HITS@3m_new": 0.19832723611942493, "HITS@10m_new": 0.3249368421414867}