{"MRRm_new": 0.19397933359239106, "MRm_new": 436.7223702980995, "HITS@1m_new": 0.13311936621429632, "HITS@3m_new": 0.20256803538100793, "HITS@10m_new": 0.31628524005301295}