{"MRRm_new": 0.14698060232633225, "MRm_new": 3096.248624476701, "HITS@1m_new": 0.096575707842072, "HITS@3m_new": 0.15463204216532175, "HITS@10m_new": 0.24205009048533976}