{"MRRm_new": 0.07036526517544699, "MRm_new": 920.6547273779154, "HITS@1m_new": 0.03519501752350479, "HITS@3m_new": 0.0709034916345845, "HITS@10m_new": 0.1347788763146382}