{"MRRm_new": 0.3747291555526713, "MRm_new": 1126.019569671631, "HITS@1m_new": 0.27330438198614865, "HITS@3m_new": 0.41503016374399887, "HITS@10m_new": 0.5796581589607522}