{"MRRm_new": 0.5036212111962777, "MRm_new": 292.320616545029, "HITS@1m_new": 0.4390336639545312, "HITS@3m_new": 0.5313144876027364, "HITS@10m_new": 0.6261429886138358}