{"MRRm_new": 0.3029559533814231, "MRm_new": 2611.366341105491, "HITS@1m_new": 0.2271834862045944, "HITS@3m_new": 0.3241054995001759, "HITS@10m_new": 0.46148368558846414}