{"MRRm_new": 0.12893928268804938, "MRm_new": 715.7288584224731, "HITS@1m_new": 0.07230394818002969, "HITS@3m_new": 0.13622999068183708, "HITS@10m_new": 0.24251878696233325}