{"MRRm_new": 0.2156705063305435, "MRm_new": 3512.352550713435, "HITS@1m_new": 0.16467477327735833, "HITS@3m_new": 0.23031162260302518, "HITS@10m_new": 0.3173703654739511}