{"MRRm_new": 0.09875683349593019, "MRm_new": 3705.733497500372, "HITS@1m_new": 0.058139481541235, "HITS@3m_new": 0.10405957144838758, "HITS@10m_new": 0.1792318581044674}