{"MRRm_new": 0.1485836028189351, "MRm_new": 3264.0181290453374, "HITS@1m_new": 0.09785557087702909, "HITS@3m_new": 0.15352339602918072, "HITS@10m_new": 0.24532366797493887}