{"MRRm_new": 0.29924578799102985, "MRm_new": 2670.5993940873445, "HITS@1m_new": 0.2197990047291387, "HITS@3m_new": 0.33278152390383187, "HITS@10m_new": 0.4588811712651514}