{"MRRm_new": 0.1418266754375354, "MRm_new": 3794.2721212678252, "HITS@1m_new": 0.08997213799483143, "HITS@3m_new": 0.1491048919831519, "HITS@10m_new": 0.24207192069993472}