{"MRRm_new": 0.17113466994949522, "MRm_new": 593.6929808057025, "HITS@1m_new": 0.10595125862963323, "HITS@3m_new": 0.18551432760099124, "HITS@10m_new": 0.3023691143432334}