{"MRRm_new": 0.19715050992329344, "MRm_new": 285.65616974987984, "HITS@1m_new": 0.1272764864800498, "HITS@3m_new": 0.20556691214694875, "HITS@10m_new": 0.3460073533341754}