{"MRRm_new": 0.14953459686234646, "MRm_new": 2248.075327728957, "HITS@1m_new": 0.0975243573532498, "HITS@3m_new": 0.1540023378166079, "HITS@10m_new": 0.2510118178530538}