{"MRRm_new": 0.30033842721373455, "MRm_new": 2189.051540052116, "HITS@1m_new": 0.22104914359305985, "HITS@3m_new": 0.3260321216810262, "HITS@10m_new": 0.46367256389965766}