{"MRRm_new": 0.07609461548645485, "MRm_new": 820.9670154075146, "HITS@1m_new": 0.03802370013805339, "HITS@3m_new": 0.07735117967061232, "HITS@10m_new": 0.14818362320145825}