{"MRRm_new": 0.1913544972556905, "MRm_new": 432.10697570827006, "HITS@1m_new": 0.12735637821427082, "HITS@3m_new": 0.2034762424854096, "HITS@10m_new": 0.31579387453184465}