{"MRRm_new": 0.25634273079107833, "MRm_new": 2887.9002817518412, "HITS@1m_new": 0.18602302444913948, "HITS@3m_new": 0.2772599491428846, "HITS@10m_new": 0.3897037519136793}