{"MRRm_new": 0.17501393462561918, "MRm_new": 3261.456159586996, "HITS@1m_new": 0.1170027691167852, "HITS@3m_new": 0.19264056123161571, "HITS@10m_new": 0.2935158224625629}