{"MRRm_new": 0.07754384642032965, "MRm_new": 762.9224757692338, "HITS@1m_new": 0.03711230880834046, "HITS@3m_new": 0.07819228980792686, "HITS@10m_new": 0.15396820503086783}