{"MRRm_new": 0.0707807187377548, "MRm_new": 957.6507514012814, "HITS@1m_new": 0.03426897492427379, "HITS@3m_new": 0.0717755638436065, "HITS@10m_new": 0.13794090426289476}