{"MRRm_new": 0.13603908793125039, "MRm_new": 2799.7498621852696, "HITS@1m_new": 0.08699599062965717, "HITS@3m_new": 0.13921534388529835, "HITS@10m_new": 0.22606982546520885}