{"MRRm_new": 0.2964123645948302, "MRm_new": 2898.794284237206, "HITS@1m_new": 0.2171112978158053, "HITS@3m_new": 0.3304386284293141, "HITS@10m_new": 0.45635612560785377}