{"MRRm_new": 0.1396973312460541, "MRm_new": 2510.8684857188164, "HITS@1m_new": 0.08948503836651799, "HITS@3m_new": 0.14531705095098005, "HITS@10m_new": 0.23217173867669771}