{"MRRm_new": 0.1617915356505191, "MRm_new": 914.9325208229274, "HITS@1m_new": 0.10664508612469945, "HITS@3m_new": 0.17495795022479796, "HITS@10m_new": 0.2667282360051031}