{"MRRm_new": 0.3121306649017897, "MRm_new": 1737.9733727152347, "HITS@1m_new": 0.22820492046885194, "HITS@3m_new": 0.3439655608570902, "HITS@10m_new": 0.4792589010412339}