{"MRRm_new": 0.17443300965554498, "MRm_new": 549.5088866942748, "HITS@1m_new": 0.10943631619866209, "HITS@3m_new": 0.1864040086963905, "HITS@10m_new": 0.3075261304402884}