{"MRRm_new": 0.06671679691607278, "MRm_new": 1027.2704282538891, "HITS@1m_new": 0.031983684690389785, "HITS@3m_new": 0.06658342062704033, "HITS@10m_new": 0.1296385962010012}