{"MRRm_new": 0.6891954357069126, "MRm_new": 151.76091195493936, "HITS@1m_new": 0.6325952452737401, "HITS@3m_new": 0.7196370430009555, "HITS@10m_new": 0.7958428366760781}