{"MRRm_new": 0.12937618944284987, "MRm_new": 689.16631318748, "HITS@1m_new": 0.07122759461756141, "HITS@3m_new": 0.13898035255859942, "HITS@10m_new": 0.24440973743452923}