{"MRRm_new": 0.08102360030628625, "MRm_new": 899.753377683568, "HITS@1m_new": 0.0451018216731376, "HITS@3m_new": 0.08345551757017383, "HITS@10m_new": 0.14567382494180928}