{"MRRm_new": 0.43815035575159345, "MRm_new": 108.55827877126634, "HITS@1m_new": 0.3304649494868645, "HITS@3m_new": 0.4937489848701807, "HITS@10m_new": 0.6462431493652402}