{"MRRm_new": 0.07080555713685753, "MRm_new": 929.4519193171025, "HITS@1m_new": 0.03477589076152071, "HITS@3m_new": 0.0718438677966944, "HITS@10m_new": 0.13752268693486694}