{"MRRm_new": 0.0012060267665042375, "MRm_new": 17466.20787978363, "HITS@1m_new": 0.0001470238119363785, "HITS@3m_new": 0.0001470238119363785, "HITS@10m_new": 0.000822498959954828}