{"MRRm_new": 0.6623833080049435, "MRm_new": 178.46166098743677, "HITS@1m_new": 0.6059383708439564, "HITS@3m_new": 0.6907482514241128, "HITS@10m_new": 0.7686383211411594}