{"MRRm_new": 0.07523896899070968, "MRm_new": 814.1858939636945, "HITS@1m_new": 0.03746592296252493, "HITS@3m_new": 0.07628671779012075, "HITS@10m_new": 0.14471342791296773}