{"MRRm_new": 0.3256796985539722, "MRm_new": 201.76966446341575, "HITS@1m_new": 0.23908795612485848, "HITS@3m_new": 0.35983548292072376, "HITS@10m_new": 0.4918573075534368}