{"MRRm_new": 0.6614257641462536, "MRm_new": 226.61232814376055, "HITS@1m_new": 0.6028188324775947, "HITS@3m_new": 0.6918459904526099, "HITS@10m_new": 0.7699919990116978}