{"MRRm_new": 0.1979197365734558, "MRm_new": 613.6235777153671, "HITS@1m_new": 0.11548020076891408, "HITS@3m_new": 0.2180649614025606, "HITS@10m_new": 0.36224101949715987}