{"MRRm_new": 0.3533947689199495, "MRm_new": 2996.8272449606657, "HITS@1m_new": 0.28774545022833625, "HITS@3m_new": 0.40433061463560444, "HITS@10m_new": 0.4586168397317815}