{"MRRm_new": 0.16435903307595146, "MRm_new": 520.631267360878, "HITS@1m_new": 0.09659930831603705, "HITS@3m_new": 0.17980478394748642, "HITS@10m_new": 0.29882599654579534}