{"MRRm_new": 0.19781032027517767, "MRm_new": 747.4192787128687, "HITS@1m_new": 0.11546960568090435, "HITS@3m_new": 0.2180858838512795, "HITS@10m_new": 0.3605249844954815}