{"MRRm_new": 0.18307181440417916, "MRm_new": 332.2092887417555, "HITS@1m_new": 0.11123410493058618, "HITS@3m_new": 0.19572936071585864, "HITS@10m_new": 0.32055674328568273}