{"MRRm_new": 0.14715500712805807, "MRm_new": 3055.9971854316295, "HITS@1m_new": 0.09663080057752085, "HITS@3m_new": 0.15500277182174613, "HITS@10m_new": 0.24288971270105686}