{"MRRm_new": 0.6537914370281597, "MRm_new": 184.9739385139346, "HITS@1m_new": 0.6011275945053094, "HITS@3m_new": 0.6780660505136984, "HITS@10m_new": 0.7533489083347449}