{"MRRm_new": 0.42886740440438736, "MRm_new": 251.64819310078025, "HITS@1m_new": 0.33902941026867484, "HITS@3m_new": 0.4662335385538172, "HITS@10m_new": 0.6051126422343223}