{"MRRm_new": 0.27310523268462294, "MRm_new": 596.9796638897956, "HITS@1m_new": 0.21403868885986593, "HITS@3m_new": 0.2900737517822345, "HITS@10m_new": 0.38601683042442164}