{"MRRm_new": 0.08544378775786463, "MRm_new": 926.3853843138933, "HITS@1m_new": 0.049700877706473696, "HITS@3m_new": 0.08516620487996843, "HITS@10m_new": 0.15137297277075704}