{"MRRm_new": 0.7015421792208862, "MRm_new": 164.1181731441021, "HITS@1m_new": 0.6403585834315308, "HITS@3m_new": 0.7361902502838166, "HITS@10m_new": 0.8163441122365476}