{"MRRm_new": 0.19921103513567687, "MRm_new": 485.2620422432497, "HITS@1m_new": 0.12764703438696598, "HITS@3m_new": 0.21750852588346606, "HITS@10m_new": 0.34206070324102256}