{"MRRm_new": 0.2490988105647366, "MRm_new": 833.5768098115772, "HITS@1m_new": 0.19230166963561715, "HITS@3m_new": 0.2661688240151416, "HITS@10m_new": 0.3585573132844402}