{"MRRm_new": 0.08595915138556011, "MRm_new": 857.370328444004, "HITS@1m_new": 0.04992553708559135, "HITS@3m_new": 0.08770302109385375, "HITS@10m_new": 0.14915624313033185}