{"MRRm_new": 0.33845968833902407, "MRm_new": 523.3216334880218, "HITS@1m_new": 0.2801771595344144, "HITS@3m_new": 0.35701251630183833, "HITS@10m_new": 0.4486823609333587}