{"MRRm_new": 0.7208719208401244, "MRm_new": 133.1771048372984, "HITS@1m_new": 0.664793220183099, "HITS@3m_new": 0.7516910560678589, "HITS@10m_new": 0.8264766107515897}