{"MRRm_new": 0.07169015274508857, "MRm_new": 930.4392850686312, "HITS@1m_new": 0.03438589715855196, "HITS@3m_new": 0.07322091953350464, "HITS@10m_new": 0.14032086084382608}