{"MRRm_new": 0.19075682276820588, "MRm_new": 320.3050101479769, "HITS@1m_new": 0.12305986252852599, "HITS@3m_new": 0.19974618916335748, "HITS@10m_new": 0.3310193848110444}