{"MRRm_new": 0.47681076703380315, "MRm_new": 262.34576186392457, "HITS@1m_new": 0.41437514636947526, "HITS@3m_new": 0.4996737348397146, "HITS@10m_new": 0.595615524523193}