{"MRRm_new": 0.31475940970669897, "MRm_new": 2166.4055678230525, "HITS@1m_new": 0.2332926758422982, "HITS@3m_new": 0.3475980477303965, "HITS@10m_new": 0.475209213652648}