{"MRRm_new": 0.18863882348155311, "MRm_new": 487.6082871952772, "HITS@1m_new": 0.12630582394830417, "HITS@3m_new": 0.20083667333531194, "HITS@10m_new": 0.3109848994998261}