{"MRRm_new": 0.102424716414469, "MRm_new": 573.387929380846, "HITS@1m_new": 0.05823478493387811, "HITS@3m_new": 0.10266676116595044, "HITS@10m_new": 0.18633317886133446}