{"MRRm_new": 0.1967863891557965, "MRm_new": 225.26129877951146, "HITS@1m_new": 0.1306234298601281, "HITS@3m_new": 0.20979793689372017, "HITS@10m_new": 0.32293064050087705}