{"MRRm_new": 0.10099280963786005, "MRm_new": 621.3317130222797, "HITS@1m_new": 0.057302060332894325, "HITS@3m_new": 0.10164147136248648, "HITS@10m_new": 0.1853161092419643}