{"MRRm_new": 0.3090407874476591, "MRm_new": 2108.851999054253, "HITS@1m_new": 0.22544134348281658, "HITS@3m_new": 0.3419708689075196, "HITS@10m_new": 0.4733015117538162}