{"MRRm_new": 0.07309553155898757, "MRm_new": 894.6931565895795, "HITS@1m_new": 0.03645494418214075, "HITS@3m_new": 0.07276561925887363, "HITS@10m_new": 0.14005984172333263}