{"MRRm_new": 0.18055779501860525, "MRm_new": 376.21206939867733, "HITS@1m_new": 0.11513396305724163, "HITS@3m_new": 0.1866176807394717, "HITS@10m_new": 0.3201472185520921}