{"MRRm_new": 0.0012135573181599284, "MRm_new": 17450.48923122406, "HITS@1m_new": 0.0001470238119363785, "HITS@3m_new": 0.0001470238119363785, "HITS@10m_new": 0.000822498959954828}