{"MRRm_new": 0.14499176255126076, "MRm_new": 2921.7708371022045, "HITS@1m_new": 0.09390096422308125, "HITS@3m_new": 0.1528304084862757, "HITS@10m_new": 0.23977711205111701}