{"MRRm_new": 0.1069554716139959, "MRm_new": 3763.489111653924, "HITS@1m_new": 0.06420857513137161, "HITS@3m_new": 0.11153870212817564, "HITS@10m_new": 0.19312675254098138}