{"MRRm_new": 0.13937556597435197, "MRm_new": 3673.700717808634, "HITS@1m_new": 0.09041656433022581, "HITS@3m_new": 0.14579733552434482, "HITS@10m_new": 0.2373566889391659}