{"MRRm_new": 0.6685537033497231, "MRm_new": 220.56611287553608, "HITS@1m_new": 0.6102351151073053, "HITS@3m_new": 0.6990384441090719, "HITS@10m_new": 0.7765216770798216}