{"MRRm_new": 0.12328396302638285, "MRm_new": 580.2776090022087, "HITS@1m_new": 0.074971628568694, "HITS@3m_new": 0.12861890259195935, "HITS@10m_new": 0.2149363250976894}