{"MRRm_new": 0.30543013174200134, "MRm_new": 831.6209563354627, "HITS@1m_new": 0.24913846111535168, "HITS@3m_new": 0.32611688079300805, "HITS@10m_new": 0.41141907600728517}