{"MRRm_new": 0.2996850832762079, "MRm_new": 2607.122979317725, "HITS@1m_new": 0.2194520190723706, "HITS@3m_new": 0.33387505991896615, "HITS@10m_new": 0.4609651432763785}