{"MRRm_new": 0.12252806261275401, "MRm_new": 582.8397546504498, "HITS@1m_new": 0.07491861446206458, "HITS@3m_new": 0.12635852434347616, "HITS@10m_new": 0.21261167700086953}