{"MRRm_new": 0.1902985307999217, "MRm_new": 355.65198810913563, "HITS@1m_new": 0.12443330899869906, "HITS@3m_new": 0.1976877220703638, "HITS@10m_new": 0.32800848818111117}