{"MRRm_new": 0.1642304122953079, "MRm_new": 282.63650486996175, "HITS@1m_new": 0.1033194542937912, "HITS@3m_new": 0.17258991023749112, "HITS@10m_new": 0.2879374569516629}