{"MRRm_new": 0.0018033387767172825, "MRm_new": 17300.167288634777, "HITS@1m_new": 0.00041520947869867086, "HITS@3m_new": 0.0004707650365307927, "HITS@10m_new": 0.0014307746742852033}