{"MRRm_new": 0.18548592886576662, "MRm_new": 431.5977676205397, "HITS@1m_new": 0.12273503669072525, "HITS@3m_new": 0.1974264334491687, "HITS@10m_new": 0.30836159662997814}