{"MRRm_new": 0.27858045922598285, "MRm_new": 548.5826061885506, "HITS@1m_new": 0.21850443885639106, "HITS@3m_new": 0.2963657786444055, "HITS@10m_new": 0.39220155778471233}