{"MRRm_new": 0.11774860591834295, "MRm_new": 643.4830151631594, "HITS@1m_new": 0.07067240888843081, "HITS@3m_new": 0.12024819468191708, "HITS@10m_new": 0.21018984808842653}