{"MRRm_new": 0.21991615485721558, "MRm_new": 3303.1491399911642, "HITS@1m_new": 0.17143367200531065, "HITS@3m_new": 0.23440757779569685, "HITS@10m_new": 0.3149043948410981}