{"MRRm_new": 0.07464758762099082, "MRm_new": 850.4909770564794, "HITS@1m_new": 0.03755055145402439, "HITS@3m_new": 0.07349317525186343, "HITS@10m_new": 0.14495240051072325}