{"MRRm_new": 0.12724965026328208, "MRm_new": 753.0300612899363, "HITS@1m_new": 0.07043786714273301, "HITS@3m_new": 0.136615699574053, "HITS@10m_new": 0.23908718150701316}