{"MRRm_new": 0.002899569405397051, "MRm_new": 5146.678572610856, "HITS@1m_new": 0.00011378996171988547, "HITS@3m_new": 0.0010126905024284497, "HITS@10m_new": 0.005656791143864393}