{"MRRm_new": 0.22701665847151017, "MRm_new": 508.58614064600465, "HITS@1m_new": 0.1527232182096457, "HITS@3m_new": 0.24399433769979514, "HITS@10m_new": 0.37598478535311297}