{"MRRm_new": 0.2936027390081454, "MRm_new": 404.01845610792935, "HITS@1m_new": 0.20997772656360758, "HITS@3m_new": 0.3232722042608075, "HITS@10m_new": 0.46038144071854187}