{"MRRm_new": 0.1501283011493302, "MRm_new": 2753.3397436919927, "HITS@1m_new": 0.0893236622709781, "HITS@3m_new": 0.17306115809050387, "HITS@10m_new": 0.27396180105619133}