{"MRRm_new": 0.3111775847030658, "MRm_new": 1801.4896299861073, "HITS@1m_new": 0.22813336177542806, "HITS@3m_new": 0.3428742512363242, "HITS@10m_new": 0.4762839201854076}