{"MRRm_new": 0.23418960067208536, "MRm_new": 230.41947351498604, "HITS@1m_new": 0.14656520391767844, "HITS@3m_new": 0.24794304826613517, "HITS@10m_new": 0.43017123356456866}