{"MRRm_new": 0.1990137388323392, "MRm_new": 458.702615461953, "HITS@1m_new": 0.12895635594507984, "HITS@3m_new": 0.2140218448744854, "HITS@10m_new": 0.33804752258786175}