{"MRRm_new": 0.2755375264531058, "MRm_new": 2350.998139760107, "HITS@1m_new": 0.2019493430579314, "HITS@3m_new": 0.30023825550585753, "HITS@10m_new": 0.4175872998359555}