{"MRRm_new": 0.10974088220563426, "MRm_new": 3901.2705852871654, "HITS@1m_new": 0.06636114228926598, "HITS@3m_new": 0.1169315648030024, "HITS@10m_new": 0.19421034080926328}