{"MRRm_new": 0.7078230331587211, "MRm_new": 157.4853765413463, "HITS@1m_new": 0.6469241212269553, "HITS@3m_new": 0.7425848078455419, "HITS@10m_new": 0.8215425788087596}