{"MRRm_new": 0.17108216439937315, "MRm_new": 2314.3298760620355, "HITS@1m_new": 0.12069907511306519, "HITS@3m_new": 0.18416340502556705, "HITS@10m_new": 0.27446440726597937}