{"MRRm_new": 0.0040703076973499265, "MRm_new": 5156.323150488663, "HITS@1m_new": 0.0010307247849181294, "HITS@3m_new": 0.002922044272394851, "HITS@10m_new": 0.0070885319804307075}