{"MRRm_new": 0.0905067569280941, "MRm_new": 16041.422412873984, "HITS@1m_new": 0.058477552926866336, "HITS@3m_new": 0.09604430681979284, "HITS@10m_new": 0.15079343696683645}