{"MRRm_new": 0.06740522295419506, "MRm_new": 1014.6637635198116, "HITS@1m_new": 0.03260466529396363, "HITS@3m_new": 0.06768631285949378, "HITS@10m_new": 0.1301862529924256}