{"MRRm_new": 0.3727756434317812, "MRm_new": 783.9990510008336, "HITS@1m_new": 0.26636091179260984, "HITS@3m_new": 0.41448634179786314, "HITS@10m_new": 0.5838231695136056}