{"MRRm_new": 0.3892529985922256, "MRm_new": 347.52024649202826, "HITS@1m_new": 0.31972646456628717, "HITS@3m_new": 0.4139814133193286, "HITS@10m_new": 0.523575984147421}