{"MRRm_new": 0.49203132375946096, "MRm_new": 215.74068950863182, "HITS@1m_new": 0.3847430024993955, "HITS@3m_new": 0.5493680701748562, "HITS@10m_new": 0.7062642971093992}