{"MRRm_new": 0.2510790815255663, "MRm_new": 344.5036040024042, "HITS@1m_new": 0.17505731131552021, "HITS@3m_new": 0.2689472290708218, "HITS@10m_new": 0.4065110734199174}