{"MRRm_new": 0.1680139885456765, "MRm_new": 3109.2716246389896, "HITS@1m_new": 0.11039885114633943, "HITS@3m_new": 0.1848235873033118, "HITS@10m_new": 0.2874313865298536}