{"MRRm_new": 0.13610536314679758, "MRm_new": 4220.870677652806, "HITS@1m_new": 0.08744778853659227, "HITS@3m_new": 0.14153470060972903, "HITS@10m_new": 0.2267260474324139}