{"MRRm_new": 0.14350862359357597, "MRm_new": 2301.0173941612543, "HITS@1m_new": 0.08926936676903278, "HITS@3m_new": 0.15425157180146926, "HITS@10m_new": 0.2547476865179196}