{"MRRm_new": 0.5111349533720267, "MRm_new": 169.5435822135359, "HITS@1m_new": 0.4018550822405414, "HITS@3m_new": 0.569703900610275, "HITS@10m_new": 0.7273571220027661}