{"MRRm_new": 0.14027549513711393, "MRm_new": 2731.10786736235, "HITS@1m_new": 0.09073139551503118, "HITS@3m_new": 0.14344474663567963, "HITS@10m_new": 0.22983099322847556}