{"MRRm_new": 0.17744495651574652, "MRm_new": 3568.7176423590035, "HITS@1m_new": 0.11842509366257582, "HITS@3m_new": 0.19537522691066989, "HITS@10m_new": 0.2967977579307626}