{"MRRm_new": 0.1183658399627573, "MRm_new": 639.8595782455683, "HITS@1m_new": 0.07089869128445862, "HITS@3m_new": 0.12087515465563047, "HITS@10m_new": 0.21188022328582592}