{"MRRm_new": 0.38925713306324816, "MRm_new": 329.7613419925943, "HITS@1m_new": 0.3030811558700225, "HITS@3m_new": 0.4251288176853886, "HITS@10m_new": 0.5578318132819695}