{"MRRm_new": 0.0870007512704964, "MRm_new": 907.1088421938896, "HITS@1m_new": 0.051533389468374664, "HITS@3m_new": 0.08568739150596084, "HITS@10m_new": 0.15482383657707832}