{"MRRm_new": 0.10527201892669255, "MRm_new": 3697.3673044060706, "HITS@1m_new": 0.061849954368080946, "HITS@3m_new": 0.11117044320139102, "HITS@10m_new": 0.18998092373679393}