{"MRRm_new": 0.16263006850814055, "MRm_new": 1084.7758142632097, "HITS@1m_new": 0.11024190139667916, "HITS@3m_new": 0.17526643577617143, "HITS@10m_new": 0.26269737672206245}