{"MRRm_new": 0.1733484703314052, "MRm_new": 519.8688782216683, "HITS@1m_new": 0.10769379722279336, "HITS@3m_new": 0.18777486886479164, "HITS@10m_new": 0.30451325641742005}