{"MRRm_new": 0.09268039254125907, "MRm_new": 754.9394947392464, "HITS@1m_new": 0.04855538734520087, "HITS@3m_new": 0.09568179421594832, "HITS@10m_new": 0.17147844240912236}