{"MRRm_new": 0.3148965868002447, "MRm_new": 2194.57879922384, "HITS@1m_new": 0.23168211146094836, "HITS@3m_new": 0.3486984661957249, "HITS@10m_new": 0.48881997202616184}