{"MRRm_new": 0.19557912093630148, "MRm_new": 406.8780633698225, "HITS@1m_new": 0.12988712867550783, "HITS@3m_new": 0.21083578670131975, "HITS@10m_new": 0.3204886907430831}