{"MRRm_new": 0.1769978643426366, "MRm_new": 485.8064393518791, "HITS@1m_new": 0.11047592965472358, "HITS@3m_new": 0.19084914439216663, "HITS@10m_new": 0.31021652203583655}