{"MRRm_new": 0.08068524090451683, "MRm_new": 970.8091924352408, "HITS@1m_new": 0.046579840908269395, "HITS@3m_new": 0.0811905816282262, "HITS@10m_new": 0.14411480213508476}