{"MRRm_new": 0.07291809429919086, "MRm_new": 851.7594917733669, "HITS@1m_new": 0.036210591069969815, "HITS@3m_new": 0.07446518459486542, "HITS@10m_new": 0.13838970002041898}