{"MRRm_new": 0.29916848617365394, "MRm_new": 440.2711651196778, "HITS@1m_new": 0.22014440590863887, "HITS@3m_new": 0.32700071673792264, "HITS@10m_new": 0.45677233207460816}