{"MRRm_new": 0.0029430043492728146, "MRm_new": 5127.796353314781, "HITS@1m_new": 0.00010790760875679552, "HITS@3m_new": 0.0010783353404374793, "HITS@10m_new": 0.005529550318233669}