{"MRRm_new": 0.12354304249239066, "MRm_new": 823.3502851947248, "HITS@1m_new": 0.06791634007982066, "HITS@3m_new": 0.1317451775223235, "HITS@10m_new": 0.23389967576683557}