{"MRRm_new": 0.18450009121225686, "MRm_new": 692.8409911932349, "HITS@1m_new": 0.12464497010740888, "HITS@3m_new": 0.19824559802794464, "HITS@10m_new": 0.2982997424016212}