{"MRRm_new": 0.002903177572207642, "MRm_new": 5134.72453284359, "HITS@1m_new": 0.00021378996171988546, "HITS@3m_new": 0.0010414914531866088, "HITS@10m_new": 0.005427547242026776}