{"MRRm_new": 0.0669894300359636, "MRm_new": 1017.0279372282505, "HITS@1m_new": 0.03227064289464615, "HITS@3m_new": 0.0670981116564828, "HITS@10m_new": 0.13028367392845686}