{"MRRm_new": 0.15334378946415972, "MRm_new": 4298.662638358414, "HITS@1m_new": 0.10267074205294194, "HITS@3m_new": 0.16152134671524981, "HITS@10m_new": 0.2513784455856512}