{"MRRm_new": 0.0033610527157070464, "MRm_new": 5200.7722391702655, "HITS@1m_new": 0.000603906962275505, "HITS@3m_new": 0.0023149020256940274, "HITS@10m_new": 0.005669004886830226}