{"MRRm_new": 0.0853924329350175, "MRm_new": 16603.861004942537, "HITS@1m_new": 0.05047466824960429, "HITS@3m_new": 0.09159593488706741, "HITS@10m_new": 0.15881090800545644}