{"MRRm_new": 0.5372266177604706, "MRm_new": 207.2381551715061, "HITS@1m_new": 0.4717971470427292, "HITS@3m_new": 0.5659671682774496, "HITS@10m_new": 0.6612035611958418}