{"MRRm_new": 0.13269597782605297, "MRm_new": 4399.583144516826, "HITS@1m_new": 0.08475472302024718, "HITS@3m_new": 0.13744106709239715, "HITS@10m_new": 0.22429932925531465}