{"MRRm_new": 0.29492865859110773, "MRm_new": 383.76350153260677, "HITS@1m_new": 0.21080657593498472, "HITS@3m_new": 0.32485144036714336, "HITS@10m_new": 0.4662727260980173}