{"MRRm_new": 0.17882656101159408, "MRm_new": 760.8343308282792, "HITS@1m_new": 0.12126227630604262, "HITS@3m_new": 0.1916620276774738, "HITS@10m_new": 0.2879865734198684}