{"MRRm_new": 0.17804123608584776, "MRm_new": 2749.751051391673, "HITS@1m_new": 0.12613772342409937, "HITS@3m_new": 0.19686132171191276, "HITS@10m_new": 0.283492712222971}