{"MRRm_new": 0.26361685019142306, "MRm_new": 2914.2863254007398, "HITS@1m_new": 0.1931180605206755, "HITS@3m_new": 0.2848869354955386, "HITS@10m_new": 0.4005384454537125}