{"MRRm_new": 0.19699125655039096, "MRm_new": 282.4127113340139, "HITS@1m_new": 0.12691171597479842, "HITS@3m_new": 0.20515936843670207, "HITS@10m_new": 0.34507719134056825}