{"MRRm_new": 0.3595038648098507, "MRm_new": 413.5451787018478, "HITS@1m_new": 0.29393936648304225, "HITS@3m_new": 0.38308900621914654, "HITS@10m_new": 0.4837339662703307}