{"MRRm_new": 0.004137972626673581, "MRm_new": 5171.69403635025, "HITS@1m_new": 0.0012393540860619395, "HITS@3m_new": 0.002875128016481176, "HITS@10m_new": 0.00743693092931062}