{"MRRm_new": 0.30329365181122236, "MRm_new": 2309.436523579806, "HITS@1m_new": 0.22446151271194686, "HITS@3m_new": 0.3248606108541135, "HITS@10m_new": 0.47247754669160347}