{"MRRm_new": 0.0029027260945134912, "MRm_new": 5147.763271759414, "HITS@1m_new": 0.00011378996171988547, "HITS@3m_new": 0.0010126905024284497, "HITS@10m_new": 0.005745848300680518}