{"MRRm_new": 0.14225630703769274, "MRm_new": 4192.745184805155, "HITS@1m_new": 0.09297980062958959, "HITS@3m_new": 0.1466714999376127, "HITS@10m_new": 0.23539291998225964}