{"MRRm_new": 0.08006328683875326, "MRm_new": 949.5889111127376, "HITS@1m_new": 0.04453112406603759, "HITS@3m_new": 0.08164498763520969, "HITS@10m_new": 0.14352293672438246}