{"MRRm_new": 0.33418937707705026, "MRm_new": 3492.4214868122785, "HITS@1m_new": 0.26540825990180017, "HITS@3m_new": 0.38866869443887847, "HITS@10m_new": 0.44529357729278857}