{"MRRm_new": 0.2075015495138112, "MRm_new": 365.79829894435403, "HITS@1m_new": 0.1402771443955251, "HITS@3m_new": 0.2208472704986576, "HITS@10m_new": 0.3423007985260803}