{"MRRm_new": 0.09436626666279335, "MRm_new": 634.3182606230259, "HITS@1m_new": 0.04945485867785755, "HITS@3m_new": 0.0975582052661106, "HITS@10m_new": 0.17480347372025717}