{"MRRm_new": 0.18771115996244916, "MRm_new": 456.5417420510292, "HITS@1m_new": 0.1241352698899922, "HITS@3m_new": 0.1973158272564644, "HITS@10m_new": 0.31330907776323147}