{"MRRm_new": 0.31637774809347774, "MRm_new": 2070.211439999908, "HITS@1m_new": 0.23660842427174794, "HITS@3m_new": 0.34579164697602394, "HITS@10m_new": 0.4728756299978122}