{"MRRm_new": 0.29914397563055356, "MRm_new": 2299.1981472727657, "HITS@1m_new": 0.22015735302795655, "HITS@3m_new": 0.3239157220890047, "HITS@10m_new": 0.4628193362768507}