{"MRRm_new": 0.2295574785226316, "MRm_new": 271.4102714666843, "HITS@1m_new": 0.14350327973337845, "HITS@3m_new": 0.24378328360980375, "HITS@10m_new": 0.4227469312334899}