{"MRRm_new": 0.13672217448427954, "MRm_new": 2754.2747910538615, "HITS@1m_new": 0.08772276115423301, "HITS@3m_new": 0.1395058486831258, "HITS@10m_new": 0.2267360912877484}