{"MRRm_new": 0.5102281743856629, "MRm_new": 163.71518570284545, "HITS@1m_new": 0.4000783988367475, "HITS@3m_new": 0.5684867337813521, "HITS@10m_new": 0.727855480222861}