{"MRRm_new": 0.19990738050897197, "MRm_new": 433.28004152839185, "HITS@1m_new": 0.13514445554715349, "HITS@3m_new": 0.21101313785983947, "HITS@10m_new": 0.33192638762807475}