{"MRRm_new": 0.10149989253241574, "MRm_new": 16757.780642535985, "HITS@1m_new": 0.06167324244056362, "HITS@3m_new": 0.11100211783166741, "HITS@10m_new": 0.18130310890998225}