{"MRRm_new": 0.2753915470745715, "MRm_new": 2784.2224460116327, "HITS@1m_new": 0.20239130050392123, "HITS@3m_new": 0.29962090712224015, "HITS@10m_new": 0.4193748902392399}