{"MRRm_new": 0.06709477125924168, "MRm_new": 1005.9491911759853, "HITS@1m_new": 0.03184886160078459, "HITS@3m_new": 0.06726654415357625, "HITS@10m_new": 0.13083527769433567}