{"MRRm_new": 0.07674403465047654, "MRm_new": 803.9522754040241, "HITS@1m_new": 0.038742835953924804, "HITS@3m_new": 0.0774887089598109, "HITS@10m_new": 0.14776744837026345}