{"MRRm_new": 0.1928032357784832, "MRm_new": 441.7273395965099, "HITS@1m_new": 0.12855382588460343, "HITS@3m_new": 0.208068817298254, "HITS@10m_new": 0.3167879051181255}