{"MRRm_new": 0.13459343835422077, "MRm_new": 634.4399620927721, "HITS@1m_new": 0.07534574742215046, "HITS@3m_new": 0.14260179798241007, "HITS@10m_new": 0.2540621276403399}