{"MRRm_new": 0.18374449662909756, "MRm_new": 321.02269171242716, "HITS@1m_new": 0.11387138241608045, "HITS@3m_new": 0.19970183828215812, "HITS@10m_new": 0.32338733240516737}