{"MRRm_new": 0.18552228623472547, "MRm_new": 692.7319281575382, "HITS@1m_new": 0.1254828951993186, "HITS@3m_new": 0.19937765776921515, "HITS@10m_new": 0.2993318772933999}