{"MRRm_new": 0.16114695218000816, "MRm_new": 942.8564386345148, "HITS@1m_new": 0.10663995223226085, "HITS@3m_new": 0.17406565244660668, "HITS@10m_new": 0.2654493341542402}