{"MRRm_new": 0.29968740068230726, "MRm_new": 2991.012964138061, "HITS@1m_new": 0.22732865699235116, "HITS@3m_new": 0.3273247430319898, "HITS@10m_new": 0.43569618169934254}