{"MRRm_new": 0.2931704762898316, "MRm_new": 2300.325035052806, "HITS@1m_new": 0.21433820024435407, "HITS@3m_new": 0.31594256981147917, "HITS@10m_new": 0.453064560955856}