{"MRRm_new": 0.5085663721699375, "MRm_new": 249.3288724227026, "HITS@1m_new": 0.44548089217569214, "HITS@3m_new": 0.534718595635859, "HITS@10m_new": 0.6272474576501845}