{"MRRm_new": 0.14782242174358362, "MRm_new": 2869.261471142143, "HITS@1m_new": 0.09750274461312801, "HITS@3m_new": 0.1535632712553488, "HITS@10m_new": 0.24332620843706537}