{"MRRm_new": 0.10141497213097027, "MRm_new": 628.5621462320804, "HITS@1m_new": 0.05823212226526812, "HITS@3m_new": 0.10140581109781051, "HITS@10m_new": 0.18491757698992733}