{"MRRm_new": 0.18244366901864306, "MRm_new": 3386.5749758969246, "HITS@1m_new": 0.1244462000404601, "HITS@3m_new": 0.20171880778792547, "HITS@10m_new": 0.3011565328646539}