{"MRRm_new": 0.26818492002607763, "MRm_new": 2927.3983537656663, "HITS@1m_new": 0.20029536464286501, "HITS@3m_new": 0.290644058333477, "HITS@10m_new": 0.3953428281005181}