{"MRRm_new": 0.24976769295030826, "MRm_new": 382.88561291985513, "HITS@1m_new": 0.17408976767007261, "HITS@3m_new": 0.26770007000332696, "HITS@10m_new": 0.402875025780499}