{"MRRm_new": 0.43675951439302574, "MRm_new": 109.83669392417372, "HITS@1m_new": 0.32930843482131605, "HITS@3m_new": 0.48909746660114617, "HITS@10m_new": 0.6448799358687247}