{"MRRm_new": 0.2295434909086791, "MRm_new": 279.3277455986977, "HITS@1m_new": 0.14255728547216276, "HITS@3m_new": 0.2436967810447968, "HITS@10m_new": 0.4225090646573808}