{"MRRm_new": 0.004571656507982698, "MRm_new": 5123.337492815494, "HITS@1m_new": 0.0013676749101374298, "HITS@3m_new": 0.0034335627720691263, "HITS@10m_new": 0.007876959050772712}