{"MRRm_new": 0.17857296352695812, "MRm_new": 3333.4244074495286, "HITS@1m_new": 0.12198581216414459, "HITS@3m_new": 0.19451409123255872, "HITS@10m_new": 0.29464963334662025}