{"MRRm_new": 0.1392262992938154, "MRm_new": 2159.3047232281565, "HITS@1m_new": 0.08826673456418212, "HITS@3m_new": 0.14272375641053076, "HITS@10m_new": 0.23367001746821917}