{"MRRm_new": 0.2290418597598009, "MRm_new": 3628.1289839505553, "HITS@1m_new": 0.1816504225323515, "HITS@3m_new": 0.24500877378569566, "HITS@10m_new": 0.3227087172178144}