{"MRRm_new": 0.467756745186437, "MRm_new": 230.40096109206974, "HITS@1m_new": 0.36595319058561654, "HITS@3m_new": 0.5161016796016774, "HITS@10m_new": 0.6741060158525943}