{"MRRm_new": 0.15933412192380275, "MRm_new": 972.9544481973425, "HITS@1m_new": 0.10492493644511705, "HITS@3m_new": 0.17286900652147597, "HITS@10m_new": 0.2632721403123287}