{"MRRm_new": 0.10359371539232379, "MRm_new": 3622.068090298486, "HITS@1m_new": 0.060969040101068094, "HITS@3m_new": 0.1080107909297105, "HITS@10m_new": 0.18592532693552785}