{"MRRm_new": 0.0012063572869319614, "MRm_new": 17476.569492393493, "HITS@1m_new": 0.0001470238119363785, "HITS@3m_new": 0.0001470238119363785, "HITS@10m_new": 0.000822498959954828}