{"MRRm_new": 0.003007386412010237, "MRm_new": 5132.447939602661, "HITS@1m_new": 0.0004773316303733736, "HITS@3m_new": 0.0014703788135433569, "HITS@10m_new": 0.004640991665702313}