{"MRRm_new": 0.10903401637186762, "MRm_new": 3812.5473517089126, "HITS@1m_new": 0.06597854057494551, "HITS@3m_new": 0.11428082684245892, "HITS@10m_new": 0.1946281758592464}