{"MRRm_new": 0.15572891098603076, "MRm_new": 3488.4732821813227, "HITS@1m_new": 0.10425618392866454, "HITS@3m_new": 0.16358042789966568, "HITS@10m_new": 0.25635121060025995}