{"MRRm_new": 0.003823456236254424, "MRm_new": 5162.246867637253, "HITS@1m_new": 0.0010144347499124705, "HITS@3m_new": 0.0024330518170725553, "HITS@10m_new": 0.006717388725746423}