{"MRRm_new": 0.14390136219090255, "MRm_new": 2391.5174590074716, "HITS@1m_new": 0.09360603355499916, "HITS@3m_new": 0.14903352413894028, "HITS@10m_new": 0.23521398038009647}