{"MRRm_new": 0.14940025808521795, "MRm_new": 3270.2603863359986, "HITS@1m_new": 0.09880356624937849, "HITS@3m_new": 0.15752013811882354, "HITS@10m_new": 0.24443192724481924}