{"MRRm_new": 0.12185747821662517, "MRm_new": 635.6130638665915, "HITS@1m_new": 0.07290890054223127, "HITS@3m_new": 0.12816783557378802, "HITS@10m_new": 0.21352992614835967}