{"MRRm_new": 0.09698768747194263, "MRm_new": 3464.1543548886775, "HITS@1m_new": 0.05592019172613509, "HITS@3m_new": 0.10217617428405211, "HITS@10m_new": 0.17656034164931625}