{"MRRm_new": 0.00153617445864802, "MRm_new": 5496.781806384295, "HITS@1m_new": 0.00011464339753729291, "HITS@3m_new": 0.00027763880768907255, "HITS@10m_new": 0.0027226372146760694}