{"MRRm_new": 0.0906817188957607, "MRm_new": 16755.236839658915, "HITS@1m_new": 0.05632767097261967, "HITS@3m_new": 0.09585422197968001, "HITS@10m_new": 0.16272916561597958}