{"MRRm_new": 0.07769029160987993, "MRm_new": 789.010137312746, "HITS@1m_new": 0.03679043091908679, "HITS@3m_new": 0.07885474746384426, "HITS@10m_new": 0.15390707017108798}