{"MRRm_new": 0.31660436887701643, "MRm_new": 1941.9897571197153, "HITS@1m_new": 0.23438823907240294, "HITS@3m_new": 0.35026038784522096, "HITS@10m_new": 0.4784490200926084}