{"MRRm_new": 0.42468212208122985, "MRm_new": 262.4262779737711, "HITS@1m_new": 0.3353764925065043, "HITS@3m_new": 0.462279769612418, "HITS@10m_new": 0.599291783375651}