{"MRRm_new": 0.2505176016492216, "MRm_new": 366.7254065378666, "HITS@1m_new": 0.1737757485843613, "HITS@3m_new": 0.2691479865468107, "HITS@10m_new": 0.40701416581375527}