{"MRRm_new": 0.5198033252713012, "MRm_new": 105.75280151458085, "HITS@1m_new": 0.42720402784370526, "HITS@3m_new": 0.5645080397635611, "HITS@10m_new": 0.6990569612028193}