{"MRRm_new": 0.08643757142861577, "MRm_new": 633.2963629218101, "HITS@1m_new": 0.04451106396489195, "HITS@3m_new": 0.08552397797607118, "HITS@10m_new": 0.1661585896722041}