{"MRRm_new": 0.17556218002977256, "MRm_new": 354.4913611839294, "HITS@1m_new": 0.10422090720045962, "HITS@3m_new": 0.18812922833339543, "HITS@10m_new": 0.3143805077752564}