{"MRRm_new": 0.2377999057431647, "MRm_new": 235.19051262352465, "HITS@1m_new": 0.15347299344467466, "HITS@3m_new": 0.25474453131221236, "HITS@10m_new": 0.41280549460519106}