{"MRRm_new": 0.1214697738944642, "MRm_new": 866.0262098254859, "HITS@1m_new": 0.06693837454300228, "HITS@3m_new": 0.12975943508770432, "HITS@10m_new": 0.2293012000717863}