{"MRRm_new": 0.0861688527590988, "MRm_new": 627.135684948039, "HITS@1m_new": 0.04549917197469622, "HITS@3m_new": 0.0857396992051159, "HITS@10m_new": 0.1635425761963823}