{"MRRm_new": 0.0016365491314936662, "MRm_new": 17333.03000535965, "HITS@1m_new": 0.0003874317007139325, "HITS@3m_new": 0.0003874317007139325, "HITS@10m_new": 0.0009823519322089851}