{"MRRm_new": 0.48547908755498703, "MRm_new": 224.72472601422666, "HITS@1m_new": 0.37983746125857576, "HITS@3m_new": 0.5414740944306577, "HITS@10m_new": 0.6974365611100329}