{"MRRm_new": 0.10105265098648523, "MRm_new": 641.1333213781595, "HITS@1m_new": 0.057953601736854765, "HITS@3m_new": 0.10069796337900916, "HITS@10m_new": 0.1854551254364429}