{"MRRm_new": 0.2345823402729384, "MRm_new": 3653.019837189928, "HITS@1m_new": 0.18740184997009418, "HITS@3m_new": 0.25188141924051527, "HITS@10m_new": 0.3285121416453912}