{"MRRm_new": 0.28796478585106705, "MRm_new": 2414.0139006845952, "HITS@1m_new": 0.21969975302310193, "HITS@3m_new": 0.30806868684262734, "HITS@10m_new": 0.42120295436895683}