{"MRRm_new": 0.6628022272234184, "MRm_new": 200.46978650901465, "HITS@1m_new": 0.6070843685373111, "HITS@3m_new": 0.6920911142370023, "HITS@10m_new": 0.7697056614532702}