{"MRRm_new": 0.11982936794960825, "MRm_new": 840.0646590506733, "HITS@1m_new": 0.06531275649538293, "HITS@3m_new": 0.12930929999377985, "HITS@10m_new": 0.22644082227650505}