{"MRRm_new": 0.30472509262537595, "MRm_new": 2235.214422194749, "HITS@1m_new": 0.22599540410516783, "HITS@3m_new": 0.3261505623527337, "HITS@10m_new": 0.4731442187642679}