{"MRRm_new": 0.18304539113699866, "MRm_new": 737.3397782959044, "HITS@1m_new": 0.12571812888319256, "HITS@3m_new": 0.19551123206947524, "HITS@10m_new": 0.29139824530752956}