{"MRRm_new": 0.12723985916271158, "MRm_new": 745.9409351381511, "HITS@1m_new": 0.0700405741358918, "HITS@3m_new": 0.13446387946061442, "HITS@10m_new": 0.24115682615591505}