{"MRRm_new": 0.17774008826293722, "MRm_new": 362.38256162047384, "HITS@1m_new": 0.10714728708658368, "HITS@3m_new": 0.18751704546646214, "HITS@10m_new": 0.3156665105824533}