{"MRRm_new": 0.20109896146700193, "MRm_new": 220.1505743990898, "HITS@1m_new": 0.13409715046943166, "HITS@3m_new": 0.2149664663505275, "HITS@10m_new": 0.3300613748954609}