{"MRRm_new": 0.27305500746970485, "MRm_new": 512.7231973965615, "HITS@1m_new": 0.214486266977161, "HITS@3m_new": 0.28995919275182314, "HITS@10m_new": 0.38318413079944}