{"MRRm_new": 0.21559488533299445, "MRm_new": 355.2207440463304, "HITS@1m_new": 0.13481760539148235, "HITS@3m_new": 0.22848760239541296, "HITS@10m_new": 0.39538390581957067}