{"MRRm_new": 0.08512711949632794, "MRm_new": 959.8006124222755, "HITS@1m_new": 0.04978365365029313, "HITS@3m_new": 0.08441205146220745, "HITS@10m_new": 0.15136341179625598}