{"MRRm_new": 0.17502777134338157, "MRm_new": 535.8700717553869, "HITS@1m_new": 0.10951845621980465, "HITS@3m_new": 0.18761907621686624, "HITS@10m_new": 0.3088048712205127}