{"MRRm_new": 0.12508151343904683, "MRm_new": 821.4593761222959, "HITS@1m_new": 0.06987725018943457, "HITS@3m_new": 0.1346877460901378, "HITS@10m_new": 0.23303415546573525}