{"MRRm_new": 0.5103572577837613, "MRm_new": 165.6640228265226, "HITS@1m_new": 0.4000548226537394, "HITS@3m_new": 0.5700661641897204, "HITS@10m_new": 0.7272399530924449}