{"MRRm_new": 0.4286098321096224, "MRm_new": 222.89436067037283, "HITS@1m_new": 0.320676310738756, "HITS@3m_new": 0.4786414951057668, "HITS@10m_new": 0.6496389103702677}