{"MRRm_new": 0.12823259264099124, "MRm_new": 719.1362195165158, "HITS@1m_new": 0.07168825579177064, "HITS@3m_new": 0.13608883736150165, "HITS@10m_new": 0.24011483168597625}