{"MRRm_new": 0.2825842328786866, "MRm_new": 2543.6487788695695, "HITS@1m_new": 0.2076382730275509, "HITS@3m_new": 0.3090554518385907, "HITS@10m_new": 0.4283862891138124}