{"MRRm_new": 0.17678226006394834, "MRm_new": 2762.036962621045, "HITS@1m_new": 0.1251398853484541, "HITS@3m_new": 0.1936711571853608, "HITS@10m_new": 0.2808263076355681}