{"MRRm_new": 0.12868383419182647, "MRm_new": 701.7981200276911, "HITS@1m_new": 0.07037533876517409, "HITS@3m_new": 0.13696745555537929, "HITS@10m_new": 0.24594489067902758}