{"MRRm_new": 0.16964323173084267, "MRm_new": 3020.9585555574654, "HITS@1m_new": 0.11728107900805772, "HITS@3m_new": 0.18755278888717294, "HITS@10m_new": 0.2741790370648727}