{"MRRm_new": 0.1962053663781553, "MRm_new": 3121.8894685108066, "HITS@1m_new": 0.14360843775304966, "HITS@3m_new": 0.2110230990054588, "HITS@10m_new": 0.30171371636337424}