{"MRRm_new": 0.12700104415973965, "MRm_new": 737.9874006238133, "HITS@1m_new": 0.06945043507587252, "HITS@3m_new": 0.1356810473664518, "HITS@10m_new": 0.24167931831397435}