{"MRRm_new": 0.2622834752610556, "MRm_new": 8941.754939257622, "HITS@1m_new": 0.20726053419383242, "HITS@3m_new": 0.2923336056275293, "HITS@10m_new": 0.36383440943970347}