{"MRRm_new": 0.004479162686382187, "MRm_new": 5104.764791675449, "HITS@1m_new": 0.0014691884806845338, "HITS@3m_new": 0.003024991250317544, "HITS@10m_new": 0.007775579845905304}