{"MRRm_new": 0.19311812610302587, "MRm_new": 305.57270474522113, "HITS@1m_new": 0.12315003872074304, "HITS@3m_new": 0.20391462727343895, "HITS@10m_new": 0.3385436745371844}