{"MRRm_new": 0.08179574257995992, "MRm_new": 868.6887893104315, "HITS@1m_new": 0.045494342837750446, "HITS@3m_new": 0.08379139762095875, "HITS@10m_new": 0.14845409511707258}