{"MRRm_new": 0.7032851573141079, "MRm_new": 159.84463158843667, "HITS@1m_new": 0.6431621797548142, "HITS@3m_new": 0.7371096042015124, "HITS@10m_new": 0.8144542662375316}