{"MRRm_new": 0.10168106428267493, "MRm_new": 3640.055515321946, "HITS@1m_new": 0.0599910406764131, "HITS@3m_new": 0.10555591298444196, "HITS@10m_new": 0.18655911460546776}