{"MRRm_new": 0.10475675948637508, "MRm_new": 3742.7736190927503, "HITS@1m_new": 0.06308347037918866, "HITS@3m_new": 0.1109130281037651, "HITS@10m_new": 0.18943461912032217}