{"MRRm_new": 0.10009655859011836, "MRm_new": 3634.5824075505257, "HITS@1m_new": 0.05950268564196304, "HITS@3m_new": 0.10576918074400164, "HITS@10m_new": 0.18300756619693712}