{"MRRm_new": 0.0031609745182198824, "MRm_new": 5105.746298448944, "HITS@1m_new": 0.00044478260935284196, "HITS@3m_new": 0.0013095970045076683, "HITS@10m_new": 0.005185801346972585}