{"MRRm_new": 0.15512284819337038, "MRm_new": 1108.5799188589453, "HITS@1m_new": 0.1035923217638192, "HITS@3m_new": 0.16719047438877532, "HITS@10m_new": 0.2516769918745849}