{"MRRm_new": 0.08905734554774972, "MRm_new": 816.8706166484833, "HITS@1m_new": 0.053050919967330995, "HITS@3m_new": 0.08750639335352461, "HITS@10m_new": 0.15734745646400844}