{"MRRm_new": 0.14471472329835613, "MRm_new": 692.0261182335094, "HITS@1m_new": 0.08473221691714207, "HITS@3m_new": 0.15447190464640154, "HITS@10m_new": 0.2656766030529398}