{"MRRm_new": 0.2848979868967576, "MRm_new": 2364.847769607544, "HITS@1m_new": 0.20763139701180625, "HITS@3m_new": 0.30866758461401334, "HITS@10m_new": 0.4404346754462458}