{"MRRm_new": 0.16747859381091984, "MRm_new": 633.647062920235, "HITS@1m_new": 0.1032541799772007, "HITS@3m_new": 0.18104609446301037, "HITS@10m_new": 0.2976347961412357}