{"MRRm_new": 0.18473631611575547, "MRm_new": 516.353799659586, "HITS@1m_new": 0.12301914122913732, "HITS@3m_new": 0.196432604722213, "HITS@10m_new": 0.3089644970028661}