{"MRRm_new": 0.10662566575844394, "MRm_new": 3893.07347185781, "HITS@1m_new": 0.06348246637634002, "HITS@3m_new": 0.11102789772595278, "HITS@10m_new": 0.1943529770379886}