{"MRRm_new": 0.07252184060409636, "MRm_new": 874.7965427671194, "HITS@1m_new": 0.035907818753551694, "HITS@3m_new": 0.07347821033325745, "HITS@10m_new": 0.1405037598308525}