{"MRRm_new": 0.0030781748488152515, "MRm_new": 5112.152156799698, "HITS@1m_new": 0.000447907609352842, "HITS@3m_new": 0.0012615186381386592, "HITS@10m_new": 0.004761928182747215}