{"MRRm_new": 0.24316464536956028, "MRm_new": 3163.4341930440364, "HITS@1m_new": 0.17710263304418186, "HITS@3m_new": 0.26647395912767385, "HITS@10m_new": 0.36659335245215335}