{"MRRm_new": 0.36471576389712207, "MRm_new": 392.6313485249579, "HITS@1m_new": 0.28069564417534637, "HITS@3m_new": 0.39936644022239126, "HITS@10m_new": 0.5259902557456808}