{"MRRm_new": 0.1218304410939978, "MRm_new": 634.1243468766928, "HITS@1m_new": 0.0735794963732129, "HITS@3m_new": 0.12776122470943374, "HITS@10m_new": 0.21250261285814923}