{"MRRm_new": 0.17009447761751745, "MRm_new": 3167.785059444681, "HITS@1m_new": 0.11308090779690247, "HITS@3m_new": 0.18820891010866034, "HITS@10m_new": 0.2874396913071178}