{"MRRm_new": 0.14646105135146126, "MRm_new": 4307.093538089007, "HITS@1m_new": 0.09689917598495959, "HITS@3m_new": 0.15387642091535964, "HITS@10m_new": 0.24333245430910028}