{"MRRm_new": 0.19485131450092102, "MRm_new": 2627.768305167124, "HITS@1m_new": 0.1495709402860739, "HITS@3m_new": 0.20815020767946407, "HITS@10m_new": 0.2852988365626079}