{"MRRm_new": 0.37230434021676956, "MRm_new": 374.38435543754696, "HITS@1m_new": 0.3044557759429881, "HITS@3m_new": 0.3979508907089184, "HITS@10m_new": 0.5000366826416138}