{"MRRm_new": 0.09225360698890436, "MRm_new": 642.1050145126104, "HITS@1m_new": 0.049204989301390015, "HITS@3m_new": 0.09557370423490648, "HITS@10m_new": 0.16858449842791307}