{"MRRm_new": 0.28783935350921047, "MRm_new": 2106.852465608716, "HITS@1m_new": 0.210778097431059, "HITS@3m_new": 0.3108496012476971, "HITS@10m_new": 0.4429261045232415}