{"MRRm_new": 0.08132456880559476, "MRm_new": 889.6308146609068, "HITS@1m_new": 0.045253134232235606, "HITS@3m_new": 0.08301981236102292, "HITS@10m_new": 0.14621728810302448}