{"MRRm_new": 0.18820018917300185, "MRm_new": 354.1091456436396, "HITS@1m_new": 0.12070645498233498, "HITS@3m_new": 0.19396583478549145, "HITS@10m_new": 0.3305484941348899}