{"MRRm_new": 0.003111827589457971, "MRm_new": 5107.500087089538, "HITS@1m_new": 0.00044478260935284196, "HITS@3m_new": 0.0012608032766031102, "HITS@10m_new": 0.005162275897618383}