{"MRRm_new": 0.15948585216454467, "MRm_new": 3638.5183467837574, "HITS@1m_new": 0.10749074848514283, "HITS@3m_new": 0.16410887543697025, "HITS@10m_new": 0.26148822928030857}