{"MRRm_new": 0.27399068973358226, "MRm_new": 567.871816844821, "HITS@1m_new": 0.2160173622962029, "HITS@3m_new": 0.2906411998896365, "HITS@10m_new": 0.3823658006177866}