{"MRRm_new": 0.29131077967651525, "MRm_new": 2237.9930444963275, "HITS@1m_new": 0.2219065052815713, "HITS@3m_new": 0.31255619656603084, "HITS@10m_new": 0.427992870975344}