{"MRRm_new": 0.42753864033642913, "MRm_new": 465.30328383708746, "HITS@1m_new": 0.3654111863231446, "HITS@3m_new": 0.44978492229794936, "HITS@10m_new": 0.5444587554679164}