{"MRRm_new": 0.17889969592144042, "MRm_new": 381.78949821736813, "HITS@1m_new": 0.11263018752038478, "HITS@3m_new": 0.18545083095198497, "HITS@10m_new": 0.31127036129731567}