{"MRRm_new": 0.6443545229200672, "MRm_new": 188.15910257218778, "HITS@1m_new": 0.5909853551742744, "HITS@3m_new": 0.6691616278789515, "HITS@10m_new": 0.7453173103230146}