{"MRRm_new": 0.17162617534210403, "MRm_new": 886.3088440194875, "HITS@1m_new": 0.11515946662582428, "HITS@3m_new": 0.18497786343787812, "HITS@10m_new": 0.2810404471194488}