{"MRRm_new": 0.20129002581721578, "MRm_new": 407.9799815578699, "HITS@1m_new": 0.1354835176796536, "HITS@3m_new": 0.2120394381534541, "HITS@10m_new": 0.33478763231029735}