{"MRRm_new": 0.09054638249256823, "MRm_new": 863.8059610170603, "HITS@1m_new": 0.05290967868664302, "HITS@3m_new": 0.09143827423274051, "HITS@10m_new": 0.16061182898739354}