{"MRRm_new": 0.09759932570402452, "MRm_new": 689.6706169722557, "HITS@1m_new": 0.05423392462687334, "HITS@3m_new": 0.09797368787281448, "HITS@10m_new": 0.18067677289638667}