{"MRRm_new": 0.09486486081730026, "MRm_new": 16516.148698381126, "HITS@1m_new": 0.05542648961860686, "HITS@3m_new": 0.10449056134739658, "HITS@10m_new": 0.17481558711477554}