{"MRRm_new": 0.3294070880397294, "MRm_new": 498.14611265245827, "HITS@1m_new": 0.2659070483573232, "HITS@3m_new": 0.3520770719242792, "HITS@10m_new": 0.4471538370033268}