{"MRRm_new": 0.20027394235134852, "MRm_new": 428.89697859675886, "HITS@1m_new": 0.1352799759385176, "HITS@3m_new": 0.2117962149537634, "HITS@10m_new": 0.33122374738933286}