{"MRRm_new": 0.0022340025446304936, "MRm_new": 5176.26075018444, "HITS@1m_new": 2.7479569567367434e-05, "HITS@3m_new": 0.0005201194863300771, "HITS@10m_new": 0.003420069402991794}