{"MRRm_new": 0.08546522657623863, "MRm_new": 853.5539951642991, "HITS@1m_new": 0.04933123814879218, "HITS@3m_new": 0.08718503526647109, "HITS@10m_new": 0.14899243915206753}