{"MRRm_new": 0.004003185369903804, "MRm_new": 5168.1846993085865, "HITS@1m_new": 0.00103023458882235, "HITS@3m_new": 0.0026858178567606954, "HITS@10m_new": 0.007045395192923024}