{"MRRm_new": 0.19922707569909545, "MRm_new": 387.45029496417044, "HITS@1m_new": 0.13695903972735396, "HITS@3m_new": 0.21091452920618467, "HITS@10m_new": 0.3195978233431699}