{"MRRm_new": 0.13574904942655666, "MRm_new": 4173.226040910691, "HITS@1m_new": 0.08712416253642004, "HITS@3m_new": 0.1409950428983866, "HITS@10m_new": 0.22719242390623548}