{"MRRm_new": 0.3672614030888317, "MRm_new": 388.6544712625295, "HITS@1m_new": 0.3007153310088033, "HITS@3m_new": 0.3914560116822831, "HITS@10m_new": 0.4938539279440738}