{"MRRm_new": 0.7097060288045913, "MRm_new": 138.60117956607044, "HITS@1m_new": 0.6536889134303056, "HITS@3m_new": 0.7404275360082174, "HITS@10m_new": 0.8150964145769831}