{"MRRm_new": 0.6610664933927782, "MRm_new": 180.21081131647526, "HITS@1m_new": 0.6089753619382573, "HITS@3m_new": 0.685592606415441, "HITS@10m_new": 0.7588865609482236}