{"MRRm_new": 0.18335058784533975, "MRm_new": 706.0961765627414, "HITS@1m_new": 0.12402830697170429, "HITS@3m_new": 0.19705913753824644, "HITS@10m_new": 0.2958170760452776}