{"MRRm_new": 0.17945614219940306, "MRm_new": 774.4221106639058, "HITS@1m_new": 0.12254462547825824, "HITS@3m_new": 0.1926299862567248, "HITS@10m_new": 0.28595789790731213}