{"MRRm_new": 0.09748516295645968, "MRm_new": 699.6846731951237, "HITS@1m_new": 0.053922924791369585, "HITS@3m_new": 0.09855432106630178, "HITS@10m_new": 0.17845929622896947}