{"MRRm_new": 0.31354667391808244, "MRm_new": 1652.3648804112077, "HITS@1m_new": 0.22907329725939782, "HITS@3m_new": 0.34588055950484703, "HITS@10m_new": 0.4817284374090377}