{"MRRm_new": 0.20006636432066735, "MRm_new": 418.10106261901853, "HITS@1m_new": 0.13442324705570935, "HITS@3m_new": 0.21141835474758408, "HITS@10m_new": 0.3314882747772499}