{"MRRm_new": 0.004148404962975473, "MRm_new": 5141.2971206954, "HITS@1m_new": 0.0008516714392229914, "HITS@3m_new": 0.00318802227540873, "HITS@10m_new": 0.007932776325754821}