{"MRRm_new": 0.10398995639053174, "MRm_new": 561.49114412992, "HITS@1m_new": 0.06000931295065675, "HITS@3m_new": 0.10493487752375659, "HITS@10m_new": 0.18566786840480054}