{"MRRm_new": 0.280021253637629, "MRm_new": 196.70879621191025, "HITS@1m_new": 0.19212992043294944, "HITS@3m_new": 0.30831604426209813, "HITS@10m_new": 0.45808271479634566}