{"MRRm_new": 0.08174075351191278, "MRm_new": 885.6323455113411, "HITS@1m_new": 0.045533318205166144, "HITS@3m_new": 0.08370956368044717, "HITS@10m_new": 0.14808729827317874}