{"MRRm_new": 0.13893637498731187, "MRm_new": 2939.559929949492, "HITS@1m_new": 0.089840386144293, "HITS@3m_new": 0.14361734196264297, "HITS@10m_new": 0.2277169115851284}