{"MRRm_new": 0.2295762794077964, "MRm_new": 278.4688564553499, "HITS@1m_new": 0.15061438738829455, "HITS@3m_new": 0.2465336407091003, "HITS@10m_new": 0.38605327887022867}