{"MRRm_new": 0.10251779712391144, "MRm_new": 3606.202794770074, "HITS@1m_new": 0.05933871414584573, "HITS@3m_new": 0.10841147921099327, "HITS@10m_new": 0.18791613806062377}