{"MRRm_new": 0.22740957640699344, "MRm_new": 3392.435077786028, "HITS@1m_new": 0.18179949650868366, "HITS@3m_new": 0.24350738497772545, "HITS@10m_new": 0.31439317235467024}