{"MRRm_new": 0.2845925159535627, "MRm_new": 2725.3596833496094, "HITS@1m_new": 0.2081116947887349, "HITS@3m_new": 0.3156628141305409, "HITS@10m_new": 0.4389357085400261}