{"MRRm_new": 0.2541752711071258, "MRm_new": 716.059138368085, "HITS@1m_new": 0.19612581954597044, "HITS@3m_new": 0.2711502519069618, "HITS@10m_new": 0.36510992534362596}