{"MRRm_new": 0.16271807865615392, "MRm_new": 901.4171735484451, "HITS@1m_new": 0.10724056767886213, "HITS@3m_new": 0.17537363574821574, "HITS@10m_new": 0.269102675369053}