{"MRRm_new": 0.19698295924070136, "MRm_new": 513.5315539317205, "HITS@1m_new": 0.12701248850450064, "HITS@3m_new": 0.21382723966104822, "HITS@10m_new": 0.3363854160806186}