{"MRRm_new": 0.0715558689304933, "MRm_new": 933.1618704042673, "HITS@1m_new": 0.03453096607709304, "HITS@3m_new": 0.07265894659912446, "HITS@10m_new": 0.13962101933602244}