{"MRRm_new": 0.12251945060938742, "MRm_new": 577.0546352703572, "HITS@1m_new": 0.07450996410588268, "HITS@3m_new": 0.12627107377401553, "HITS@10m_new": 0.21236274596868315}