{"MRRm_new": 0.25081849303582715, "MRm_new": 381.21238456697466, "HITS@1m_new": 0.17506033770263893, "HITS@3m_new": 0.26983671114565805, "HITS@10m_new": 0.405575850969553}