{"MRRm_new": 0.25071765898720333, "MRm_new": 357.5985999912739, "HITS@1m_new": 0.17421874126145848, "HITS@3m_new": 0.2682163663413841, "HITS@10m_new": 0.40821907452056183}