{"MRRm_new": 0.49498163210527857, "MRm_new": 276.0877126272395, "HITS@1m_new": 0.4324283310881001, "HITS@3m_new": 0.5208273956484772, "HITS@10m_new": 0.6118150349331408}