{"MRRm_new": 0.3311418028333119, "MRm_new": 559.5367967837974, "HITS@1m_new": 0.2681359257586882, "HITS@3m_new": 0.3526003259893114, "HITS@10m_new": 0.45120018510733645}