{"MRRm_new": 0.1862739919202155, "MRm_new": 248.31958575220108, "HITS@1m_new": 0.12243850602405146, "HITS@3m_new": 0.20097194879436867, "HITS@10m_new": 0.3057477864002809}