{"MRRm_new": 0.14980068097206004, "MRm_new": 4773.103597870648, "HITS@1m_new": 0.10129651765487506, "HITS@3m_new": 0.15582857878151116, "HITS@10m_new": 0.2436403695264744}