{"MRRm_new": 0.2308714437200426, "MRm_new": 251.25580381166935, "HITS@1m_new": 0.15329350285031831, "HITS@3m_new": 0.24572525716270321, "HITS@10m_new": 0.38615154309319333}