{"MRRm_new": 0.20510522788397503, "MRm_new": 383.80096943612097, "HITS@1m_new": 0.13832916971055093, "HITS@3m_new": 0.21665074581413063, "HITS@10m_new": 0.3391991477470612}