{"MRRm_new": 0.23417461580987875, "MRm_new": 230.86783460702895, "HITS@1m_new": 0.1467097970112227, "HITS@3m_new": 0.24719428068120033, "HITS@10m_new": 0.43049159978362733}