{"MRRm_new": 0.0883068389988126, "MRm_new": 841.9313467460632, "HITS@1m_new": 0.05107958532774355, "HITS@3m_new": 0.08859500022444408, "HITS@10m_new": 0.1571872045763419}