{"MRRm_new": 0.1962230682406109, "MRm_new": 294.50075982103345, "HITS@1m_new": 0.1281217408811499, "HITS@3m_new": 0.2042310944615514, "HITS@10m_new": 0.33898312146865645}