{"MRRm_new": 0.2597912754314806, "MRm_new": 356.8765127269745, "HITS@1m_new": 0.1803634358177893, "HITS@3m_new": 0.28060357078579257, "HITS@10m_new": 0.42022772532040253}