{"MRRm_new": 0.32915054405954014, "MRm_new": 567.1486237541959, "HITS@1m_new": 0.2665926573981415, "HITS@3m_new": 0.3507144555622435, "HITS@10m_new": 0.4472216977450371}