{"MRRm_new": 0.28783195520015126, "MRm_new": 2116.077017035395, "HITS@1m_new": 0.2105118430609582, "HITS@3m_new": 0.3113265103533631, "HITS@10m_new": 0.44308428905252367}