{"MRRm_new": 0.41145416452844347, "MRm_new": 275.46181178662926, "HITS@1m_new": 0.32254604970876244, "HITS@3m_new": 0.4500226280905481, "HITS@10m_new": 0.5836074672498144}