{"MRRm_new": 0.0957595841906572, "MRm_new": 665.5789672270298, "HITS@1m_new": 0.051988944067503325, "HITS@3m_new": 0.09766808982479269, "HITS@10m_new": 0.1779039544112049}