{"MRRm_new": 0.21993028615051152, "MRm_new": 300.2216983138323, "HITS@1m_new": 0.13584156591693172, "HITS@3m_new": 0.23390176867744886, "HITS@10m_new": 0.40372035368927756}