{"MRRm_new": 0.10770862851982384, "MRm_new": 3785.231298895073, "HITS@1m_new": 0.06369600924663246, "HITS@3m_new": 0.11365081236534752, "HITS@10m_new": 0.19191307552247308}