{"MRRm_new": 0.6130684707486244, "MRm_new": 215.36120080906898, "HITS@1m_new": 0.5556671838497714, "HITS@3m_new": 0.642051505251351, "HITS@10m_new": 0.7238287975525236}