{"MRRm_new": 0.15423372512061087, "MRm_new": 4285.771306845248, "HITS@1m_new": 0.10320917290735815, "HITS@3m_new": 0.16286878289215384, "HITS@10m_new": 0.2535283313745604}