{"MRRm_new": 0.30839166234309867, "MRm_new": 2180.8530660060346, "HITS@1m_new": 0.2247593912369921, "HITS@3m_new": 0.3406439039526158, "HITS@10m_new": 0.4744999966439791}