{"MRRm_new": 0.0043108223388713665, "MRm_new": 5106.269474427486, "HITS@1m_new": 0.0010858092144597322, "HITS@3m_new": 0.00300925404606387, "HITS@10m_new": 0.007844383247103542}