{"MRRm_new": 0.2059965562824864, "MRm_new": 701.0183003832996, "HITS@1m_new": 0.12730486103740987, "HITS@3m_new": 0.22412168762064538, "HITS@10m_new": 0.36610249299102}