{"MRRm_new": 0.31161888517811803, "MRm_new": 1753.5855401315093, "HITS@1m_new": 0.2280490337656811, "HITS@3m_new": 0.3438513357079355, "HITS@10m_new": 0.47739754082844593}