{"MRRm_new": 0.19895788205035977, "MRm_new": 769.8605526150764, "HITS@1m_new": 0.11621068216394632, "HITS@3m_new": 0.2197412253472721, "HITS@10m_new": 0.36360801313526464}