{"MRRm_new": 0.14029672325839873, "MRm_new": 2731.6411158361734, "HITS@1m_new": 0.0906866148430272, "HITS@3m_new": 0.14390393805655186, "HITS@10m_new": 0.22943459430726942}