{"MRRm_new": 0.11619741342941707, "MRm_new": 697.0751299159765, "HITS@1m_new": 0.07019815667433431, "HITS@3m_new": 0.11947596936071059, "HITS@10m_new": 0.2037877683970728}