{"MRRm_new": 0.1727086090748453, "MRm_new": 871.0199799060076, "HITS@1m_new": 0.11549505184403824, "HITS@3m_new": 0.1863809214877583, "HITS@10m_new": 0.28449091675752425}