{"MRRm_new": 0.07745274592544883, "MRm_new": 769.7537211844206, "HITS@1m_new": 0.036529284452955474, "HITS@3m_new": 0.07884460506868782, "HITS@10m_new": 0.15396155098751188}