{"MRRm_new": 0.1801179498485435, "MRm_new": 3620.476960998759, "HITS@1m_new": 0.1201118107689108, "HITS@3m_new": 0.20011702488610172, "HITS@10m_new": 0.30124430117194423}