{"MRRm_new": 0.10966573493699398, "MRm_new": 3855.6626528826, "HITS@1m_new": 0.06663899311660788, "HITS@3m_new": 0.11420675292392261, "HITS@10m_new": 0.19664141664900817}