{"MRRm_new": 0.2676345303735702, "MRm_new": 2741.832306210995, "HITS@1m_new": 0.19621930307347793, "HITS@3m_new": 0.28998290062200976, "HITS@10m_new": 0.4060523125053442}