{"MRRm_new": 0.48581962880073387, "MRm_new": 169.84988463564218, "HITS@1m_new": 0.37973050743267595, "HITS@3m_new": 0.5382662697363121, "HITS@10m_new": 0.7006393051003688}