{"MRRm_new": 0.44754143876081887, "MRm_new": 361.92418654891105, "HITS@1m_new": 0.3848748694296992, "HITS@3m_new": 0.4702541618334799, "HITS@10m_new": 0.5671008974802826}