{"MRRm_new": 0.2988123030073703, "MRm_new": 375.75659607826174, "HITS@1m_new": 0.21430337739980315, "HITS@3m_new": 0.329479308598442, "HITS@10m_new": 0.4668458268366521}