{"MRRm_new": 0.283628279353617, "MRm_new": 2520.2128114422558, "HITS@1m_new": 0.2066996559781255, "HITS@3m_new": 0.30822642549767626, "HITS@10m_new": 0.4370174694545567}