{"MRRm_new": 0.1370933661147542, "MRm_new": 2661.6439722453056, "HITS@1m_new": 0.0874834246673272, "HITS@3m_new": 0.13995691362116486, "HITS@10m_new": 0.2287347079643514}