{"MRRm_new": 0.08806077391145518, "MRm_new": 781.4018150212049, "HITS@1m_new": 0.04691532666153507, "HITS@3m_new": 0.08986445522950962, "HITS@10m_new": 0.1656184470112552}