{"MRRm_new": 0.29898396280138284, "MRm_new": 2250.2122253237367, "HITS@1m_new": 0.21983188654412517, "HITS@3m_new": 0.32403932889795395, "HITS@10m_new": 0.4634282557143597}