{"MRRm_new": 0.1283243034385796, "MRm_new": 723.3181932499558, "HITS@1m_new": 0.07076763856845719, "HITS@3m_new": 0.13816434983262663, "HITS@10m_new": 0.2411407491988066}