{"MRRm_new": 0.3178758791995524, "MRm_new": 1893.1690492751895, "HITS@1m_new": 0.23722606974240626, "HITS@3m_new": 0.3467457516859285, "HITS@10m_new": 0.4764018886859994}