{"MRRm_new": 0.2287098234639212, "MRm_new": 482.57682663240433, "HITS@1m_new": 0.15449685114792083, "HITS@3m_new": 0.24523724578758702, "HITS@10m_new": 0.3800347490629181}