{"MRRm_new": 0.4823004235713097, "MRm_new": 229.1724850486815, "HITS@1m_new": 0.3772157461348106, "HITS@3m_new": 0.5373851171460446, "HITS@10m_new": 0.6930487630009411}