{"MRRm_new": 0.13110811122240465, "MRm_new": 684.5711533781588, "HITS@1m_new": 0.07356065827326529, "HITS@3m_new": 0.13768097011561622, "HITS@10m_new": 0.24739247458936006}