{"MRRm_new": 0.08575985204686003, "MRm_new": 850.5963160341739, "HITS@1m_new": 0.049536138413532174, "HITS@3m_new": 0.08762709737338592, "HITS@10m_new": 0.14938770940587856}