{"MRRm_new": 0.29232244527984996, "MRm_new": 2380.783737772435, "HITS@1m_new": 0.21349727762141266, "HITS@3m_new": 0.3143513130141655, "HITS@10m_new": 0.45231076296279205}