{"MRRm_new": 0.16981658558385423, "MRm_new": 811.3186156943813, "HITS@1m_new": 0.11125435893776739, "HITS@3m_new": 0.18377242839409155, "HITS@10m_new": 0.2814118635363411}