{"MRRm_new": 0.14097310637535793, "MRm_new": 2668.2226182406844, "HITS@1m_new": 0.09125723890250083, "HITS@3m_new": 0.1439092788886046, "HITS@10m_new": 0.23136856906156755}