{"MRRm_new": 0.3064572708867695, "MRm_new": 2155.1574850648344, "HITS@1m_new": 0.2361163227072684, "HITS@3m_new": 0.32899284241985877, "HITS@10m_new": 0.4431785117829859}