{"MRRm_new": 0.07320410940697329, "MRm_new": 857.9895699355841, "HITS@1m_new": 0.0364957121863612, "HITS@3m_new": 0.0743864231902291, "HITS@10m_new": 0.1391982135732076}