{"MRRm_new": 0.6908414721143781, "MRm_new": 163.87544229429216, "HITS@1m_new": 0.6300228536247742, "HITS@3m_new": 0.7240580677674152, "HITS@10m_new": 0.8031874846819846}