{"MRRm_new": 0.15620644847710446, "MRm_new": 2608.2484000789823, "HITS@1m_new": 0.10218325908472616, "HITS@3m_new": 0.17064590816904093, "HITS@10m_new": 0.265387251644308}