{"MRRm_new": 0.0015375675535487972, "MRm_new": 5496.988008195132, "HITS@1m_new": 0.00011464339753729291, "HITS@3m_new": 0.00027763880768907255, "HITS@10m_new": 0.002732252599649655}