{"MRRm_new": 0.4828314192697553, "MRm_new": 205.33322870717942, "HITS@1m_new": 0.3775314425314464, "HITS@3m_new": 0.5379901880032885, "HITS@10m_new": 0.6903502899791493}