{"MRRm_new": 0.19054239898384695, "MRm_new": 476.83293938372134, "HITS@1m_new": 0.12793846558909863, "HITS@3m_new": 0.20369061319874598, "HITS@10m_new": 0.31370690815527924}