{"MRRm_new": 0.1872968695674659, "MRm_new": 370.8577658935785, "HITS@1m_new": 0.1198258621618501, "HITS@3m_new": 0.19794725823618936, "HITS@10m_new": 0.3309811436098069}