{"MRRm_new": 0.2886096631873343, "MRm_new": 2430.1553000456393, "HITS@1m_new": 0.21158581264707027, "HITS@3m_new": 0.3196815149663016, "HITS@10m_new": 0.4410574419046752}