{"MRRm_new": 0.3037091673543732, "MRm_new": 2216.8647134243847, "HITS@1m_new": 0.2219312151009217, "HITS@3m_new": 0.33840780092799105, "HITS@10m_new": 0.4746805626002606}