{"MRRm_new": 0.2000156952705329, "MRm_new": 447.8226584397778, "HITS@1m_new": 0.1292840438654821, "HITS@3m_new": 0.21522436626013586, "HITS@10m_new": 0.3402917096634701}