{"MRRm_new": 0.10824444027425052, "MRm_new": 3980.722264002466, "HITS@1m_new": 0.06510341370594688, "HITS@3m_new": 0.11599158371188678, "HITS@10m_new": 0.19330706833209843}