{"MRRm_new": 0.13495641093385893, "MRm_new": 3969.2372545572816, "HITS@1m_new": 0.08737341953361465, "HITS@3m_new": 0.14026386643208388, "HITS@10m_new": 0.22927484468933834}