{"MRRm_new": 0.1709169580010612, "MRm_new": 608.6190962143243, "HITS@1m_new": 0.10661035688005359, "HITS@3m_new": 0.1832452228802831, "HITS@10m_new": 0.30176181524612183}