{"MRRm_new": 0.14980842157751795, "MRm_new": 3170.2782937916218, "HITS@1m_new": 0.09894436799379765, "HITS@3m_new": 0.15795052759855752, "HITS@10m_new": 0.244638728563732}