{"MRRm_new": 0.47535860523185786, "MRm_new": 314.32908848727493, "HITS@1m_new": 0.41069206130226665, "HITS@3m_new": 0.4999369092557754, "HITS@10m_new": 0.5987051114751303}