{"MRRm_new": 0.09062851110358897, "MRm_new": 686.8276389352084, "HITS@1m_new": 0.04740756747747073, "HITS@3m_new": 0.09191215651258244, "HITS@10m_new": 0.16904942284256685}