{"MRRm_new": 0.08787264797188546, "MRm_new": 850.5395745979071, "HITS@1m_new": 0.05204917011721991, "HITS@3m_new": 0.08643979393632617, "HITS@10m_new": 0.1564905478771543}