{"MRRm_new": 0.15352462857708815, "MRm_new": 4342.806377265513, "HITS@1m_new": 0.10346589487242454, "HITS@3m_new": 0.16050190371388454, "HITS@10m_new": 0.25099485280031514}