{"MRRm_new": 0.08984080134387623, "MRm_new": 842.1377276111602, "HITS@1m_new": 0.04814349187532207, "HITS@3m_new": 0.09212429105694173, "HITS@10m_new": 0.16627609518052194}