{"MRRm_new": 0.2640909601433832, "MRm_new": 737.3674875012338, "HITS@1m_new": 0.20602839459622554, "HITS@3m_new": 0.28219509325450054, "HITS@10m_new": 0.3749313118014034}