{"MRRm_new": 0.3043054076811013, "MRm_new": 363.5814425752088, "HITS@1m_new": 0.22105586077520276, "HITS@3m_new": 0.3353355474138807, "HITS@10m_new": 0.4717857686778589}