{"MRRm_new": 0.42749460337855, "MRm_new": 262.30972588596495, "HITS@1m_new": 0.3356016502661696, "HITS@3m_new": 0.46984793459721186, "HITS@10m_new": 0.6026941642726306}