{"MRRm_new": 0.16296012556174172, "MRm_new": 2248.440500168398, "HITS@1m_new": 0.11164375860455039, "HITS@3m_new": 0.1762147762056411, "HITS@10m_new": 0.2678362306515337}