{"MRRm_new": 0.14645160629709153, "MRm_new": 2721.602966529876, "HITS@1m_new": 0.09522852563508787, "HITS@3m_new": 0.15433111295479465, "HITS@10m_new": 0.24135288681086967}