{"MRRm_new": 0.0012061786676563315, "MRm_new": 17496.15148173523, "HITS@1m_new": 0.0001470238119363785, "HITS@3m_new": 0.0001470238119363785, "HITS@10m_new": 0.000822498959954828}