{"MRRm_new": 0.20110951161618287, "MRm_new": 410.6062765966415, "HITS@1m_new": 0.13541002227920107, "HITS@3m_new": 0.21294917470375077, "HITS@10m_new": 0.3316114538026392}