{"MRRm_new": 0.14532047692167135, "MRm_new": 2030.9244607967735, "HITS@1m_new": 0.09423268104629824, "HITS@3m_new": 0.15110067095980048, "HITS@10m_new": 0.23865401337126968}