{"MRRm_new": 0.28549242084190335, "MRm_new": 2673.606971150577, "HITS@1m_new": 0.20895559831865831, "HITS@3m_new": 0.31691437437711284, "HITS@10m_new": 0.4382934264456853}