{"MRRm_new": 0.2585612225456134, "MRm_new": 374.64447486782075, "HITS@1m_new": 0.17965320340483448, "HITS@3m_new": 0.2804588602335658, "HITS@10m_new": 0.4190036550246179}