{"MRRm_new": 0.16347528833087016, "MRm_new": 871.7046003579349, "HITS@1m_new": 0.1078705338951404, "HITS@3m_new": 0.1756548019905931, "HITS@10m_new": 0.2704803262787609}