{"MRRm_new": 0.19764794226114027, "MRm_new": 408.76355428152084, "HITS@1m_new": 0.135128867381101, "HITS@3m_new": 0.2099100808338262, "HITS@10m_new": 0.3199396777878748}