{"MRRm_new": 0.19475182098526567, "MRm_new": 434.82823819653987, "HITS@1m_new": 0.13295399314173265, "HITS@3m_new": 0.20599098736047744, "HITS@10m_new": 0.3174253541840939}