{"MRRm_new": 0.09768726586897537, "MRm_new": 3469.6893933936835, "HITS@1m_new": 0.056152174645336346, "HITS@3m_new": 0.10227374628405086, "HITS@10m_new": 0.17859270748039707}