{"MRRm_new": 0.16877423645406542, "MRm_new": 819.1591900754422, "HITS@1m_new": 0.11281642437622941, "HITS@3m_new": 0.1818060043115438, "HITS@10m_new": 0.2757804467607493}