{"MRRm_new": 0.001602098649162599, "MRm_new": 17393.671852632524, "HITS@1m_new": 0.0003874317007139325, "HITS@3m_new": 0.0004464594786986709, "HITS@10m_new": 0.0008277044980786741}