{"MRRm_new": 0.49285744262931075, "MRm_new": 202.9516395174116, "HITS@1m_new": 0.3883541040696327, "HITS@3m_new": 0.5504615931894187, "HITS@10m_new": 0.6955832925549694}