{"MRRm_new": 0.17321471801300778, "MRm_new": 760.5672949331105, "HITS@1m_new": 0.11531068849803705, "HITS@3m_new": 0.1875915498985596, "HITS@10m_new": 0.28325997585366713}