{"MRRm_new": 0.13734334333690412, "MRm_new": 3856.1303005221484, "HITS@1m_new": 0.08880048944418377, "HITS@3m_new": 0.14382906088647723, "HITS@10m_new": 0.23343818304607702}