{"MRRm_new": 0.1155651196396575, "MRm_new": 746.0945711088419, "HITS@1m_new": 0.07020658087478951, "HITS@3m_new": 0.11742373461903771, "HITS@10m_new": 0.20202152587216116}