{"MRRm_new": 0.3176592322913266, "MRm_new": 1836.5678636639714, "HITS@1m_new": 0.23538273623376155, "HITS@3m_new": 0.35113101337233094, "HITS@10m_new": 0.4797208872057963}