{"MRRm_new": 0.2770638396837949, "MRm_new": 486.7413544513583, "HITS@1m_new": 0.2180557553697654, "HITS@3m_new": 0.29445805466032104, "HITS@10m_new": 0.3874373987454528}