{"MRRm_new": 0.21217330009651342, "MRm_new": 318.127011464715, "HITS@1m_new": 0.13311894148451975, "HITS@3m_new": 0.22759948290738977, "HITS@10m_new": 0.3712975592176546}