{"MRRm_new": 0.0751988635097092, "MRm_new": 841.8436191938639, "HITS@1m_new": 0.037924950895784425, "HITS@3m_new": 0.07423434744066326, "HITS@10m_new": 0.14523321938040898}