{"MRRm_new": 0.23760268345268415, "MRm_new": 481.6595591063261, "HITS@1m_new": 0.16417308698825073, "HITS@3m_new": 0.25171737218042833, "HITS@10m_new": 0.3890179544548504}