{"MRRm_new": 0.1926031008948601, "MRm_new": 311.214763803196, "HITS@1m_new": 0.12394099189877161, "HITS@3m_new": 0.19872067366939156, "HITS@10m_new": 0.3366968097711913}