{"MRRm_new": 0.09131347368237185, "MRm_new": 701.7764871064425, "HITS@1m_new": 0.04776516931612278, "HITS@3m_new": 0.09365578424962005, "HITS@10m_new": 0.16953529239896453}