{"MRRm_new": 0.508096780901793, "MRm_new": 166.77990630297361, "HITS@1m_new": 0.39872045656837873, "HITS@3m_new": 0.5655656271810913, "HITS@10m_new": 0.7246018341913733}