{"MRRm_new": 0.1709066282519052, "MRm_new": 798.6284788325504, "HITS@1m_new": 0.11204256388976501, "HITS@3m_new": 0.18450765782862436, "HITS@10m_new": 0.28339444788041873}