{"MRRm_new": 0.466729884607098, "MRm_new": 226.3617366952449, "HITS@1m_new": 0.36716435859669583, "HITS@3m_new": 0.5163045125262106, "HITS@10m_new": 0.6637042824647796}