{"MRRm_new": 0.510131269650311, "MRm_new": 241.06931553002448, "HITS@1m_new": 0.44712652712698037, "HITS@3m_new": 0.5357400703324819, "HITS@10m_new": 0.6307942025737757}