{"MRRm_new": 0.2558561203247127, "MRm_new": 679.7218514945656, "HITS@1m_new": 0.19673791136321234, "HITS@3m_new": 0.27313058838990034, "HITS@10m_new": 0.3690268602195029}