{"MRRm_new": 0.25998437351788606, "MRm_new": 9844.994467524797, "HITS@1m_new": 0.20577970220311545, "HITS@3m_new": 0.2887167141865939, "HITS@10m_new": 0.35907557330909184}