{"MRRm_new": 0.12258653578630328, "MRm_new": 585.3252022049904, "HITS@1m_new": 0.07437239341270178, "HITS@3m_new": 0.1260266476354678, "HITS@10m_new": 0.21424589211217826}