{"MRRm_new": 0.07987049760258524, "MRm_new": 986.2940052268743, "HITS@1m_new": 0.04610917467032559, "HITS@3m_new": 0.07930338258451083, "HITS@10m_new": 0.14241526018178557}