{"MRRm_new": 0.18247212375823346, "MRm_new": 739.6584813777879, "HITS@1m_new": 0.1230496846617607, "HITS@3m_new": 0.19622511692928674, "HITS@10m_new": 0.2980911022451037}