{"MRRm_new": 0.1243752422878806, "MRm_new": 776.6015800746977, "HITS@1m_new": 0.06837289215742931, "HITS@3m_new": 0.13259599731118943, "HITS@10m_new": 0.23499727704720136}