{"MRRm_new": 0.19200528672991787, "MRm_new": 322.6923269334555, "HITS@1m_new": 0.12162102204534458, "HITS@3m_new": 0.20156458193380386, "HITS@10m_new": 0.34161129297465087}