{"MRRm_new": 0.1721109232476838, "MRm_new": 820.7540416398049, "HITS@1m_new": 0.1167474696608333, "HITS@3m_new": 0.1826012286424193, "HITS@10m_new": 0.28008536599364015}