{"MRRm_new": 0.0012061107577187613, "MRm_new": 17460.137147789002, "HITS@1m_new": 0.0001470238119363785, "HITS@3m_new": 0.0001470238119363785, "HITS@10m_new": 0.000822498959954828}