{"MRRm_new": 0.004069309388315014, "MRm_new": 5152.1391020864485, "HITS@1m_new": 0.001023177614994347, "HITS@3m_new": 0.002746558835497126, "HITS@10m_new": 0.007511563570983708}