{"MRRm_new": 0.43548704636928776, "MRm_new": 2989.8672126363813, "HITS@1m_new": 0.41490278901625427, "HITS@3m_new": 0.44802091194188687, "HITS@10m_new": 0.4700323088921141}