{"MRRm_new": 0.6754030360506804, "MRm_new": 181.32604431821406, "HITS@1m_new": 0.6138511497411673, "HITS@3m_new": 0.7087084035282715, "HITS@10m_new": 0.7911600438444002}