{"MRRm_new": 0.16454679972346184, "MRm_new": 850.0015931421667, "HITS@1m_new": 0.10851105830735469, "HITS@3m_new": 0.1764612827390556, "HITS@10m_new": 0.27209845942343236}