{"MRRm_new": 0.15017164398384739, "MRm_new": 3006.4415315558613, "HITS@1m_new": 0.09909138281893684, "HITS@3m_new": 0.1581550500667654, "HITS@10m_new": 0.24570300599531036}