{"MRRm_new": 0.20486173439877603, "MRm_new": 377.41279039616586, "HITS@1m_new": 0.13782856219509848, "HITS@3m_new": 0.21679598980715964, "HITS@10m_new": 0.3390049467060482}