{"MRRm_new": 0.19289182721665857, "MRm_new": 311.4499609339237, "HITS@1m_new": 0.12229558983915485, "HITS@3m_new": 0.2023357091228012, "HITS@10m_new": 0.3427056529068388}