{"MRRm_new": 0.16244045075560462, "MRm_new": 922.9578001201377, "HITS@1m_new": 0.10718842882547323, "HITS@3m_new": 0.1758633901620342, "HITS@10m_new": 0.26756258317887843}