{"MRRm_new": 0.2208448669747013, "MRm_new": 287.34903868284226, "HITS@1m_new": 0.14058363580922595, "HITS@3m_new": 0.2341541194369085, "HITS@10m_new": 0.3816693164863624}