{"MRRm_new": 0.2774203135116095, "MRm_new": 491.43094091138244, "HITS@1m_new": 0.21894431705657552, "HITS@3m_new": 0.2944223781240289, "HITS@10m_new": 0.3866182130176858}