{"MRRm_new": 0.0832867932810841, "MRm_new": 1021.8826794096232, "HITS@1m_new": 0.04879916394762695, "HITS@3m_new": 0.08216645695077023, "HITS@10m_new": 0.14798538091762456}