{"MRRm_new": 0.1784878483980472, "MRm_new": 415.02846939359904, "HITS@1m_new": 0.1124604225695657, "HITS@3m_new": 0.18729985550669953, "HITS@10m_new": 0.3183293140248861}