{"MRRm_new": 0.30042599962801614, "MRm_new": 159.11212637600897, "HITS@1m_new": 0.2089600694722496, "HITS@3m_new": 0.33540706636211837, "HITS@10m_new": 0.48075442329607904}