{"MRRm_new": 0.4380106806636777, "MRm_new": 118.72293957454711, "HITS@1m_new": 0.34946844278657224, "HITS@3m_new": 0.4748237002126989, "HITS@10m_new": 0.6094401372460853}