{"MRRm_new": 0.14991038411901764, "MRm_new": 3214.119085508138, "HITS@1m_new": 0.09923928559938212, "HITS@3m_new": 0.15778187690599588, "HITS@10m_new": 0.2441865090111387}