{"MRRm_new": 0.1033926918799145, "MRm_new": 3643.098137924814, "HITS@1m_new": 0.060404237349494364, "HITS@3m_new": 0.11091869239881634, "HITS@10m_new": 0.18763213961999864}