{"MRRm_new": 0.15437332364954182, "MRm_new": 4217.858858810127, "HITS@1m_new": 0.10316368614387465, "HITS@3m_new": 0.16251786184283265, "HITS@10m_new": 0.2550113052939414}