{"MRRm_new": 0.06708000442410994, "MRm_new": 1002.6866566769123, "HITS@1m_new": 0.03190740344705992, "HITS@3m_new": 0.06716759356934345, "HITS@10m_new": 0.13102160162046786}