{"MRRm_new": 0.17626633144831866, "MRm_new": 443.71466774172785, "HITS@1m_new": 0.11275790108827059, "HITS@3m_new": 0.18453776148138568, "HITS@10m_new": 0.304383644055645}