{"MRRm_new": 0.07632367742515926, "MRm_new": 822.5423583132743, "HITS@1m_new": 0.03835472721669357, "HITS@3m_new": 0.07748431632012362, "HITS@10m_new": 0.14826714993348578}