{"MRRm_new": 0.06566048746766028, "MRm_new": 1055.431001012516, "HITS@1m_new": 0.031403553741099315, "HITS@3m_new": 0.06565044089726871, "HITS@10m_new": 0.12825495294273132}