{"MRRm_new": 0.247345564847083, "MRm_new": 456.18116270151137, "HITS@1m_new": 0.17272635821856092, "HITS@3m_new": 0.2659484207359841, "HITS@10m_new": 0.3959660539920907}