{"MRRm_new": 0.46839302663961646, "MRm_new": 331.6890956935808, "HITS@1m_new": 0.4038455457237578, "HITS@3m_new": 0.49297970719845036, "HITS@10m_new": 0.5907572762085692}