{"MRRm_new": 0.09530575066682068, "MRm_new": 824.6268299752473, "HITS@1m_new": 0.053192097579315305, "HITS@3m_new": 0.09513723400953458, "HITS@10m_new": 0.17415703009671415}