{"MRRm_new": 0.2466965874744492, "MRm_new": 890.8527155058831, "HITS@1m_new": 0.19127490830988608, "HITS@3m_new": 0.2646188442078783, "HITS@10m_new": 0.35167642319535297}