{"MRRm_new": 0.09667522802222665, "MRm_new": 710.8288672771693, "HITS@1m_new": 0.0532264066202566, "HITS@3m_new": 0.09837961086715805, "HITS@10m_new": 0.1781426126423292}