{"MRRm_new": 0.0021359488670379505, "MRm_new": 5188.256749493789, "HITS@1m_new": 2.7479569567367434e-05, "HITS@3m_new": 0.0005109790783841163, "HITS@10m_new": 0.003210596437822096}