{"MRRm_new": 0.1467085257011404, "MRm_new": 3597.6680382595955, "HITS@1m_new": 0.09493010238218995, "HITS@3m_new": 0.1560131602890906, "HITS@10m_new": 0.2427954248070455}