{"MRRm_new": 0.17238793030970645, "MRm_new": 567.969102195762, "HITS@1m_new": 0.10637816585837573, "HITS@3m_new": 0.18677895891515073, "HITS@10m_new": 0.30548113207910865}