{"MRRm_new": 0.5963627433441506, "MRm_new": 211.80244547861815, "HITS@1m_new": 0.5272273931985401, "HITS@3m_new": 0.628649087296093, "HITS@10m_new": 0.7307777134741191}