{"MRRm_new": 0.13194243884381923, "MRm_new": 680.2026113936603, "HITS@1m_new": 0.0722677443350658, "HITS@3m_new": 0.14241705328898024, "HITS@10m_new": 0.24949996124525206}