{"MRRm_new": 0.2776033865514273, "MRm_new": 560.2197614599169, "HITS@1m_new": 0.21770745669240568, "HITS@3m_new": 0.2955338057851004, "HITS@10m_new": 0.39122937403126706}