{"MRRm_new": 0.5034913529887972, "MRm_new": 178.77472188918293, "HITS@1m_new": 0.39529184927820826, "HITS@3m_new": 0.5610301363195794, "HITS@10m_new": 0.7154903182652924}