{"MRRm_new": 0.2607499638593849, "MRm_new": 2299.423096799016, "HITS@1m_new": 0.18936888810188976, "HITS@3m_new": 0.28296647926064905, "HITS@10m_new": 0.39675369490613227}