{"MRRm_new": 0.08607172817311512, "MRm_new": 637.7555242655516, "HITS@1m_new": 0.044680467771476835, "HITS@3m_new": 0.08493136112584034, "HITS@10m_new": 0.16595965603534132}