{"MRRm_new": 0.0015325365640237577, "MRm_new": 5511.272940740108, "HITS@1m_new": 4.644395742798224e-05, "HITS@3m_new": 0.00037452129961457106, "HITS@10m_new": 0.0029493758263488415}