{"MRRm_new": 0.49374778737281577, "MRm_new": 265.58777254293113, "HITS@1m_new": 0.43100657036290796, "HITS@3m_new": 0.5185339984966849, "HITS@10m_new": 0.6139686891322527}