{"MRRm_new": 0.2675594948580965, "MRm_new": 3806.5750578511356, "HITS@1m_new": 0.2041301864963025, "HITS@3m_new": 0.2857140700527234, "HITS@10m_new": 0.39134961774450494}