{"MRRm_new": 0.19825973887132295, "MRm_new": 3014.3990808443427, "HITS@1m_new": 0.14809277235425544, "HITS@3m_new": 0.2094175184603082, "HITS@10m_new": 0.3004048193923081}