{"MRRm_new": 0.25072534347412584, "MRm_new": 343.93361379551885, "HITS@1m_new": 0.1747947877329425, "HITS@3m_new": 0.26880571762868205, "HITS@10m_new": 0.4068955179813318}