{"MRRm_new": 0.19062885965776658, "MRm_new": 326.773807818079, "HITS@1m_new": 0.12200381685533211, "HITS@3m_new": 0.19678247321469824, "HITS@10m_new": 0.33770797924445944}