{"MRRm_new": 0.10169141523495928, "MRm_new": 3622.208520516491, "HITS@1m_new": 0.060226659697666766, "HITS@3m_new": 0.10557971851937473, "HITS@10m_new": 0.18677388057555072}