{"MRRm_new": 0.11687801837656735, "MRm_new": 707.6756403112649, "HITS@1m_new": 0.07144619198418223, "HITS@3m_new": 0.11924384987081867, "HITS@10m_new": 0.20308593788829166}