{"MRRm_new": 0.0846155851972976, "MRm_new": 16395.35642158845, "HITS@1m_new": 0.05128872978535946, "HITS@3m_new": 0.0883210507587064, "HITS@10m_new": 0.15477479683049022}