{"MRRm_new": 0.16832778850959676, "MRm_new": 2275.7510835573376, "HITS@1m_new": 0.11820904736140801, "HITS@3m_new": 0.1798073110376863, "HITS@10m_new": 0.2712087335666947}