{"MRRm_new": 0.31518111395766435, "MRm_new": 2118.8825864070654, "HITS@1m_new": 0.23464081583736698, "HITS@3m_new": 0.3447780580734252, "HITS@10m_new": 0.4728473464939743}