{"MRRm_new": 0.0033601994332959294, "MRm_new": 5198.117019501686, "HITS@1m_new": 0.0005963597923517227, "HITS@3m_new": 0.002326222780579701, "HITS@10m_new": 0.0057475763166788965}