{"MRRm_new": 0.07299594718123845, "MRm_new": 852.6059755589008, "HITS@1m_new": 0.03619738088565646, "HITS@3m_new": 0.07449731011082185, "HITS@10m_new": 0.13861902141164756}