{"MRRm_new": 0.22851389872858563, "MRm_new": 286.9129072141886, "HITS@1m_new": 0.1418914449525706, "HITS@3m_new": 0.2435318651739217, "HITS@10m_new": 0.4203979722503107}