{"MRRm_new": 0.08721038488525519, "MRm_new": 619.8141440870047, "HITS@1m_new": 0.045723376189847474, "HITS@3m_new": 0.08676977914678864, "HITS@10m_new": 0.16530258267585887}