{"MRRm_new": 0.08710035360030306, "MRm_new": 685.1244968898773, "HITS@1m_new": 0.045536262769671154, "HITS@3m_new": 0.08532931303661316, "HITS@10m_new": 0.16656163232588442}