{"MRRm_new": 0.09104496677579892, "MRm_new": 15906.73597358647, "HITS@1m_new": 0.05497361351898871, "HITS@3m_new": 0.09779864062229171, "HITS@10m_new": 0.16183237199590075}