{"MRRm_new": 0.10147134875164483, "MRm_new": 602.9521174099445, "HITS@1m_new": 0.05760545865930617, "HITS@3m_new": 0.10231336157070473, "HITS@10m_new": 0.18541433668336832}