{"MRRm_new": 0.17703984318214408, "MRm_new": 728.4310784223005, "HITS@1m_new": 0.11767703590377641, "HITS@3m_new": 0.19153636247715622, "HITS@10m_new": 0.28948853561449506}