{"MRRm_new": 0.1035195243895403, "MRm_new": 565.4017074836969, "HITS@1m_new": 0.05958392705463339, "HITS@3m_new": 0.10375350521856454, "HITS@10m_new": 0.18619946216531097}