{"MRRm_new": 0.21212417751998963, "MRm_new": 3486.8331037409307, "HITS@1m_new": 0.16073351485105378, "HITS@3m_new": 0.22663457735026896, "HITS@10m_new": 0.3146947773667489}