{"MRRm_new": 0.1168251930841243, "MRm_new": 993.4880018256605, "HITS@1m_new": 0.06541613480043452, "HITS@3m_new": 0.12672935778450484, "HITS@10m_new": 0.21775009669283463}