{"MRRm_new": 0.08760224956671155, "MRm_new": 695.1848921044111, "HITS@1m_new": 0.04628549099978409, "HITS@3m_new": 0.08538276596176438, "HITS@10m_new": 0.1676494745414937}