{"MRRm_new": 0.2508231433450186, "MRm_new": 346.14021241047385, "HITS@1m_new": 0.17493655387988546, "HITS@3m_new": 0.2678731651310343, "HITS@10m_new": 0.4058202124976553}