{"MRRm_new": 0.17597880889755924, "MRm_new": 734.9010789327324, "HITS@1m_new": 0.11716159425977093, "HITS@3m_new": 0.1901908923015035, "HITS@10m_new": 0.28797722793711}