{"MRRm_new": 0.07256040582847637, "MRm_new": 854.2278239010573, "HITS@1m_new": 0.03625162711915327, "HITS@3m_new": 0.07404895575413248, "HITS@10m_new": 0.13791413794885157}