{"MRRm_new": 0.14162923322093957, "MRm_new": 4267.2500578365625, "HITS@1m_new": 0.09243868488482258, "HITS@3m_new": 0.14588163146506122, "HITS@10m_new": 0.23477092700346838}