{"MRRm_new": 0.19791973182132414, "MRm_new": 613.6236198544204, "HITS@1m_new": 0.11548020076891408, "HITS@3m_new": 0.2180649614025606, "HITS@10m_new": 0.36224101949715987}