{"MRRm_new": 0.1529689565438457, "MRm_new": 4129.808060632676, "HITS@1m_new": 0.09987496877458761, "HITS@3m_new": 0.1602280165742559, "HITS@10m_new": 0.2586447715254035}