{"MRRm_new": 0.2757928588892846, "MRm_new": 498.8006291489154, "HITS@1m_new": 0.2169497718299317, "HITS@3m_new": 0.29318992866221016, "HITS@10m_new": 0.3853699764989797}