{"MRRm_new": 0.001501393361096234, "MRm_new": 5517.986161691666, "HITS@1m_new": 4.597047256538644e-05, "HITS@3m_new": 0.00035893343552015724, "HITS@10m_new": 0.0028904685651141336}