{"MRRm_new": 0.14581396533042243, "MRm_new": 2882.526253651887, "HITS@1m_new": 0.09487914693553466, "HITS@3m_new": 0.15423638458063943, "HITS@10m_new": 0.23985654007524135}