{"MRRm_new": 0.1692749105436451, "MRm_new": 964.4323267323673, "HITS@1m_new": 0.11425488010371192, "HITS@3m_new": 0.18197248170324382, "HITS@10m_new": 0.2757806245460524}