{"MRRm_new": 0.2870078794428613, "MRm_new": 171.77123725180627, "HITS@1m_new": 0.19570521409707145, "HITS@3m_new": 0.31998507123566233, "HITS@10m_new": 0.47359792611366136}