{"MRRm_new": 0.29053936063806896, "MRm_new": 2543.5322487765848, "HITS@1m_new": 0.21254387623840013, "HITS@3m_new": 0.3117383165374631, "HITS@10m_new": 0.45232302699284627}