{"MRRm_new": 0.002935620189270412, "MRm_new": 5146.776561653137, "HITS@1m_new": 0.00041378996171988544, "HITS@3m_new": 0.0015817468332359568, "HITS@10m_new": 0.004437251447793097}