{"MRRm_new": 0.08615171502152807, "MRm_new": 647.1931337405443, "HITS@1m_new": 0.044984596739377596, "HITS@3m_new": 0.0850432650158531, "HITS@10m_new": 0.1663969305257313}