{"MRRm_new": 0.2771655569759214, "MRm_new": 567.694586954683, "HITS@1m_new": 0.21738709887008736, "HITS@3m_new": 0.29509865500960586, "HITS@10m_new": 0.3907054166394737}