{"MRRm_new": 0.003958493802433077, "MRm_new": 5168.795617726517, "HITS@1m_new": 0.00103023458882235, "HITS@3m_new": 0.0026524845224339517, "HITS@10m_new": 0.007010241936566308}