{"MRRm_new": 0.16868471051942033, "MRm_new": 519.9058617949486, "HITS@1m_new": 0.0995368652259931, "HITS@3m_new": 0.18552342265462504, "HITS@10m_new": 0.30328707944476047}