{"MRRm_new": 0.3153101323237147, "MRm_new": 1961.118118280053, "HITS@1m_new": 0.234152171615744, "HITS@3m_new": 0.3448729926900123, "HITS@10m_new": 0.4743475296194665}