{"MRRm_new": 0.0015352689676110458, "MRm_new": 5498.4975648372765, "HITS@1m_new": 0.00011464339753729291, "HITS@3m_new": 0.0002776813826203579, "HITS@10m_new": 0.0027226797896073547}