{"MRRm_new": 0.18062487704863817, "MRm_new": 2406.556124089107, "HITS@1m_new": 0.13114278114397893, "HITS@3m_new": 0.1933113439042063, "HITS@10m_new": 0.2811069595576555}