{"MRRm_new": 0.002860729680520308, "MRm_new": 5143.928598312664, "HITS@1m_new": 0.0005137899617198854, "HITS@3m_new": 0.0013487159019568934, "HITS@10m_new": 0.004223244585003704}