{"MRRm_new": 0.17676983643945568, "MRm_new": 269.3115924931765, "HITS@1m_new": 0.11534067842559889, "HITS@3m_new": 0.1876617037105374, "HITS@10m_new": 0.2986732773860917}