{"MRRm_new": 0.28369329906090207, "MRm_new": 2833.283538928479, "HITS@1m_new": 0.20697813474334545, "HITS@3m_new": 0.31468082444858736, "HITS@10m_new": 0.43957038478250615}