{"MRRm_new": 0.18094192132436437, "MRm_new": 336.7036154474258, "HITS@1m_new": 0.10918277059777175, "HITS@3m_new": 0.19379758551442064, "HITS@10m_new": 0.3191342691941827}