{"MRRm_new": 0.13131868149609818, "MRm_new": 655.6457582095712, "HITS@1m_new": 0.07332008599491383, "HITS@3m_new": 0.13951745170771027, "HITS@10m_new": 0.2478664076404966}