{"MRRm_new": 0.27390469882968316, "MRm_new": 2398.4227440663576, "HITS@1m_new": 0.20176495306793368, "HITS@3m_new": 0.2969197591040866, "HITS@10m_new": 0.4138399959666131}