{"MRRm_new": 0.6777921513389038, "MRm_new": 176.38047147625684, "HITS@1m_new": 0.6256758798395349, "HITS@3m_new": 0.7040776694116575, "HITS@10m_new": 0.7737806204588924}