{"MRRm_new": 0.18942955463579164, "MRm_new": 630.8033150380477, "HITS@1m_new": 0.12276327189812582, "HITS@3m_new": 0.20568505468314105, "HITS@10m_new": 0.32415624686490263}