{"MRRm_new": 0.22936432405168017, "MRm_new": 452.48405747847556, "HITS@1m_new": 0.1550945466754143, "HITS@3m_new": 0.24587676881207154, "HITS@10m_new": 0.38125641487538814}