{"MRRm_new": 0.11736790351944801, "MRm_new": 634.208638267827, "HITS@1m_new": 0.0707639144796296, "HITS@3m_new": 0.11938517797581735, "HITS@10m_new": 0.20806290938667954}