{"MRRm_new": 0.22677080622892662, "MRm_new": 3600.0561505897194, "HITS@1m_new": 0.17830076916151302, "HITS@3m_new": 0.24218858758777786, "HITS@10m_new": 0.32271254004072397}