{"MRRm_new": 0.07545535906070873, "MRm_new": 866.0477029742718, "HITS@1m_new": 0.03812132633669535, "HITS@3m_new": 0.07675248966125073, "HITS@10m_new": 0.1437554587547318}