{"MRRm_new": 0.17932268914973792, "MRm_new": 798.3971968362331, "HITS@1m_new": 0.11683059077614961, "HITS@3m_new": 0.1947971292443399, "HITS@10m_new": 0.30158967688269334}