{"MRRm_new": 0.1444071463125624, "MRm_new": 2135.547530680716, "HITS@1m_new": 0.09360690823575715, "HITS@3m_new": 0.1495033753196476, "HITS@10m_new": 0.23687280378578}