{"MRRm_new": 0.20893258700063597, "MRm_new": 3107.6006860206126, "HITS@1m_new": 0.16068936733703595, "HITS@3m_new": 0.2208637523564903, "HITS@10m_new": 0.3076222909781209}