{"MRRm_new": 0.08679933432358085, "MRm_new": 896.8446614624501, "HITS@1m_new": 0.050739794570533556, "HITS@3m_new": 0.08837282203100622, "HITS@10m_new": 0.15238355339963455}