{"MRRm_new": 0.14892065756420972, "MRm_new": 4116.877861855626, "HITS@1m_new": 0.09699584474951553, "HITS@3m_new": 0.1574285281370685, "HITS@10m_new": 0.25007134538915127}