{"MRRm_new": 0.3085132918632544, "MRm_new": 1901.3624342718422, "HITS@1m_new": 0.22687980793346652, "HITS@3m_new": 0.34172061195829884, "HITS@10m_new": 0.4783572810899932}