{"MRRm_new": 0.08702279835851223, "MRm_new": 872.3196868331671, "HITS@1m_new": 0.0509688076459337, "HITS@3m_new": 0.08714742254277226, "HITS@10m_new": 0.15506071953282227}