{"MRRm_new": 0.09034605353757069, "MRm_new": 864.3136698486089, "HITS@1m_new": 0.05302110712868161, "HITS@3m_new": 0.09032223174457904, "HITS@10m_new": 0.1596632358840201}