{"MRRm_new": 0.3204352841686441, "MRm_new": 561.809074934803, "HITS@1m_new": 0.2577050047137236, "HITS@3m_new": 0.34263146918557325, "HITS@10m_new": 0.4374422814581194}