{"MRRm_new": 0.08855043393196392, "MRm_new": 841.0033597571373, "HITS@1m_new": 0.05251640860522166, "HITS@3m_new": 0.08737721838711296, "HITS@10m_new": 0.1574909085253952}