{"MRRm_new": 0.2388913594342288, "MRm_new": 227.38706106729506, "HITS@1m_new": 0.15375550924057607, "HITS@3m_new": 0.255367534233816, "HITS@10m_new": 0.4132897344409488}