{"MRRm_new": 0.1471815191203227, "MRm_new": 2916.654443226665, "HITS@1m_new": 0.09664347157269366, "HITS@3m_new": 0.15296194640669272, "HITS@10m_new": 0.24352317052122088}