{"MRRm_new": 0.2170567467006389, "MRm_new": 327.97136833434104, "HITS@1m_new": 0.13509478937644745, "HITS@3m_new": 0.22912006140570157, "HITS@10m_new": 0.3997710173262749}