{"MRRm_new": 0.10717367241256724, "MRm_new": 3816.636528918171, "HITS@1m_new": 0.06468585645575076, "HITS@3m_new": 0.11229359044730663, "HITS@10m_new": 0.19257731670327485}