{"MRRm_new": 0.19580140706584007, "MRm_new": 496.96893983119725, "HITS@1m_new": 0.12774597081077446, "HITS@3m_new": 0.20973792281802162, "HITS@10m_new": 0.3311731876895574}