{"MRRm_new": 0.10401670074888535, "MRm_new": 3741.114389209986, "HITS@1m_new": 0.06396748829171993, "HITS@3m_new": 0.10955730461739004, "HITS@10m_new": 0.18452283444437198}