{"MRRm_new": 0.22956543384008402, "MRm_new": 282.4418873492956, "HITS@1m_new": 0.14252409142346004, "HITS@3m_new": 0.24433298995380173, "HITS@10m_new": 0.42367754833861254}