{"MRRm_new": 0.07125944326457975, "MRm_new": 928.6317500108242, "HITS@1m_new": 0.03481988032126101, "HITS@3m_new": 0.072014342170069, "HITS@10m_new": 0.13781546651636017}