{"MRRm_new": 0.0981159172184227, "MRm_new": 3686.875209018922, "HITS@1m_new": 0.05796966947177425, "HITS@3m_new": 0.10238411044408567, "HITS@10m_new": 0.17910458853347228}