{"MRRm_new": 0.10374253722567073, "MRm_new": 16545.29155544004, "HITS@1m_new": 0.06628975091618486, "HITS@3m_new": 0.11233894862863235, "HITS@10m_new": 0.1769970680542756}