{"MRRm_new": 0.32212741891296676, "MRm_new": 1662.068246756494, "HITS@1m_new": 0.24091694052313686, "HITS@3m_new": 0.3513160917095374, "HITS@10m_new": 0.4817173243064899}