{"MRRm_new": 0.4863220750604341, "MRm_new": 276.3820305436328, "HITS@1m_new": 0.42390139809787797, "HITS@3m_new": 0.5102211910758051, "HITS@10m_new": 0.6053301117348928}