{"MRRm_new": 0.4004288584855349, "MRm_new": 301.6149681729898, "HITS@1m_new": 0.31363118745978863, "HITS@3m_new": 0.4372467217346566, "HITS@10m_new": 0.5688062439492569}