{"MRRm_new": 0.166742987637228, "MRm_new": 1009.3841400409937, "HITS@1m_new": 0.11281973018834106, "HITS@3m_new": 0.1799111933219865, "HITS@10m_new": 0.27115635486941025}