{"MRRm_new": 0.19621833580134843, "MRm_new": 302.74355909233094, "HITS@1m_new": 0.12563200188091722, "HITS@3m_new": 0.20698735344437882, "HITS@10m_new": 0.344168351312913}