{"MRRm_new": 0.19835424766694632, "MRm_new": 470.5895387463495, "HITS@1m_new": 0.12861566371085065, "HITS@3m_new": 0.2131199847311618, "HITS@10m_new": 0.3374965019750161}