{"MRRm_new": 0.10481363421482966, "MRm_new": 3785.526987837434, "HITS@1m_new": 0.0623528864108026, "HITS@3m_new": 0.1105521338335704, "HITS@10m_new": 0.18898889799704774}