{"MRRm_new": 0.09834532010083204, "MRm_new": 3456.937644081092, "HITS@1m_new": 0.055290603751363236, "HITS@3m_new": 0.10476313106957823, "HITS@10m_new": 0.18178524326542392}