{"MRRm_new": 0.07145882597437885, "MRm_new": 934.8346743124486, "HITS@1m_new": 0.034496079677529635, "HITS@3m_new": 0.07270802279269556, "HITS@10m_new": 0.13925578187718057}