{"MRRm_new": 0.20165691253799015, "MRm_new": 3062.493584509164, "HITS@1m_new": 0.15196572565013775, "HITS@3m_new": 0.21451482856669463, "HITS@10m_new": 0.3029069946420204}