{"MRRm_new": 0.17277576365813002, "MRm_new": 575.2501484942958, "HITS@1m_new": 0.10772210762558825, "HITS@3m_new": 0.18566967744576324, "HITS@10m_new": 0.30547466438405535}