{"MRRm_new": 0.14663163895498063, "MRm_new": 4321.092623506069, "HITS@1m_new": 0.09708663062243432, "HITS@3m_new": 0.15449319043429569, "HITS@10m_new": 0.24317031176293677}