{"MRRm_new": 0.003361286316458427, "MRm_new": 5199.00861261673, "HITS@1m_new": 0.0006001333773136139, "HITS@3m_new": 0.0023186756106559187, "HITS@10m_new": 0.005669004886830226}