{"MRRm_new": 0.5160463675020573, "MRm_new": 162.8338513957262, "HITS@1m_new": 0.40505912058178, "HITS@3m_new": 0.5759208914897208, "HITS@10m_new": 0.7346030917506577}