{"MRRm_new": 0.22098247400027468, "MRm_new": 279.8603864150524, "HITS@1m_new": 0.14040443911361508, "HITS@3m_new": 0.23434412797791884, "HITS@10m_new": 0.38194379880139606}