{"MRRm_new": 0.14889418982797362, "MRm_new": 2292.4773240120708, "HITS@1m_new": 0.09465159753695479, "HITS@3m_new": 0.1565794708939211, "HITS@10m_new": 0.25136485081582216}