{"MRRm_new": 0.07084096212481672, "MRm_new": 892.343695921731, "HITS@1m_new": 0.03553899830435403, "HITS@3m_new": 0.07092009101159638, "HITS@10m_new": 0.13552998378453776}