{"MRRm_new": 0.15975206777878792, "MRm_new": 3655.1700853376688, "HITS@1m_new": 0.1038876188188733, "HITS@3m_new": 0.17113537372087012, "HITS@10m_new": 0.266558113683539}