{"MRRm_new": 0.1774149403466683, "MRm_new": 529.3880129147291, "HITS@1m_new": 0.11262258676527999, "HITS@3m_new": 0.19389562705517746, "HITS@10m_new": 0.30523181280316786}