{"MRRm_new": 0.004315784008079209, "MRm_new": 5138.391828099441, "HITS@1m_new": 0.0011398270157631488, "HITS@3m_new": 0.003284488462656736, "HITS@10m_new": 0.007524481277260929}