{"MRRm_new": 0.08062719913151085, "MRm_new": 970.8955861179828, "HITS@1m_new": 0.04654504053094424, "HITS@3m_new": 0.08074415591150755, "HITS@10m_new": 0.14419071085557808}