{"MRRm_new": 0.12809404017467477, "MRm_new": 734.1817407014966, "HITS@1m_new": 0.07039710694795212, "HITS@3m_new": 0.13601314633645234, "HITS@10m_new": 0.24300086880703747}