{"MRRm_new": 0.3766188908471313, "MRm_new": 374.2328751012534, "HITS@1m_new": 0.29435279001457093, "HITS@3m_new": 0.40956031349168914, "HITS@10m_new": 0.5356941086723164}