{"MRRm_new": 0.3048722278461432, "MRm_new": 2431.488358484298, "HITS@1m_new": 0.22910314293950795, "HITS@3m_new": 0.3252467206527945, "HITS@10m_new": 0.4633073115630541}