{"MRRm_new": 0.3185724559205301, "MRm_new": 1745.3609039465784, "HITS@1m_new": 0.23664326018490828, "HITS@3m_new": 0.35129604033695067, "HITS@10m_new": 0.4813925775734242}