{"MRRm_new": 0.16969218656757312, "MRm_new": 608.6656375925616, "HITS@1m_new": 0.10454257931328903, "HITS@3m_new": 0.18467271245653682, "HITS@10m_new": 0.3008685444446855}