{"MRRm_new": 0.07258912507957284, "MRm_new": 867.9844559544325, "HITS@1m_new": 0.036459414213907436, "HITS@3m_new": 0.073871801987465, "HITS@10m_new": 0.14006934528009732}