{"MRRm_new": 0.1841385540395888, "MRm_new": 321.79967785658835, "HITS@1m_new": 0.11421432740822783, "HITS@3m_new": 0.199601771470753, "HITS@10m_new": 0.3232599404237408}