{"MRRm_new": 0.09878495758126374, "MRm_new": 3538.00994380157, "HITS@1m_new": 0.057448913974128664, "HITS@3m_new": 0.10503213921817951, "HITS@10m_new": 0.1811408482295461}