{"MRRm_new": 0.2364800592301821, "MRm_new": 239.9595188387871, "HITS@1m_new": 0.15238854665870313, "HITS@3m_new": 0.2522964157741517, "HITS@10m_new": 0.4112766446149908}