{"MRRm_new": 0.13895504624602517, "MRm_new": 4413.153046242804, "HITS@1m_new": 0.09037679039956129, "HITS@3m_new": 0.14241198550096307, "HITS@10m_new": 0.23328652278141818}