{"MRRm_new": 0.1562896638246366, "MRm_new": 2846.3814891781212, "HITS@1m_new": 0.09796431611570006, "HITS@3m_new": 0.17203682431322523, "HITS@10m_new": 0.27711369508414646}