{"MRRm_new": 0.2873350378311261, "MRm_new": 2102.3519833018186, "HITS@1m_new": 0.20973149464919696, "HITS@3m_new": 0.31181279325752986, "HITS@10m_new": 0.4427369925333187}