{"MRRm_new": 0.10399970624686247, "MRm_new": 3600.04128292985, "HITS@1m_new": 0.06123709968184121, "HITS@3m_new": 0.10895239982493221, "HITS@10m_new": 0.18478243407867848}