{"MRRm_new": 0.4583572294221049, "MRm_new": 337.54220464723556, "HITS@1m_new": 0.3967221844389351, "HITS@3m_new": 0.4811215927416924, "HITS@10m_new": 0.5753326294206199}