{"MRRm_new": 0.09056510926393094, "MRm_new": 16362.39311573267, "HITS@1m_new": 0.05288237208058126, "HITS@3m_new": 0.09671238838479622, "HITS@10m_new": 0.16636177175096237}