{"MRRm_new": 0.40723382009916986, "MRm_new": 326.5032097473294, "HITS@1m_new": 0.32002830056831955, "HITS@3m_new": 0.44511547774467547, "HITS@10m_new": 0.5745773306986958}