{"MRRm_new": 0.30829697810779, "MRm_new": 1938.2219055597782, "HITS@1m_new": 0.2265699514236767, "HITS@3m_new": 0.34081934276083486, "HITS@10m_new": 0.4784044754181523}