{"MRRm_new": 0.08579939637552451, "MRm_new": 853.4187556834697, "HITS@1m_new": 0.049728982128540516, "HITS@3m_new": 0.08760018937934656, "HITS@10m_new": 0.14883062664852478}