{"MRRm_new": 0.4373420558975122, "MRm_new": 2792.5967786520423, "HITS@1m_new": 0.41706151112704537, "HITS@3m_new": 0.4492419521234697, "HITS@10m_new": 0.47049336360851884}