{"MRRm_new": 0.10419097479972116, "MRm_new": 3842.6603115193843, "HITS@1m_new": 0.06453791524250992, "HITS@3m_new": 0.11112593707921915, "HITS@10m_new": 0.1822188135394361}