{"MRRm_new": 0.21696084025256715, "MRm_new": 341.99540366830826, "HITS@1m_new": 0.13526230414059245, "HITS@3m_new": 0.22843418405610136, "HITS@10m_new": 0.3980221824797336}