{"MRRm_new": 0.1616001093837758, "MRm_new": 3285.0112574847935, "HITS@1m_new": 0.10870062539246282, "HITS@3m_new": 0.167041653865861, "HITS@10m_new": 0.2668890389403095}