{"MRRm_new": 0.14453199068037428, "MRm_new": 746.9933564342335, "HITS@1m_new": 0.08527006433242787, "HITS@3m_new": 0.15421020447841147, "HITS@10m_new": 0.2625145817855373}