{"MRRm_new": 0.3351124144465539, "MRm_new": 553.9446660659313, "HITS@1m_new": 0.27237772932963344, "HITS@3m_new": 0.35610854448668033, "HITS@10m_new": 0.4561828750126515}