{"MRRm_new": 0.09411273603715381, "MRm_new": 639.4873217087508, "HITS@1m_new": 0.05218670603111386, "HITS@3m_new": 0.09407144983952749, "HITS@10m_new": 0.1732108005354181}