{"MRRm_new": 0.10684374681768968, "MRm_new": 3904.1966569554565, "HITS@1m_new": 0.06459104721113108, "HITS@3m_new": 0.11231146412920207, "HITS@10m_new": 0.191996472612489}