{"MRRm_new": 0.3012801167039866, "MRm_new": 2627.079180222064, "HITS@1m_new": 0.22341840185562614, "HITS@3m_new": 0.3219132582342718, "HITS@10m_new": 0.46932418222090927}