{"MRRm_new": 0.002187710847235576, "MRm_new": 5162.048207255363, "HITS@1m_new": 2.6518031070008873e-05, "HITS@3m_new": 0.0005097323910798877, "HITS@10m_new": 0.0036554273877991363}