{"MRRm_new": 0.4294040254281581, "MRm_new": 234.44418352074922, "HITS@1m_new": 0.3205955601960195, "HITS@3m_new": 0.48008184095623435, "HITS@10m_new": 0.651088255307579}