{"MRRm_new": 0.3176301119017303, "MRm_new": 1803.3553485129476, "HITS@1m_new": 0.2365416633693967, "HITS@3m_new": 0.3474290474926238, "HITS@10m_new": 0.47648469217889944}