{"MRRm_new": 0.20383567746652262, "MRm_new": 411.68823481132983, "HITS@1m_new": 0.1380049933719798, "HITS@3m_new": 0.21786786869079805, "HITS@10m_new": 0.33501988271800803}