{"MRRm_new": 0.3200411419880802, "MRm_new": 1682.6818579895496, "HITS@1m_new": 0.23775966069172136, "HITS@3m_new": 0.3517538844946539, "HITS@10m_new": 0.48330867767822927}