{"MRRm_new": 0.2679694165243327, "MRm_new": 2610.4573506413994, "HITS@1m_new": 0.20254004477539275, "HITS@3m_new": 0.2855010691840289, "HITS@10m_new": 0.39555926317072587}