{"MRRm_new": 0.14208665132206988, "MRm_new": 2269.8209839987753, "HITS@1m_new": 0.0877902464018698, "HITS@3m_new": 0.15377986276143202, "HITS@10m_new": 0.2527151674339111}