{"MRRm_new": 0.11819506800836825, "MRm_new": 606.9733365025044, "HITS@1m_new": 0.0713561706194072, "HITS@3m_new": 0.1213953027316893, "HITS@10m_new": 0.2078385599539848}