{"MRRm_new": 0.28219018478696173, "MRm_new": 2890.7937431624828, "HITS@1m_new": 0.20498230886866803, "HITS@3m_new": 0.30866844300797674, "HITS@10m_new": 0.43448304939828813}