{"MRRm_new": 0.29082314321424474, "MRm_new": 2448.239260338694, "HITS@1m_new": 0.2126873137226794, "HITS@3m_new": 0.3126423924030969, "HITS@10m_new": 0.4512872924902476}