{"MRRm_new": 0.002758223578739853, "MRm_new": 5140.541387907409, "HITS@1m_new": 0.00011378996171988547, "HITS@3m_new": 0.0008937350384192541, "HITS@10m_new": 0.005080892250686884}