{"MRRm_new": 0.31625613321889706, "MRm_new": 1832.7479158667327, "HITS@1m_new": 0.23512599137914367, "HITS@3m_new": 0.3459333978461218, "HITS@10m_new": 0.4757976385236252}