{"MRRm_new": 0.24007932048212824, "MRm_new": 436.42836863806247, "HITS@1m_new": 0.16588934180138168, "HITS@3m_new": 0.254546031891834, "HITS@10m_new": 0.3913324691365473}