{"MRRm_new": 0.14858771317404718, "MRm_new": 4162.864247188717, "HITS@1m_new": 0.0972221962443291, "HITS@3m_new": 0.156464481531817, "HITS@10m_new": 0.2478460341982718}