{"MRRm_new": 0.20718679250248623, "MRm_new": 721.4565788557231, "HITS@1m_new": 0.12966339345823508, "HITS@3m_new": 0.22371168318693527, "HITS@10m_new": 0.36282431820279454}