{"MRRm_new": 0.4477428964982992, "MRm_new": 264.10771923954786, "HITS@1m_new": 0.3505076114321164, "HITS@3m_new": 0.4941820416710398, "HITS@10m_new": 0.6424177774635027}