{"MRRm_new": 0.24836486039910668, "MRm_new": 393.3225489866018, "HITS@1m_new": 0.1727455144093372, "HITS@3m_new": 0.2658095319039188, "HITS@10m_new": 0.4028579132677056}