{"MRRm_new": 0.28631243744778706, "MRm_new": 2177.9743067756594, "HITS@1m_new": 0.20912481216795276, "HITS@3m_new": 0.3103767960787518, "HITS@10m_new": 0.44202987834718077}