{"MRRm_new": 0.004149925358619657, "MRm_new": 5139.0946925107, "HITS@1m_new": 0.0008516714392229914, "HITS@3m_new": 0.0031788159261923283, "HITS@10m_new": 0.007772776326350868}