{"MRRm_new": 0.1971607229308691, "MRm_new": 295.81419019641874, "HITS@1m_new": 0.12718043694531078, "HITS@3m_new": 0.2062827005059109, "HITS@10m_new": 0.34525260849739425}