{"MRRm_new": 0.30035321245498925, "MRm_new": 172.64648526215552, "HITS@1m_new": 0.20906580664506183, "HITS@3m_new": 0.3308818823872134, "HITS@10m_new": 0.48395994270611553}