{"MRRm_new": 0.08598989460118464, "MRm_new": 644.3980877902746, "HITS@1m_new": 0.04469280343078426, "HITS@3m_new": 0.08491720671337098, "HITS@10m_new": 0.16608407148506957}