{"MRRm_new": 0.21075116196854196, "MRm_new": 3240.9788415535986, "HITS@1m_new": 0.1606526269626047, "HITS@3m_new": 0.22437247192172072, "HITS@10m_new": 0.3120494113900204}