{"MRRm_new": 0.13163923930398233, "MRm_new": 4683.6027157718245, "HITS@1m_new": 0.08582427092411672, "HITS@3m_new": 0.13386198609462008, "HITS@10m_new": 0.21991695104914835}