{"MRRm_new": 0.1706819342923327, "MRm_new": 802.3779758949951, "HITS@1m_new": 0.11308804525244341, "HITS@3m_new": 0.1847722498973453, "HITS@10m_new": 0.27888769199032687}