{"MRRm_new": 0.6712212745992092, "MRm_new": 217.10289077292381, "HITS@1m_new": 0.6129388560754705, "HITS@3m_new": 0.7019938757198543, "HITS@10m_new": 0.7790489865244381}