{"MRRm_new": 0.09747042460334487, "MRm_new": 693.6398806804181, "HITS@1m_new": 0.054097679656744, "HITS@3m_new": 0.09778201693879673, "HITS@10m_new": 0.18070046518207528}