{"MRRm_new": 0.09292913798153458, "MRm_new": 636.9939722462655, "HITS@1m_new": 0.04932732571361121, "HITS@3m_new": 0.09630220938641577, "HITS@10m_new": 0.1720326216217014}