{"MRRm_new": 0.4296962110189661, "MRm_new": 219.43952228046953, "HITS@1m_new": 0.32107768605297676, "HITS@3m_new": 0.4811872050746606, "HITS@10m_new": 0.651231538476859}