{"MRRm_new": 0.3221923086184047, "MRm_new": 1664.9836202916504, "HITS@1m_new": 0.2411389952528407, "HITS@3m_new": 0.35128444495960137, "HITS@10m_new": 0.4813858964915853}