{"MRRm_new": 0.0748343016104016, "MRm_new": 814.6880337818384, "HITS@1m_new": 0.03738139852557797, "HITS@3m_new": 0.07562522075612796, "HITS@10m_new": 0.14380244931128108}