{"MRRm_new": 0.5173158128590157, "MRm_new": 162.12168108859657, "HITS@1m_new": 0.4057355528952357, "HITS@3m_new": 0.5774312844742708, "HITS@10m_new": 0.7368047549578041}