{"MRRm_new": 0.5318019867030207, "MRm_new": 213.68618971725553, "HITS@1m_new": 0.4673374426762166, "HITS@3m_new": 0.5591258703697386, "HITS@10m_new": 0.6544418413951644}