{"MRRm_new": 0.08704469228009984, "MRm_new": 899.565273069048, "HITS@1m_new": 0.05161100060241297, "HITS@3m_new": 0.08519752257658401, "HITS@10m_new": 0.1549632574369665}