{"MRRm_new": 0.22020198785552292, "MRm_new": 3564.258789817542, "HITS@1m_new": 0.16964101827085687, "HITS@3m_new": 0.23631543640074962, "HITS@10m_new": 0.3215538821663504}