{"MRRm_new": 0.22033268572409997, "MRm_new": 3238.8138012619766, "HITS@1m_new": 0.17693318868175265, "HITS@3m_new": 0.23195691025952692, "HITS@10m_new": 0.30609821939235554}