{"MRRm_new": 0.13138795665836642, "MRm_new": 650.9630934212208, "HITS@1m_new": 0.0731654747535722, "HITS@3m_new": 0.13763865986440213, "HITS@10m_new": 0.24927636482143134}