{"MRRm_new": 0.08606141805467678, "MRm_new": 15696.559631391912, "HITS@1m_new": 0.05425337899429723, "HITS@3m_new": 0.09037709294888191, "HITS@10m_new": 0.14982176219113172}