{"MRRm_new": 0.38694429283301907, "MRm_new": 344.3312331125215, "HITS@1m_new": 0.3027176379365846, "HITS@3m_new": 0.42231374787547976, "HITS@10m_new": 0.5490455929160598}