{"MRRm_new": 0.14190202639414884, "MRm_new": 3612.5031450175047, "HITS@1m_new": 0.09245171329045843, "HITS@3m_new": 0.14811280914701638, "HITS@10m_new": 0.2364494079984579}