{"MRRm_new": 0.14673205529930602, "MRm_new": 4269.498538980514, "HITS@1m_new": 0.0972178185126977, "HITS@3m_new": 0.15412853245453154, "HITS@10m_new": 0.24320864781457932}