{"MRRm_new": 0.3195958784159675, "MRm_new": 1693.1808795584739, "HITS@1m_new": 0.23762457256321795, "HITS@3m_new": 0.35098400407133157, "HITS@10m_new": 0.4830844800134655}