{"MRRm_new": 0.17527729655707663, "MRm_new": 741.2626950153261, "HITS@1m_new": 0.11696786676695047, "HITS@3m_new": 0.18932412982127061, "HITS@10m_new": 0.2868462106474035}