{"MRRm_new": 0.15971103144052995, "MRm_new": 2216.704064087033, "HITS@1m_new": 0.10842099903219787, "HITS@3m_new": 0.17156715525737673, "HITS@10m_new": 0.26446609496373275}