{"MRRm_new": 0.0855042557907841, "MRm_new": 16358.380247438134, "HITS@1m_new": 0.0542813995066681, "HITS@3m_new": 0.08827549875195836, "HITS@10m_new": 0.14938996892247813}