{"MRRm_new": 0.4789129635976587, "MRm_new": 236.40411864629388, "HITS@1m_new": 0.3752206562377396, "HITS@3m_new": 0.5327062370818785, "HITS@10m_new": 0.686705142634757}