{"MRRm_new": 0.47525575448137986, "MRm_new": 223.1535179286003, "HITS@1m_new": 0.3741454948518658, "HITS@3m_new": 0.5267711258294112, "HITS@10m_new": 0.6738032728099206}