{"MRRm_new": 0.14566075124866484, "MRm_new": 4365.387314661294, "HITS@1m_new": 0.09721062139702553, "HITS@3m_new": 0.15323138968390412, "HITS@10m_new": 0.23896977906762915}