{"MRRm_new": 0.28993241709488793, "MRm_new": 184.76718545143603, "HITS@1m_new": 0.19927137486631982, "HITS@3m_new": 0.31950115310386756, "HITS@10m_new": 0.47495805509500205}