{"MRRm_new": 0.29430547790517675, "MRm_new": 2216.7325776745975, "HITS@1m_new": 0.21758436610980425, "HITS@3m_new": 0.3187063149613095, "HITS@10m_new": 0.45213409410975874}