{"MRRm_new": 0.5125773740327076, "MRm_new": 274.9250201431513, "HITS@1m_new": 0.44784186969828804, "HITS@3m_new": 0.5403278546325746, "HITS@10m_new": 0.6371358873568242}