{"MRRm_new": 0.5507476265214655, "MRm_new": 273.2250911692679, "HITS@1m_new": 0.4845416082824959, "HITS@3m_new": 0.5814793124318166, "HITS@10m_new": 0.676425013461645}