{"MRRm_new": 0.24671608142244805, "MRm_new": 385.05974268381595, "HITS@1m_new": 0.16909381371740018, "HITS@3m_new": 0.2694240677271038, "HITS@10m_new": 0.40054837711630387}