{"MRRm_new": 0.17469008606503775, "MRm_new": 459.4903812559605, "HITS@1m_new": 0.1117207758274686, "HITS@3m_new": 0.18260483419550583, "HITS@10m_new": 0.30333452337244526}