{"MRRm_new": 0.08950031915909494, "MRm_new": 668.6652731014252, "HITS@1m_new": 0.04748402114232304, "HITS@3m_new": 0.09030964936464443, "HITS@10m_new": 0.16589438934349454}