{"MRRm_new": 0.10344408386282884, "MRm_new": 3679.2647841040134, "HITS@1m_new": 0.05993745757360011, "HITS@3m_new": 0.11001439278558828, "HITS@10m_new": 0.18596939799799583}