{"MRRm_new": 0.17484747308284024, "MRm_new": 839.1809454415962, "HITS@1m_new": 0.11877490228349052, "HITS@3m_new": 0.18727093303194853, "HITS@10m_new": 0.2839234607054095}