{"MRRm_new": 0.34156397081229717, "MRm_new": 432.85483130525796, "HITS@1m_new": 0.2759098555697856, "HITS@3m_new": 0.36729569783757327, "HITS@10m_new": 0.45897542587074713}