{"MRRm_new": 0.1614491593033954, "MRm_new": 3055.4624600714296, "HITS@1m_new": 0.10239141656114953, "HITS@3m_new": 0.1765532425009733, "HITS@10m_new": 0.28364401081664253}