{"MRRm_new": 0.0016384513792349934, "MRm_new": 17336.42953720474, "HITS@1m_new": 0.0003874317007139325, "HITS@3m_new": 0.0003874317007139325, "HITS@10m_new": 0.0009823519322089851}