{"MRRm_new": 0.1289599986193998, "MRm_new": 692.6897508686483, "HITS@1m_new": 0.07048541024567384, "HITS@3m_new": 0.13738319827608939, "HITS@10m_new": 0.24575142095330374}