{"MRRm_new": 0.11925739254270593, "MRm_new": 873.4990892064571, "HITS@1m_new": 0.06543380100688227, "HITS@3m_new": 0.12884755114313157, "HITS@10m_new": 0.22373827141827496}