{"MRRm_new": 0.7145360452858694, "MRm_new": 135.38522577932477, "HITS@1m_new": 0.6580683757819789, "HITS@3m_new": 0.7454003950850238, "HITS@10m_new": 0.8210176199610578}