{"MRRm_new": 0.22148471594483127, "MRm_new": 285.32435653750895, "HITS@1m_new": 0.14150256637088024, "HITS@3m_new": 0.23383531423797832, "HITS@10m_new": 0.38083118827911094}