{"MRRm_new": 0.08088889974416233, "MRm_new": 902.1387479841948, "HITS@1m_new": 0.04491223841885803, "HITS@3m_new": 0.08302654981600353, "HITS@10m_new": 0.14606365872772875}