{"MRRm_new": 0.0699591493108499, "MRm_new": 923.9574613588095, "HITS@1m_new": 0.03494508221065626, "HITS@3m_new": 0.06995157251566415, "HITS@10m_new": 0.1338500042725238}