{"MRRm_new": 0.2974387929875743, "MRm_new": 508.1024958687425, "HITS@1m_new": 0.2047291697859764, "HITS@3m_new": 0.3270114041406196, "HITS@10m_new": 0.4828887947779149}