{"MRRm_new": 0.1373287776784673, "MRm_new": 4714.03185407421, "HITS@1m_new": 0.09054544614128826, "HITS@3m_new": 0.13877037898382696, "HITS@10m_new": 0.22770852022210603}