{"MRRm_new": 0.08753906334725761, "MRm_new": 865.1070934671163, "HITS@1m_new": 0.051198173311026766, "HITS@3m_new": 0.08909715297776274, "HITS@10m_new": 0.1538817173403455}