{"MRRm_new": 0.2232011537870145, "MRm_new": 263.71983588910103, "HITS@1m_new": 0.1403550497388118, "HITS@3m_new": 0.23753222358031198, "HITS@10m_new": 0.38896667309696786}