{"MRRm_new": 0.49822462477945556, "MRm_new": 200.27400363010167, "HITS@1m_new": 0.39194412314832516, "HITS@3m_new": 0.5569611954582179, "HITS@10m_new": 0.7037373864726032}