{"MRRm_new": 0.31498129008452724, "MRm_new": 265.2983368331194, "HITS@1m_new": 0.21677427931455895, "HITS@3m_new": 0.34817725290195084, "HITS@10m_new": 0.5159675020887516}