{"MRRm_new": 0.26931309962165234, "MRm_new": 2453.6337132201793, "HITS@1m_new": 0.20236087452647916, "HITS@3m_new": 0.28792351105190755, "HITS@10m_new": 0.3992126500591985}