{"MRRm_new": 0.17991095366865192, "MRm_new": 766.5536665485575, "HITS@1m_new": 0.12128340046037919, "HITS@3m_new": 0.19334756289028154, "HITS@10m_new": 0.29348113277075755}