{"MRRm_new": 0.4374813339726525, "MRm_new": 373.60867554493996, "HITS@1m_new": 0.3748166401248891, "HITS@3m_new": 0.4622280620372476, "HITS@10m_new": 0.5544781368176227}