{"MRRm_new": 0.28833957314765213, "MRm_new": 2769.893420870334, "HITS@1m_new": 0.21107469146733637, "HITS@3m_new": 0.31076450762350577, "HITS@10m_new": 0.44875209899945184}