{"MRRm_new": 0.36272398568379505, "MRm_new": 421.28215846099704, "HITS@1m_new": 0.2828807703183411, "HITS@3m_new": 0.39221396399130753, "HITS@10m_new": 0.51793756732763}