{"MRRm_new": 0.14665165693109838, "MRm_new": 3227.1774527435005, "HITS@1m_new": 0.09651503084233264, "HITS@3m_new": 0.15505921148401103, "HITS@10m_new": 0.24115482884985978}