{"MRRm_new": 0.1488732481482052, "MRm_new": 4143.5762267045375, "HITS@1m_new": 0.09689382352633402, "HITS@3m_new": 0.15754340354033047, "HITS@10m_new": 0.2500841453699686}