{"MRRm_new": 0.08663515601400286, "MRm_new": 901.5694762883425, "HITS@1m_new": 0.05052017155410722, "HITS@3m_new": 0.08882757672104054, "HITS@10m_new": 0.1520952314951224}