{"MRRm_new": 0.20599655650029944, "MRm_new": 701.0182887904346, "HITS@1m_new": 0.12730486103740987, "HITS@3m_new": 0.22412168762064538, "HITS@10m_new": 0.36610249299102}