{"MRRm_new": 0.14267325258971458, "MRm_new": 4574.015269385249, "HITS@1m_new": 0.09445242276582576, "HITS@3m_new": 0.14999359138921137, "HITS@10m_new": 0.2350698606963997}