{"MRRm_new": 0.07225192333013547, "MRm_new": 930.4268977240324, "HITS@1m_new": 0.034844455327652395, "HITS@3m_new": 0.07400105259554693, "HITS@10m_new": 0.14089586467035115}