{"MRRm_new": 0.14877128096725484, "MRm_new": 2783.1805620118676, "HITS@1m_new": 0.09806088645898853, "HITS@3m_new": 0.15449773453804663, "HITS@10m_new": 0.24542501955429907}