{"MRRm_new": 0.46905855124179197, "MRm_new": 228.7189969473928, "HITS@1m_new": 0.36828251490260666, "HITS@3m_new": 0.5220912016389302, "HITS@10m_new": 0.6665195311188218}