{"MRRm_new": 0.20034537833373817, "MRm_new": 2724.1679898549764, "HITS@1m_new": 0.15718465813380317, "HITS@3m_new": 0.21110983420244883, "HITS@10m_new": 0.28788025271371587}