{"MRRm_new": 0.2564065653985335, "MRm_new": 10651.590953126848, "HITS@1m_new": 0.20215464020101354, "HITS@3m_new": 0.2844001765912399, "HITS@10m_new": 0.35851023038942365}