{"MRRm_new": 0.3467648538281228, "MRm_new": 480.2747276317924, "HITS@1m_new": 0.28218041225786145, "HITS@3m_new": 0.36897679692515883, "HITS@10m_new": 0.46986623097184566}