{"MRRm_new": 0.5333218708460672, "MRm_new": 204.7812447357774, "HITS@1m_new": 0.4680902598195971, "HITS@3m_new": 0.5620235161148521, "HITS@10m_new": 0.6563064982380893}