{"MRRm_new": 0.004274785594448622, "MRm_new": 5131.675833178234, "HITS@1m_new": 0.0010009370620828121, "HITS@3m_new": 0.003421158622391522, "HITS@10m_new": 0.007781344479275867}