{"MRRm_new": 0.16322355255001914, "MRm_new": 3081.6386270681023, "HITS@1m_new": 0.10410281240617042, "HITS@3m_new": 0.1799602418824652, "HITS@10m_new": 0.283713076952321}