{"MRRm_new": 0.002931162437827152, "MRm_new": 5150.491339376736, "HITS@1m_new": 0.0006137899617198855, "HITS@3m_new": 0.0013661072066286578, "HITS@10m_new": 0.004000297013111413}