{"MRRm_new": 0.003948194745040382, "MRm_new": 5165.780550386429, "HITS@1m_new": 0.0010377817587461323, "HITS@3m_new": 0.002710031692357734, "HITS@10m_new": 0.007010890357894823}