{"MRRm_new": 0.22256961423672328, "MRm_new": 254.71235773818492, "HITS@1m_new": 0.13967710007872666, "HITS@3m_new": 0.23706490118755028, "HITS@10m_new": 0.3876990988539997}