{"MRRm_new": 0.30470757205850807, "MRm_new": 418.74905194243786, "HITS@1m_new": 0.22430555949664632, "HITS@3m_new": 0.33331495488548535, "HITS@10m_new": 0.4656021160973396}