{"MRRm_new": 0.17487259408126737, "MRm_new": 3516.664203416541, "HITS@1m_new": 0.11616364216795773, "HITS@3m_new": 0.19177991010073311, "HITS@10m_new": 0.2961250992040441}