{"MRRm_new": 0.07347778305131651, "MRm_new": 900.8351572909116, "HITS@1m_new": 0.037104981507640335, "HITS@3m_new": 0.07342285716908518, "HITS@10m_new": 0.14109473137069725}