{"MRRm_new": 0.08714784487179131, "MRm_new": 907.8980863998413, "HITS@1m_new": 0.05152375756995752, "HITS@3m_new": 0.0859124984154594, "HITS@10m_new": 0.15536609620288946}