{"MRRm_new": 0.48752978672802055, "MRm_new": 168.3300669234544, "HITS@1m_new": 0.3808216256172927, "HITS@3m_new": 0.540199494629138, "HITS@10m_new": 0.7036633557980531}