{"MRRm_new": 0.1056007443528938, "MRm_new": 16411.858368100344, "HITS@1m_new": 0.0683809090743307, "HITS@3m_new": 0.11316898466390557, "HITS@10m_new": 0.17581586773204616}