{"MRRm_new": 0.49855855301911833, "MRm_new": 274.3602595355585, "HITS@1m_new": 0.4342930609751566, "HITS@3m_new": 0.5236652392645483, "HITS@10m_new": 0.621199519732705}