{"MRRm_new": 0.18019592247760466, "MRm_new": 739.8524112634659, "HITS@1m_new": 0.12184134989120503, "HITS@3m_new": 0.19396364081911088, "HITS@10m_new": 0.29040915210962703}