{"MRRm_new": 0.07057623300946289, "MRm_new": 898.828971417737, "HITS@1m_new": 0.03515992980282754, "HITS@3m_new": 0.07089733399496181, "HITS@10m_new": 0.13573764743250794}