{"MRRm_new": 0.25817821110269434, "MRm_new": 359.14657585599423, "HITS@1m_new": 0.18007851420431398, "HITS@3m_new": 0.2759323211725801, "HITS@10m_new": 0.41872466717157514}