{"MRRm_new": 0.2384398400083912, "MRm_new": 231.57044999756812, "HITS@1m_new": 0.15394101742079946, "HITS@3m_new": 0.254025836882554, "HITS@10m_new": 0.41334245702270417}