{"MRRm_new": 0.177185927740678, "MRm_new": 332.0013625776291, "HITS@1m_new": 0.10570964738978655, "HITS@3m_new": 0.19164712052718968, "HITS@10m_new": 0.31487208974957465}