{"MRRm_new": 0.07626439915014198, "MRm_new": 803.1961263684273, "HITS@1m_new": 0.03827927029237617, "HITS@3m_new": 0.07729701336225261, "HITS@10m_new": 0.146294765249209}