{"MRRm_new": 0.4381503551345923, "MRm_new": 108.55827616296709, "HITS@1m_new": 0.3304649494868645, "HITS@3m_new": 0.4937489848701807, "HITS@10m_new": 0.6462431493652402}