{"MRRm_new": 0.255157052980122, "MRm_new": 699.6944019257128, "HITS@1m_new": 0.1965113572101727, "HITS@3m_new": 0.27252902724434536, "HITS@10m_new": 0.3666218536923407}