{"MRRm_new": 0.41354645584166067, "MRm_new": 307.23682541649043, "HITS@1m_new": 0.32508664449447316, "HITS@3m_new": 0.45222477350492774, "HITS@10m_new": 0.5830228481822415}