{"MRRm_new": 0.1911343971928318, "MRm_new": 559.2058131068572, "HITS@1m_new": 0.12263198899476993, "HITS@3m_new": 0.20786205313149547, "HITS@10m_new": 0.32587134447543215}