{"MRRm_new": 0.21852813685763978, "MRm_new": 326.3149996172428, "HITS@1m_new": 0.13771999391764403, "HITS@3m_new": 0.23284863324258476, "HITS@10m_new": 0.3796631575232837}