{"MRRm_new": 0.17753366912604543, "MRm_new": 437.6652827823758, "HITS@1m_new": 0.11204544472168781, "HITS@3m_new": 0.18637516565318218, "HITS@10m_new": 0.31681481782374904}