{"MRRm_new": 0.1860666652755055, "MRm_new": 446.1533257071018, "HITS@1m_new": 0.12381925171502517, "HITS@3m_new": 0.19750692782311235, "HITS@10m_new": 0.30838848581707573}