{"MRRm_new": 0.2506618057350788, "MRm_new": 371.24430067722795, "HITS@1m_new": 0.1738154586109682, "HITS@3m_new": 0.2699108659969643, "HITS@10m_new": 0.408038946597185}