{"MRRm_new": 0.4997165512260854, "MRm_new": 198.2146343188733, "HITS@1m_new": 0.39333856495992586, "HITS@3m_new": 0.5586824575435858, "HITS@10m_new": 0.7052799509333781}