{"MRRm_new": 0.2919675525147886, "MRm_new": 2704.1009129312038, "HITS@1m_new": 0.22189833667574566, "HITS@3m_new": 0.3126947364957305, "HITS@10m_new": 0.4297905754665844}