{"MRRm_new": 0.10305733649832546, "MRm_new": 567.9751421228885, "HITS@1m_new": 0.05886588470130227, "HITS@3m_new": 0.10271148209229577, "HITS@10m_new": 0.18727379332906566}