{"MRRm_new": 0.09647569712650002, "MRm_new": 678.07133157444, "HITS@1m_new": 0.05215169999357313, "HITS@3m_new": 0.09882347957441234, "HITS@10m_new": 0.17680798539470416}