{"MRRm_new": 0.19238026083224394, "MRm_new": 415.3538949761391, "HITS@1m_new": 0.12938780501326547, "HITS@3m_new": 0.2013493505188264, "HITS@10m_new": 0.32030906997499986}