{"MRRm_new": 0.19085134286493577, "MRm_new": 2541.837206889629, "HITS@1m_new": 0.143116158726516, "HITS@3m_new": 0.2050366552058622, "HITS@10m_new": 0.28502479790724466}