{"MRRm_new": 0.7230118442094863, "MRm_new": 132.28281155624987, "HITS@1m_new": 0.6668160048584542, "HITS@3m_new": 0.7541188588691657, "HITS@10m_new": 0.8285616561435163}