{"MRRm_new": 0.3130090294163256, "MRm_new": 1963.0542910467088, "HITS@1m_new": 0.23135001729626675, "HITS@3m_new": 0.3374307678421028, "HITS@10m_new": 0.4860473977859947}