{"MRRm_new": 0.21750372907098936, "MRm_new": 323.12283286373616, "HITS@1m_new": 0.13519958865275838, "HITS@3m_new": 0.23025467989812606, "HITS@10m_new": 0.3994194045382086}