{"MRRm_new": 0.27906418592886073, "MRm_new": 2681.32131972453, "HITS@1m_new": 0.20438368627248565, "HITS@3m_new": 0.30590035420804634, "HITS@10m_new": 0.42545720245016855}