{"MRRm_new": 0.20279086289243697, "MRm_new": 3188.2057645549626, "HITS@1m_new": 0.15124531154238502, "HITS@3m_new": 0.21705176603694418, "HITS@10m_new": 0.307647450884062}