{"MRRm_new": 0.0015407851573654625, "MRm_new": 5511.854147854328, "HITS@1m_new": 4.6750329987844454e-05, "HITS@3m_new": 0.0003748276721453294, "HITS@10m_new": 0.0029756013169608196}