{"MRRm_new": 0.12623295608248736, "MRm_new": 762.0349684540331, "HITS@1m_new": 0.06877492253714444, "HITS@3m_new": 0.13523400989785295, "HITS@10m_new": 0.23992463795926597}