{"MRRm_new": 0.18744442000819708, "MRm_new": 611.625011818178, "HITS@1m_new": 0.12031608445036546, "HITS@3m_new": 0.20366040593582146, "HITS@10m_new": 0.3194899214294564}