{"MRRm_new": 0.23072511911444454, "MRm_new": 274.50469513683316, "HITS@1m_new": 0.14393750787691098, "HITS@3m_new": 0.24321987605222384, "HITS@10m_new": 0.4222277167014312}