{"MRRm_new": 0.3042070829631625, "MRm_new": 2245.2529920680226, "HITS@1m_new": 0.22545856199925765, "HITS@3m_new": 0.32559095811028965, "HITS@10m_new": 0.47320120920834596}