{"MRRm_new": 0.1803376637354071, "MRm_new": 355.29946718138456, "HITS@1m_new": 0.11498060937597765, "HITS@3m_new": 0.18653831764440984, "HITS@10m_new": 0.3207617968980223}