{"MRRm_new": 0.15434437410202237, "MRm_new": 4293.0889739530085, "HITS@1m_new": 0.10323939425205754, "HITS@3m_new": 0.16292852761296672, "HITS@10m_new": 0.25381791134689413}