{"MRRm_new": 0.1305742686468584, "MRm_new": 683.904170214355, "HITS@1m_new": 0.07145991099679304, "HITS@3m_new": 0.14115281217230585, "HITS@10m_new": 0.2470889243974234}