{"MRRm_new": 0.5822240445088737, "MRm_new": 225.93759690620004, "HITS@1m_new": 0.5140181548639521, "HITS@3m_new": 0.6133021272203696, "HITS@10m_new": 0.7141241834599059}