{"MRRm_new": 0.003340474885342701, "MRm_new": 5201.959476985168, "HITS@1m_new": 0.0005963597923517227, "HITS@3m_new": 0.0023149020256940274, "HITS@10m_new": 0.005465231301868334}