{"MRRm_new": 0.0806104989417363, "MRm_new": 965.5149534051895, "HITS@1m_new": 0.04656581515306607, "HITS@3m_new": 0.08073158837152877, "HITS@10m_new": 0.1445058512679534}