{"MRRm_new": 0.1758655215095103, "MRm_new": 432.5216437963486, "HITS@1m_new": 0.11236841123796185, "HITS@3m_new": 0.18449793871308212, "HITS@10m_new": 0.30355913685599806}