{"MRRm_new": 0.07663655465136836, "MRm_new": 804.2422012612819, "HITS@1m_new": 0.038718864889373074, "HITS@3m_new": 0.07744796328687807, "HITS@10m_new": 0.14715517536642728}