{"MRRm_new": 0.4742206730510834, "MRm_new": 237.36501067367197, "HITS@1m_new": 0.3716732138498337, "HITS@3m_new": 0.5270030830224023, "HITS@10m_new": 0.6802035442973247}