{"MRRm_new": 0.16741771169908498, "MRm_new": 657.5770904372707, "HITS@1m_new": 0.10378509394657158, "HITS@3m_new": 0.18064766301780036, "HITS@10m_new": 0.29730603820664325}