{"MRRm_new": 0.24875666852038703, "MRm_new": 398.7737137452364, "HITS@1m_new": 0.17286182828554883, "HITS@3m_new": 0.26631484728315846, "HITS@10m_new": 0.402526529227104}