{"MRRm_new": 0.16362616034410893, "MRm_new": 859.2630907855928, "HITS@1m_new": 0.10776836640211696, "HITS@3m_new": 0.17604132460347682, "HITS@10m_new": 0.27065307560552904}