{"MRRm_new": 0.28817878620393506, "MRm_new": 2085.6316484713852, "HITS@1m_new": 0.21121312211535406, "HITS@3m_new": 0.3113533927280223, "HITS@10m_new": 0.4433518576426432}