{"MRRm_new": 0.3104042325972164, "MRm_new": 2505.286050515175, "HITS@1m_new": 0.2268680808278732, "HITS@3m_new": 0.3460735011829529, "HITS@10m_new": 0.48330126592842865}