{"MRRm_new": 0.10189804476666031, "MRm_new": 3570.5243475284337, "HITS@1m_new": 0.05896309006302618, "HITS@3m_new": 0.10784601921653375, "HITS@10m_new": 0.1847346872936003}