{"MRRm_new": 0.49529457836867186, "MRm_new": 191.32511381858586, "HITS@1m_new": 0.38834299203998307, "HITS@3m_new": 0.5515994723589429, "HITS@10m_new": 0.7045361599062017}