{"MRRm_new": 0.0043106075777031945, "MRm_new": 5136.50828878479, "HITS@1m_new": 0.0011398270157631488, "HITS@3m_new": 0.0032882620476186275, "HITS@10m_new": 0.007594921530876308}