{"MRRm_new": 0.08684169688924594, "MRm_new": 675.121930851388, "HITS@1m_new": 0.04448087336369208, "HITS@3m_new": 0.08634719363121549, "HITS@10m_new": 0.16766528876507655}