{"MRRm_new": 0.2836446081729141, "MRm_new": 2740.8789336676896, "HITS@1m_new": 0.2076329704229138, "HITS@3m_new": 0.3155649592636619, "HITS@10m_new": 0.43367837236030027}