{"MRRm_new": 0.10791811431835521, "MRm_new": 3691.747655081439, "HITS@1m_new": 0.06605432261219248, "HITS@3m_new": 0.11369833263740875, "HITS@10m_new": 0.18927417979151942}