{"MRRm_new": 0.10109679539744912, "MRm_new": 16112.141907281846, "HITS@1m_new": 0.06512734366650694, "HITS@3m_new": 0.10834536599810235, "HITS@10m_new": 0.1711633093734272}