{"MRRm_new": 0.24039736069343826, "MRm_new": 9213.6600471223, "HITS@1m_new": 0.1730613515744917, "HITS@3m_new": 0.278320387492422, "HITS@10m_new": 0.3696610314112622}