{"MRRm_new": 0.26615042858720606, "MRm_new": 2127.5199757828414, "HITS@1m_new": 0.19274130289274036, "HITS@3m_new": 0.2872439174694591, "HITS@10m_new": 0.40639516328799075}