{"MRRm_new": 0.17588262466567267, "MRm_new": 738.3088974804506, "HITS@1m_new": 0.11691527423297521, "HITS@3m_new": 0.19002863196266118, "HITS@10m_new": 0.2869944597505819}