{"MRRm_new": 0.14152465056243818, "MRm_new": 3052.838525322652, "HITS@1m_new": 0.0833111358567141, "HITS@3m_new": 0.16546016748957337, "HITS@10m_new": 0.2585237737439573}