{"MRRm_new": 0.3118615942686961, "MRm_new": 1751.8656021707654, "HITS@1m_new": 0.22824546234402807, "HITS@3m_new": 0.3438841413463233, "HITS@10m_new": 0.47808223008946515}