{"MRRm_new": 0.0021492436455679124, "MRm_new": 5176.964319353008, "HITS@1m_new": 2.6518031070008873e-05, "HITS@3m_new": 0.0005073227526154369, "HITS@10m_new": 0.003675041270791553}