{"MRRm_new": 0.10153913159181538, "MRm_new": 602.2014132637024, "HITS@1m_new": 0.05789115571975708, "HITS@3m_new": 0.10257238499680534, "HITS@10m_new": 0.18515654091485775}