{"MRRm_new": 0.10452676845608949, "MRm_new": 3716.7998470672132, "HITS@1m_new": 0.06286313099064864, "HITS@3m_new": 0.10942874973928556, "HITS@10m_new": 0.18997480217334814}