{"MRRm_new": 0.3654220622685025, "MRm_new": 1118.662070812583, "HITS@1m_new": 0.2681476919543929, "HITS@3m_new": 0.40025232880818656, "HITS@10m_new": 0.5637672279539984}