{"MRRm_new": 0.13271821684319274, "MRm_new": 648.7030270321369, "HITS@1m_new": 0.07410382111590297, "HITS@3m_new": 0.14103923235210822, "HITS@10m_new": 0.25015199441013103}