{"MRRm_new": 0.2713764985660155, "MRm_new": 2809.02075206247, "HITS@1m_new": 0.20304426575207618, "HITS@3m_new": 0.2876922791241959, "HITS@10m_new": 0.4089927083972434}