{"MRRm_new": 0.24432017340390394, "MRm_new": 2842.915072506219, "HITS@1m_new": 0.17956762667943257, "HITS@3m_new": 0.2635492274466669, "HITS@10m_new": 0.3691105369334109}