{"MRRm_new": 0.2588539495300225, "MRm_new": 376.5333037922621, "HITS@1m_new": 0.1811916076972615, "HITS@3m_new": 0.2779587549695745, "HITS@10m_new": 0.41715716249234974}