{"MRRm_new": 0.17595372949882293, "MRm_new": 340.04955665392873, "HITS@1m_new": 0.10426808169105206, "HITS@3m_new": 0.18985250125947642, "HITS@10m_new": 0.3157664021950215}