{"MRRm_new": 0.1251950495360552, "MRm_new": 808.1928848963827, "HITS@1m_new": 0.06993263292202755, "HITS@3m_new": 0.13422806164572101, "HITS@10m_new": 0.23427383633617138}