{"MRRm_new": 0.14165757501173176, "MRm_new": 853.7985969896316, "HITS@1m_new": 0.08382915688401409, "HITS@3m_new": 0.15130311700758467, "HITS@10m_new": 0.2566420018914505}