{"MRRm_new": 0.30478773288073396, "MRm_new": 2169.2050764436126, "HITS@1m_new": 0.22443276290997163, "HITS@3m_new": 0.3335904834723333, "HITS@10m_new": 0.4696103201117949}