{"MRRm_new": 0.2948362259766091, "MRm_new": 2488.3293091453315, "HITS@1m_new": 0.223754376073397, "HITS@3m_new": 0.3140686081563472, "HITS@10m_new": 0.43546210498258003}