{"MRRm_new": 0.123367297740317, "MRm_new": 578.0858707095623, "HITS@1m_new": 0.07499721983117051, "HITS@3m_new": 0.12884033236491377, "HITS@10m_new": 0.21434749379451387}