{"MRRm_new": 0.10352249104095827, "MRm_new": 3659.017634914565, "HITS@1m_new": 0.060679099532030524, "HITS@3m_new": 0.1092366968168877, "HITS@10m_new": 0.18673248277674429}