{"MRRm_new": 0.11604883684976666, "MRm_new": 729.7542856707811, "HITS@1m_new": 0.07046910130454925, "HITS@3m_new": 0.11838187120987569, "HITS@10m_new": 0.20298502702484839}