{"MRRm_new": 0.09470505419648771, "MRm_new": 16779.962409413845, "HITS@1m_new": 0.056564703774056396, "HITS@3m_new": 0.1056954669773113, "HITS@10m_new": 0.16907942590070887}