{"MRRm_new": 0.14254912641310194, "MRm_new": 2152.4798875997963, "HITS@1m_new": 0.09148491815602756, "HITS@3m_new": 0.14527304526866647, "HITS@10m_new": 0.23582665972941322}