{"MRRm_new": 0.3318526645513939, "MRm_new": 548.524565338172, "HITS@1m_new": 0.26889515927598406, "HITS@3m_new": 0.3532095267269542, "HITS@10m_new": 0.45252118683604203}