{"MRRm_new": 0.3739767666353937, "MRm_new": 322.46767379654943, "HITS@1m_new": 0.2909461306135199, "HITS@3m_new": 0.4057905878617457, "HITS@10m_new": 0.5395397392406667}