{"MRRm_new": 0.35681287496102687, "MRm_new": 392.4088614924401, "HITS@1m_new": 0.27904028307927364, "HITS@3m_new": 0.3852574435282295, "HITS@10m_new": 0.5127613981953473}