{"MRRm_new": 0.6649922853360521, "MRm_new": 165.1416264744997, "HITS@1m_new": 0.6076850912772789, "HITS@3m_new": 0.6966886692486368, "HITS@10m_new": 0.7731132955420762}