{"MRRm_new": 0.48814602673357876, "MRm_new": 183.14068223692476, "HITS@1m_new": 0.38243145813350565, "HITS@3m_new": 0.5426165464591504, "HITS@10m_new": 0.6963923296226567}