{"MRRm_new": 0.07339546775972267, "MRm_new": 854.7968716681243, "HITS@1m_new": 0.03661752321176464, "HITS@3m_new": 0.07433578463954618, "HITS@10m_new": 0.1398461038073874}