{"MRRm_new": 0.18030841190575447, "MRm_new": 346.01941234519484, "HITS@1m_new": 0.1091031946972711, "HITS@3m_new": 0.18986147707141937, "HITS@10m_new": 0.319812042133481}