{"MRRm_new": 0.3498747377972168, "MRm_new": 3214.289954506904, "HITS@1m_new": 0.2839212850217009, "HITS@3m_new": 0.4009978936398402, "HITS@10m_new": 0.45710324870288604}