{"MRRm_new": 0.1297694382600721, "MRm_new": 695.8015818333923, "HITS@1m_new": 0.07108938502030651, "HITS@3m_new": 0.13809398820166827, "HITS@10m_new": 0.24715231843203947}