{"MRRm_new": 0.1485857017051476, "MRm_new": 2402.4765507907273, "HITS@1m_new": 0.09395938732908689, "HITS@3m_new": 0.16114470816092216, "HITS@10m_new": 0.26259069427102805}