{"MRRm_new": 0.0012059877825467992, "MRm_new": 17456.56220729828, "HITS@1m_new": 0.0001470238119363785, "HITS@3m_new": 0.0001470238119363785, "HITS@10m_new": 0.000822498959954828}