{"MRRm_new": 0.1760236422200498, "MRm_new": 406.5814018201351, "HITS@1m_new": 0.11166724448027672, "HITS@3m_new": 0.1853319871738553, "HITS@10m_new": 0.30659066161422527}