{"MRRm_new": 0.0014643795132756167, "MRm_new": 17358.17112870407, "HITS@1m_new": 0.00013743170071393252, "HITS@3m_new": 0.0003874317007139325, "HITS@10m_new": 0.0007832966032437981}