{"MRRm_new": 0.15886231574915655, "MRm_new": 2870.8215577723086, "HITS@1m_new": 0.10097118956020859, "HITS@3m_new": 0.1747683265224623, "HITS@10m_new": 0.27852385023556414}