{"MRRm_new": 0.30106396255292794, "MRm_new": 2126.5100930936037, "HITS@1m_new": 0.22938455466137384, "HITS@3m_new": 0.3198166861111531, "HITS@10m_new": 0.44372019896638815}