{"MRRm_new": 0.48183436963367604, "MRm_new": 296.36852747311445, "HITS@1m_new": 0.41848844148309583, "HITS@3m_new": 0.5064115940061893, "HITS@10m_new": 0.6024452632773027}