{"MRRm_new": 0.15508173767928018, "MRm_new": 3965.3396472795903, "HITS@1m_new": 0.10153663291831617, "HITS@3m_new": 0.16214698176532694, "HITS@10m_new": 0.26239168627434994}