{"MRRm_new": 0.15031144322605086, "MRm_new": 3967.7030101038217, "HITS@1m_new": 0.09803122760611586, "HITS@3m_new": 0.15897447786417615, "HITS@10m_new": 0.25363873787526975}