{"MRRm_new": 0.4200967153794063, "MRm_new": 258.4536679988801, "HITS@1m_new": 0.3147162535753778, "HITS@3m_new": 0.46844040488761673, "HITS@10m_new": 0.6346238077226736}