{"MRRm_new": 0.00297621244504553, "MRm_new": 5141.086890867996, "HITS@1m_new": 0.0004773316303733736, "HITS@3m_new": 0.0014786218332359566, "HITS@10m_new": 0.004538002820964903}