{"MRRm_new": 0.33680711995156887, "MRm_new": 538.1022958482206, "HITS@1m_new": 0.2737184775986716, "HITS@3m_new": 0.3576478730441195, "HITS@10m_new": 0.45850766922593905}