{"MRRm_new": 0.09633307145581493, "MRm_new": 3452.3471057400943, "HITS@1m_new": 0.05493036133409478, "HITS@3m_new": 0.10165829442301764, "HITS@10m_new": 0.17711882126252168}