{"MRRm_new": 0.08601529492493865, "MRm_new": 936.9155293387174, "HITS@1m_new": 0.050728715495439246, "HITS@3m_new": 0.08463860096103745, "HITS@10m_new": 0.15333453310055192}