{"MRRm_new": 0.26299013712509167, "MRm_new": 8740.373000731499, "HITS@1m_new": 0.20668230947013944, "HITS@3m_new": 0.29415986692439766, "HITS@10m_new": 0.3638332316838205}