{"MRRm_new": 0.1764883840821949, "MRm_new": 3309.0882076401413, "HITS@1m_new": 0.11864219448697987, "HITS@3m_new": 0.19420673819944204, "HITS@10m_new": 0.2949515713484434}