{"MRRm_new": 0.08937072513062885, "MRm_new": 666.8784008862734, "HITS@1m_new": 0.04759632033399539, "HITS@3m_new": 0.09045194292549277, "HITS@10m_new": 0.16488572164576035}