{"MRRm_new": 0.1041007723460556, "MRm_new": 3706.599980255365, "HITS@1m_new": 0.06326737118437886, "HITS@3m_new": 0.10837301615411415, "HITS@10m_new": 0.18826127048609778}