{"MRRm_new": 0.21110314693070686, "MRm_new": 333.06839413747787, "HITS@1m_new": 0.13205372469037538, "HITS@3m_new": 0.2273675061152666, "HITS@10m_new": 0.3721159577384707}