{"MRRm_new": 0.2393320976383271, "MRm_new": 229.63711840615272, "HITS@1m_new": 0.15436808356607798, "HITS@3m_new": 0.25576252150628714, "HITS@10m_new": 0.41368578841248527}