{"MRRm_new": 0.13878383682520962, "MRm_new": 2532.0140216498075, "HITS@1m_new": 0.08886832925165072, "HITS@3m_new": 0.1444896768720646, "HITS@10m_new": 0.22979865412690562}