{"MRRm_new": 0.3189604961512714, "MRm_new": 1704.92172381562, "HITS@1m_new": 0.23724342044140212, "HITS@3m_new": 0.3510763117665192, "HITS@10m_new": 0.48214135512686335}