{"MRRm_new": 0.4324369242436469, "MRm_new": 113.2830747731179, "HITS@1m_new": 0.32617335710412587, "HITS@3m_new": 0.48605892694261277, "HITS@10m_new": 0.6379276536519174}