{"MRRm_new": 0.11831440680193628, "MRm_new": 606.1605310461998, "HITS@1m_new": 0.07145095803308067, "HITS@3m_new": 0.1214873065183463, "HITS@10m_new": 0.20842596682498699}