{"MRRm_new": 0.34231052365035974, "MRm_new": 425.43576658482107, "HITS@1m_new": 0.2764083184148913, "HITS@3m_new": 0.3679708879349855, "HITS@10m_new": 0.4601927756507721}