{"MRRm_new": 0.18004003333397123, "MRm_new": 348.7622985477686, "HITS@1m_new": 0.11441565131232492, "HITS@3m_new": 0.18643937515360304, "HITS@10m_new": 0.3214595583442599}