{"MRRm_new": 0.18445378904809187, "MRm_new": 495.31983346192834, "HITS@1m_new": 0.12277583320737467, "HITS@3m_new": 0.19514469368404244, "HITS@10m_new": 0.30601842957383485}