{"MRRm_new": 0.14372208874898798, "MRm_new": 3574.576227721989, "HITS@1m_new": 0.0921301120663411, "HITS@3m_new": 0.15090169494580186, "HITS@10m_new": 0.2435161067036679}