{"MRRm_new": 0.16197574935768624, "MRm_new": 2959.2812910035254, "HITS@1m_new": 0.1037074534662388, "HITS@3m_new": 0.17792321153597732, "HITS@10m_new": 0.2817757051814115}