{"MRRm_new": 0.13698698651473887, "MRm_new": 2713.007699359506, "HITS@1m_new": 0.08774078192567686, "HITS@3m_new": 0.13964255170943216, "HITS@10m_new": 0.22787822247995063}