{"MRRm_new": 0.3018913487907207, "MRm_new": 2151.3811153274773, "HITS@1m_new": 0.22182055503246376, "HITS@3m_new": 0.3283627386133885, "HITS@10m_new": 0.46424536339414774}