{"MRRm_new": 0.2892910528964467, "MRm_new": 2615.548191317916, "HITS@1m_new": 0.2117234105488751, "HITS@3m_new": 0.31022345621755815, "HITS@10m_new": 0.45083736041141675}