{"MRRm_new": 0.37707928725483364, "MRm_new": 769.4513977438808, "HITS@1m_new": 0.2685634707110003, "HITS@3m_new": 0.42142347990965934, "HITS@10m_new": 0.5929287547625136}