{"MRRm_new": 0.0807008272315521, "MRm_new": 690.2777240209341, "HITS@1m_new": 0.03970873459646245, "HITS@3m_new": 0.07874664702204755, "HITS@10m_new": 0.16285581856425851}