{"MRRm_new": 0.10693381904907291, "MRm_new": 3763.6685656818627, "HITS@1m_new": 0.06290131435629447, "HITS@3m_new": 0.11320501129534095, "HITS@10m_new": 0.19173324768263847}