{"MRRm_new": 0.7032689856339012, "MRm_new": 140.2933667025566, "HITS@1m_new": 0.6474812179974834, "HITS@3m_new": 0.7330348728030586, "HITS@10m_new": 0.8088205765425227}