{"MRRm_new": 0.3454111538883908, "MRm_new": 489.61587549075483, "HITS@1m_new": 0.2809738516565667, "HITS@3m_new": 0.367396117834749, "HITS@10m_new": 0.4686399410822487}