{"MRRm_new": 0.16042111626134328, "MRm_new": 3479.6008527150752, "HITS@1m_new": 0.10773004832040169, "HITS@3m_new": 0.1661097564883239, "HITS@10m_new": 0.2642243205320556}