{"MRRm_new": 0.12292060511307136, "MRm_new": 886.2509048374146, "HITS@1m_new": 0.06912979158439703, "HITS@3m_new": 0.13220853348896344, "HITS@10m_new": 0.22775115655289846}