{"MRRm_new": 0.14044113685598586, "MRm_new": 2696.8805233260096, "HITS@1m_new": 0.09091849587007891, "HITS@3m_new": 0.1431631059226347, "HITS@10m_new": 0.23038025248766644}