{"MRRm_new": 0.14582318352803758, "MRm_new": 4348.532913848043, "HITS@1m_new": 0.09695073671326099, "HITS@3m_new": 0.153263931602909, "HITS@10m_new": 0.24016424310165166}