{"MRRm_new": 0.08745626312733075, "MRm_new": 768.4620687067985, "HITS@1m_new": 0.04684958416449372, "HITS@3m_new": 0.08899973099669442, "HITS@10m_new": 0.16536262168491958}