{"MRRm_new": 0.002155334402725566, "MRm_new": 5189.945911305523, "HITS@1m_new": 2.7479569567367434e-05, "HITS@3m_new": 0.0005109790783841163, "HITS@10m_new": 0.0033990874861134215}