{"MRRm_new": 0.3578257919111447, "MRm_new": 148.0572785832733, "HITS@1m_new": 0.26386581367481265, "HITS@3m_new": 0.4002813038903405, "HITS@10m_new": 0.5385111048072868}