{"MRRm_new": 0.30777707196062964, "MRm_new": 2156.5217390618027, "HITS@1m_new": 0.2318907007810194, "HITS@3m_new": 0.32899894668767227, "HITS@10m_new": 0.46616235497267916}