{"MRRm_new": 0.1372238733802178, "MRm_new": 2691.095453498453, "HITS@1m_new": 0.08775425800128142, "HITS@3m_new": 0.14000307163223624, "HITS@10m_new": 0.22832398597034625}