{"MRRm_new": 0.08676038678772456, "MRm_new": 618.6477442906141, "HITS@1m_new": 0.04524449539291672, "HITS@3m_new": 0.08636576839613262, "HITS@10m_new": 0.1662467196960235}