{"MRRm_new": 0.0044405951898181225, "MRm_new": 5128.3057851623535, "HITS@1m_new": 0.0012348270156886428, "HITS@3m_new": 0.003311825988814235, "HITS@10m_new": 0.007592407010495662}