{"MRRm_new": 0.10248446043172735, "MRm_new": 3684.228457541752, "HITS@1m_new": 0.06145273977019824, "HITS@3m_new": 0.10637300611389801, "HITS@10m_new": 0.18540764789143577}