{"MRRm_new": 0.4195960678598976, "MRm_new": 269.9665962616205, "HITS@1m_new": 0.33110931944184996, "HITS@3m_new": 0.4555694233455288, "HITS@10m_new": 0.59275944241065}