{"MRRm_new": 0.2411894436414191, "MRm_new": 4165.443267693132, "HITS@1m_new": 0.17893975495948689, "HITS@3m_new": 0.26410647857707226, "HITS@10m_new": 0.35703485715101124}