{"MRRm_new": 0.0028497905026844818, "MRm_new": 5156.644329061794, "HITS@1m_new": 0.00041378996171988544, "HITS@3m_new": 0.0013817468332359567, "HITS@10m_new": 0.003943683455791325}