{"MRRm_new": 0.17159179123969898, "MRm_new": 3429.846164766371, "HITS@1m_new": 0.11255058227742848, "HITS@3m_new": 0.18751595158612328, "HITS@10m_new": 0.29137786794558634}