{"MRRm_new": 0.17616569554393663, "MRm_new": 527.4748949306681, "HITS@1m_new": 0.11061749191532362, "HITS@3m_new": 0.1884837850532058, "HITS@10m_new": 0.3103228004656121}