{"MRRm_new": 0.23858930236528542, "MRm_new": 461.46670635247233, "HITS@1m_new": 0.1650389331692364, "HITS@3m_new": 0.2570411343486048, "HITS@10m_new": 0.38692504997868093}