{"MRRm_new": 0.10954384140277253, "MRm_new": 3872.194438999486, "HITS@1m_new": 0.06597199728847482, "HITS@3m_new": 0.11526484127780423, "HITS@10m_new": 0.19683347064950504}