{"MRRm_new": 0.180701377843105, "MRm_new": 523.2359848181486, "HITS@1m_new": 0.11897706711664796, "HITS@3m_new": 0.19103521036542953, "HITS@10m_new": 0.3022849207213381}