{"MRRm_new": 0.5248172567286156, "MRm_new": 219.4208524068445, "HITS@1m_new": 0.45969099200815255, "HITS@3m_new": 0.5530693942243307, "HITS@10m_new": 0.6470954492433811}