{"MRRm_new": 0.6519452052872794, "MRm_new": 186.61563702686132, "HITS@1m_new": 0.5952330282657203, "HITS@3m_new": 0.6803984799789614, "HITS@10m_new": 0.7586395065292308}