{"MRRm_new": 0.13925360419513755, "MRm_new": 3647.6792614948454, "HITS@1m_new": 0.09018573478690814, "HITS@3m_new": 0.145831982218544, "HITS@10m_new": 0.2368563079128071}