{"MRRm_new": 0.14657595495844317, "MRm_new": 2264.7239161129296, "HITS@1m_new": 0.09456858250673394, "HITS@3m_new": 0.15165934458235278, "HITS@10m_new": 0.24878006882453338}