{"MRRm_new": 0.2704264502550086, "MRm_new": 622.9583904150278, "HITS@1m_new": 0.21213114231206417, "HITS@3m_new": 0.2877124287592669, "HITS@10m_new": 0.3827413687756416}