{"MRRm_new": 0.17842796373712735, "MRm_new": 498.53127294006197, "HITS@1m_new": 0.11194261534357793, "HITS@3m_new": 0.1913872407329145, "HITS@10m_new": 0.31373493136067554}