{"MRRm_new": 0.32310290766645905, "MRm_new": 686.6317539816797, "HITS@1m_new": 0.26260308556678136, "HITS@3m_new": 0.34419918229371976, "HITS@10m_new": 0.43776084961845846}