{"MRRm_new": 0.5136252653023857, "MRm_new": 239.14258998861163, "HITS@1m_new": 0.4503110204053664, "HITS@3m_new": 0.5395747253825248, "HITS@10m_new": 0.6350152092093085}