{"MRRm_new": 0.33883878718190225, "MRm_new": 489.52917499312014, "HITS@1m_new": 0.27956407812503675, "HITS@3m_new": 0.35806931356443966, "HITS@10m_new": 0.4513263720222021}