{"MRRm_new": 0.189060174611569, "MRm_new": 688.550778584674, "HITS@1m_new": 0.13001038280961802, "HITS@3m_new": 0.2024600894621981, "HITS@10m_new": 0.3014085053319286}