{"MRRm_new": 0.004320146717512398, "MRm_new": 5141.654051685715, "HITS@1m_new": 0.0011398270157631488, "HITS@3m_new": 0.0032758810946717856, "HITS@10m_new": 0.007709279127698392}