{"MRRm_new": 0.18372150856437366, "MRm_new": 328.23417656598093, "HITS@1m_new": 0.11171547772644554, "HITS@3m_new": 0.195977697747387, "HITS@10m_new": 0.32118838911514613}