{"MRRm_new": 0.07517747751483403, "MRm_new": 835.1620746559381, "HITS@1m_new": 0.037937018635915594, "HITS@3m_new": 0.07416554736926918, "HITS@10m_new": 0.14507580099535408}