{"MRRm_new": 0.09094439908265631, "MRm_new": 809.4454377775669, "HITS@1m_new": 0.05328106712660519, "HITS@3m_new": 0.09111608597212471, "HITS@10m_new": 0.159110118710855}