{"MRRm_new": 0.10126393281223427, "MRm_new": 659.5294057832002, "HITS@1m_new": 0.05834105521403253, "HITS@3m_new": 0.1020425284313038, "HITS@10m_new": 0.1842285295116715}