{"MRRm_new": 0.5122209459767628, "MRm_new": 102.69665199939907, "HITS@1m_new": 0.41801134526132955, "HITS@3m_new": 0.5577483144629805, "HITS@10m_new": 0.6937563280930336}