{"MRRm_new": 0.6380028484542117, "MRm_new": 201.84966157861055, "HITS@1m_new": 0.5815526495698868, "HITS@3m_new": 0.6657723943606834, "HITS@10m_new": 0.7439544456305448}