{"MRRm_new": 0.15300152740404155, "MRm_new": 2526.970606710136, "HITS@1m_new": 0.09745581462002155, "HITS@3m_new": 0.16774563035975734, "HITS@10m_new": 0.2659045150939346}