{"MRRm_new": 0.23926782049491158, "MRm_new": 368.97898330016136, "HITS@1m_new": 0.16409908716934732, "HITS@3m_new": 0.2577365529311821, "HITS@10m_new": 0.39336714913947507}