{"MRRm_new": 0.14657455311174772, "MRm_new": 3267.7477673092185, "HITS@1m_new": 0.09638027919997694, "HITS@3m_new": 0.15469006388107664, "HITS@10m_new": 0.23990327256653107}