{"MRRm_new": 0.14463551436617628, "MRm_new": 4418.531608442515, "HITS@1m_new": 0.09598693785966315, "HITS@3m_new": 0.15277457373554354, "HITS@10m_new": 0.23745543920273485}