{"MRRm_new": 0.1723146253984396, "MRm_new": 545.0962091695666, "HITS@1m_new": 0.10751349225039303, "HITS@3m_new": 0.18620013375554845, "HITS@10m_new": 0.30030385695027506}