{"MRRm_new": 0.183130042687495, "MRm_new": 516.7548915067911, "HITS@1m_new": 0.12252861084737815, "HITS@3m_new": 0.1927404352394864, "HITS@10m_new": 0.30422971647696107}