{"MRRm_new": 0.08950961562929934, "MRm_new": 15781.795509578436, "HITS@1m_new": 0.05366390516026877, "HITS@3m_new": 0.09638812559982762, "HITS@10m_new": 0.16165923390409442}