{"MRRm_new": 0.09088310525300768, "MRm_new": 686.9799465609789, "HITS@1m_new": 0.047652800842246504, "HITS@3m_new": 0.09243740094764508, "HITS@10m_new": 0.1689992231962038}