{"MRRm_new": 0.12653948186752767, "MRm_new": 760.674594625175, "HITS@1m_new": 0.0703244485206742, "HITS@3m_new": 0.13528927235042648, "HITS@10m_new": 0.2374569356356369}