{"MRRm_new": 0.35048753401281646, "MRm_new": 457.35378570367396, "HITS@1m_new": 0.28606198512874836, "HITS@3m_new": 0.3734675205516905, "HITS@10m_new": 0.47322677228807153}