{"MRRm_new": 0.10024698239279242, "MRm_new": 3590.2287748189688, "HITS@1m_new": 0.059398119852412494, "HITS@3m_new": 0.1061299478795845, "HITS@10m_new": 0.1820801431127824}