{"MRRm_new": 0.1948544269421691, "MRm_new": 415.92129970955847, "HITS@1m_new": 0.12958994663206394, "HITS@3m_new": 0.2089789471998345, "HITS@10m_new": 0.31968173324721866}