{"MRRm_new": 0.5142979360775917, "MRm_new": 161.05753682157396, "HITS@1m_new": 0.4037541717796994, "HITS@3m_new": 0.5731902190227447, "HITS@10m_new": 0.7328464980031276}