{"MRRm_new": 0.18408295925182175, "MRm_new": 527.6202153376341, "HITS@1m_new": 0.1214782213231083, "HITS@3m_new": 0.19860391420642845, "HITS@10m_new": 0.31117038610577585}