{"MRRm_new": 0.5043035609443659, "MRm_new": 168.66552485507728, "HITS@1m_new": 0.39512131072112244, "HITS@3m_new": 0.5615972624191818, "HITS@10m_new": 0.7198904724877939}