{"MRRm_new": 0.08416098540313852, "MRm_new": 15520.734599527985, "HITS@1m_new": 0.052750451863044875, "HITS@3m_new": 0.08705633011460304, "HITS@10m_new": 0.1475727853490971}