{"MRRm_new": 0.1061909951248992, "MRm_new": 615.0510529011488, "HITS@1m_new": 0.06106504774214118, "HITS@3m_new": 0.10655803229779703, "HITS@10m_new": 0.19068025206597522}