{"MRRm_new": 0.23344964552568417, "MRm_new": 237.6860209871292, "HITS@1m_new": 0.14649107954381033, "HITS@3m_new": 0.2463114791242406, "HITS@10m_new": 0.4276307268506382}