{"MRRm_new": 0.3012776770016635, "MRm_new": 2527.4017035419047, "HITS@1m_new": 0.2225246318798745, "HITS@3m_new": 0.32251679681497625, "HITS@10m_new": 0.47128832209546817}