{"MRRm_new": 0.22492659340321988, "MRm_new": 251.81274962451457, "HITS@1m_new": 0.14302251927178586, "HITS@3m_new": 0.2394163340387866, "HITS@10m_new": 0.3880893531225156}