{"MRRm_new": 0.09193580100907857, "MRm_new": 813.2428011907577, "HITS@1m_new": 0.05349488867113832, "HITS@3m_new": 0.09318477231061552, "HITS@10m_new": 0.16362378655431092}