{"MRRm_new": 0.17617727893318808, "MRm_new": 388.481628166914, "HITS@1m_new": 0.11216645130303805, "HITS@3m_new": 0.1846498601050116, "HITS@10m_new": 0.30730630634238476}