{"MRRm_new": 0.0014801710659357924, "MRm_new": 5498.615120161056, "HITS@1m_new": 8.964339716476388e-05, "HITS@3m_new": 0.00019013880917918868, "HITS@10m_new": 0.0025977223645386404}