{"MRRm_new": 0.5868237361141483, "MRm_new": 223.87375146259367, "HITS@1m_new": 0.5183409773934254, "HITS@3m_new": 0.6183057725454492, "HITS@10m_new": 0.71919768461911}