{"MRRm_new": 0.16437476562742723, "MRm_new": 2989.4817116035074, "HITS@1m_new": 0.1056969020478864, "HITS@3m_new": 0.18148546577135857, "HITS@10m_new": 0.28323893296410096}