{"MRRm_new": 0.1410455325785997, "MRm_new": 2644.2088623597324, "HITS@1m_new": 0.0912737830200931, "HITS@3m_new": 0.14363398381264414, "HITS@10m_new": 0.2315502574358252}