{"MRRm_new": 0.09691238421965973, "MRm_new": 658.917361793828, "HITS@1m_new": 0.051706489404186144, "HITS@3m_new": 0.10105595369598014, "HITS@10m_new": 0.17657200130966957}