{"MRRm_new": 0.0920859596371345, "MRm_new": 812.1936596440554, "HITS@1m_new": 0.053570636285026556, "HITS@3m_new": 0.09334804105958901, "HITS@10m_new": 0.1633188046544208}