{"MRRm_new": 0.28822363491750774, "MRm_new": 3000.028672572881, "HITS@1m_new": 0.21267055335838814, "HITS@3m_new": 0.31227458124631086, "HITS@10m_new": 0.4418778539071791}