{"MRRm_new": 0.3992514403207324, "MRm_new": 285.6237299821302, "HITS@1m_new": 0.31039924988188067, "HITS@3m_new": 0.4377882753017875, "HITS@10m_new": 0.568938812456443}