{"MRRm_new": 0.13637442121372623, "MRm_new": 2764.996046460241, "HITS@1m_new": 0.0873645647999947, "HITS@3m_new": 0.139404647485062, "HITS@10m_new": 0.2261968154369388}