{"MRRm_new": 0.12106808155934687, "MRm_new": 795.1133132994026, "HITS@1m_new": 0.0660277636417959, "HITS@3m_new": 0.12970725170218794, "HITS@10m_new": 0.22784271008528595}