{"MRRm_new": 0.15512788533007005, "MRm_new": 4049.3084441670476, "HITS@1m_new": 0.10176494000018284, "HITS@3m_new": 0.16246499948792917, "HITS@10m_new": 0.2612171585814794}