{"MRRm_new": 0.10344759299682191, "MRm_new": 3621.266562227893, "HITS@1m_new": 0.060476327272620985, "HITS@3m_new": 0.11016723973848858, "HITS@10m_new": 0.1882187769236043}