{"MRRm_new": 0.304513890570845, "MRm_new": 2012.1873220940531, "HITS@1m_new": 0.2228518250498455, "HITS@3m_new": 0.33824623153638095, "HITS@10m_new": 0.47711434566485694}