{"MRRm_new": 0.19864366592715668, "MRm_new": 446.5334392886639, "HITS@1m_new": 0.1346067947153584, "HITS@3m_new": 0.20902454314249336, "HITS@10m_new": 0.3283711235515773}