{"MRRm_new": 0.4319136138207514, "MRm_new": 255.94015070316195, "HITS@1m_new": 0.33881411583138105, "HITS@3m_new": 0.47442915972107585, "HITS@10m_new": 0.6113070620165018}