{"MRRm_new": 0.21983881929370983, "MRm_new": 294.20545263807776, "HITS@1m_new": 0.13596968640337, "HITS@3m_new": 0.23321352106160484, "HITS@10m_new": 0.4033023275850806}