{"MRRm_new": 0.1785622635192276, "MRm_new": 789.3228927919492, "HITS@1m_new": 0.12107926799228881, "HITS@3m_new": 0.19116882073531452, "HITS@10m_new": 0.2902863454088074}