{"MRRm_new": 0.27159390131083183, "MRm_new": 3198.011723537296, "HITS@1m_new": 0.20128585892083356, "HITS@3m_new": 0.2960627649408416, "HITS@10m_new": 0.41165894048300106}