{"MRRm_new": 0.19806321961102002, "MRm_new": 498.94319080390784, "HITS@1m_new": 0.12742176959120116, "HITS@3m_new": 0.21566000827856624, "HITS@10m_new": 0.3391617326190135}