{"MRRm_new": 0.2507035159909414, "MRm_new": 341.3868104776621, "HITS@1m_new": 0.17530662885463097, "HITS@3m_new": 0.26752630909332076, "HITS@10m_new": 0.4066380205803551}