{"MRRm_new": 0.42506021397183574, "MRm_new": 270.9616121615246, "HITS@1m_new": 0.3340823609345425, "HITS@3m_new": 0.46657785081489056, "HITS@10m_new": 0.5980736726435134}