{"MRRm_new": 0.1726937315747433, "MRm_new": 2882.8354792045357, "HITS@1m_new": 0.12182711945474148, "HITS@3m_new": 0.19015694177933037, "HITS@10m_new": 0.27396241698954255}