{"MRRm_new": 0.37554435732013647, "MRm_new": 366.33784700110556, "HITS@1m_new": 0.30710880699767584, "HITS@3m_new": 0.40053458057175156, "HITS@10m_new": 0.5046990439788642}