{"MRRm_new": 0.5210907625675464, "MRm_new": 157.19293602062763, "HITS@1m_new": 0.40921504611673665, "HITS@3m_new": 0.582016635824697, "HITS@10m_new": 0.7409537087320496}