{"MRRm_new": 0.12460562718338769, "MRm_new": 802.076463234827, "HITS@1m_new": 0.06832279028670019, "HITS@3m_new": 0.13337040486701152, "HITS@10m_new": 0.2362852440833667}