{"MRRm_new": 0.1619455002513292, "MRm_new": 523.8214341227531, "HITS@1m_new": 0.09490917000290938, "HITS@3m_new": 0.18036271646888927, "HITS@10m_new": 0.290917796665011}