{"MRRm_new": 0.14294673085272644, "MRm_new": 3269.845639837593, "HITS@1m_new": 0.09525599764518847, "HITS@3m_new": 0.14515257017938712, "HITS@10m_new": 0.2366249466848094}