{"MRRm_new": 0.1206495518920292, "MRm_new": 800.8705727830082, "HITS@1m_new": 0.06550276363956073, "HITS@3m_new": 0.12937456331295835, "HITS@10m_new": 0.22759272824770596}