{"MRRm_new": 0.0031395152162120212, "MRm_new": 5096.411453554153, "HITS@1m_new": 0.00034478260935284197, "HITS@3m_new": 0.001315428280015476, "HITS@10m_new": 0.005167702837567776}