{"MRRm_new": 0.28988526919793506, "MRm_new": 2591.083024411529, "HITS@1m_new": 0.21178623106633312, "HITS@3m_new": 0.3116355913822772, "HITS@10m_new": 0.45189514524210245}