{"MRRm_new": 0.2795359666569507, "MRm_new": 2906.1711224402784, "HITS@1m_new": 0.21369868760672397, "HITS@3m_new": 0.2988173849047744, "HITS@10m_new": 0.40958585626800775}