{"MRRm_new": 0.08602778579857259, "MRm_new": 629.8455960637093, "HITS@1m_new": 0.045433787521906195, "HITS@3m_new": 0.08541519381316612, "HITS@10m_new": 0.1631149788053357}