{"MRRm_new": 0.4071877272055999, "MRm_new": 314.1644830407798, "HITS@1m_new": 0.31796232243909617, "HITS@3m_new": 0.4451479750373692, "HITS@10m_new": 0.5810901156165929}