{"MRRm_new": 0.3426800780173544, "MRm_new": 499.8321890154481, "HITS@1m_new": 0.2783635533200395, "HITS@3m_new": 0.3645999111855817, "HITS@10m_new": 0.4657702240013095}