{"MRRm_new": 0.4561916059239757, "MRm_new": 260.1891461366266, "HITS@1m_new": 0.35616342832084047, "HITS@3m_new": 0.5076702092116502, "HITS@10m_new": 0.6558898579503984}