{"MRRm_new": 0.3123300486640378, "MRm_new": 1693.6800101833344, "HITS@1m_new": 0.227880225347355, "HITS@3m_new": 0.3447561707495479, "HITS@10m_new": 0.48027111623459495}