{"MRRm_new": 0.08912915762052144, "MRm_new": 894.4685831759452, "HITS@1m_new": 0.05150759166646749, "HITS@3m_new": 0.08991222164055798, "HITS@10m_new": 0.15831457434063778}