{"MRRm_new": 0.31750702253846247, "MRm_new": 1790.6844936205746, "HITS@1m_new": 0.23580759525788017, "HITS@3m_new": 0.3498851669911528, "HITS@10m_new": 0.4795316416446585}