{"MRRm_new": 0.4824328493744151, "MRm_new": 218.8998950024098, "HITS@1m_new": 0.37992657180587414, "HITS@3m_new": 0.5349079469673852, "HITS@10m_new": 0.6824947946093162}