{"MRRm_new": 0.0826955164105544, "MRm_new": 746.2415868237972, "HITS@1m_new": 0.041448661038139836, "HITS@3m_new": 0.08283202022521291, "HITS@10m_new": 0.16073909648477566}