{"MRRm_new": 0.13525386245437265, "MRm_new": 4297.736814760685, "HITS@1m_new": 0.08681584632580053, "HITS@3m_new": 0.14092406358891457, "HITS@10m_new": 0.22621067620128452}