{"MRRm_new": 0.12659558088815992, "MRm_new": 763.2179509143233, "HITS@1m_new": 0.06947424031426636, "HITS@3m_new": 0.1352553848264506, "HITS@10m_new": 0.24030228405269735}