{"MRRm_new": 0.4149696387792719, "MRm_new": 299.5010721986741, "HITS@1m_new": 0.3243906545823265, "HITS@3m_new": 0.455234324028781, "HITS@10m_new": 0.5915362435537536}