{"MRRm_new": 0.08712750625369663, "MRm_new": 759.9015940864801, "HITS@1m_new": 0.04639856555277947, "HITS@3m_new": 0.08876109501789324, "HITS@10m_new": 0.16575781462712913}