{"MRRm_new": 0.5216392109454601, "MRm_new": 261.5019430850297, "HITS@1m_new": 0.45663500188812395, "HITS@3m_new": 0.5490028421130846, "HITS@10m_new": 0.6470367290073482}