{"MRRm_new": 0.15996522903413188, "MRm_new": 2907.0283902590277, "HITS@1m_new": 0.10187897222793253, "HITS@3m_new": 0.17570317526732107, "HITS@10m_new": 0.2804569847318344}