{"MRRm_new": 0.12554107870040115, "MRm_new": 785.6592861416638, "HITS@1m_new": 0.06901177120429201, "HITS@3m_new": 0.13358849540905066, "HITS@10m_new": 0.23763820762479737}