{"MRRm_new": 0.06724377444593264, "MRm_new": 1004.0823660389424, "HITS@1m_new": 0.0322520022588782, "HITS@3m_new": 0.06715044886729447, "HITS@10m_new": 0.13097813463426428}