{"MRRm_new": 0.002817337529087672, "MRm_new": 5130.131636925697, "HITS@1m_new": 0.00010790760875679552, "HITS@3m_new": 0.0009759257019730285, "HITS@10m_new": 0.005247522405255586}