{"MRRm_new": 0.24835384094166948, "MRm_new": 411.1347233579874, "HITS@1m_new": 0.17261597047278193, "HITS@3m_new": 0.2669116225831909, "HITS@10m_new": 0.4013909666011576}