{"MRRm_new": 0.003027529258937284, "MRm_new": 5128.401036241913, "HITS@1m_new": 0.000447907609352842, "HITS@3m_new": 0.0012497539322124795, "HITS@10m_new": 0.004803810488106683}