{"MRRm_new": 0.3791114625779683, "MRm_new": 384.263347904183, "HITS@1m_new": 0.2948222601049056, "HITS@3m_new": 0.41403709447801884, "HITS@10m_new": 0.5409817735148972}