{"MRRm_new": 0.3189181202894019, "MRm_new": 1834.596362028718, "HITS@1m_new": 0.23803097533300752, "HITS@3m_new": 0.34843757259473207, "HITS@10m_new": 0.4771728020000737}