{"MRRm_new": 0.0043994131118888615, "MRm_new": 5100.657476814723, "HITS@1m_new": 0.0012858092144597323, "HITS@3m_new": 0.0030042540459893643, "HITS@10m_new": 0.00788438325067982}