{"MRRm_new": 0.11811065917147498, "MRm_new": 614.1081707848788, "HITS@1m_new": 0.07148934094727738, "HITS@3m_new": 0.12058461463499698, "HITS@10m_new": 0.20781378333070316}