{"MRRm_new": 0.07447236700978246, "MRm_new": 898.5530874470711, "HITS@1m_new": 0.038048316886101385, "HITS@3m_new": 0.07434251577131218, "HITS@10m_new": 0.142795759231993}