{"MRRm_new": 0.10706067934569437, "MRm_new": 3863.6093482396127, "HITS@1m_new": 0.0642026511318516, "HITS@3m_new": 0.11102252767072059, "HITS@10m_new": 0.19572380002988501}