{"MRRm_new": 0.7008415489801809, "MRm_new": 160.32544801335783, "HITS@1m_new": 0.6404451969226357, "HITS@3m_new": 0.7350151100971271, "HITS@10m_new": 0.8129669735571079}