{"MRRm_new": 0.17887258228472092, "MRm_new": 726.3122562958076, "HITS@1m_new": 0.11877665269678983, "HITS@3m_new": 0.193934025193259, "HITS@10m_new": 0.29200536135284344}