{"MRRm_new": 0.08707484970200749, "MRm_new": 893.8356397937537, "HITS@1m_new": 0.0509488507470116, "HITS@3m_new": 0.08817322961115279, "HITS@10m_new": 0.15365562392908613}