{"MRRm_new": 0.3344732807929695, "MRm_new": 463.50236731783303, "HITS@1m_new": 0.27015918079012774, "HITS@3m_new": 0.3583332117464124, "HITS@10m_new": 0.45191975881980395}