{"MRRm_new": 0.18329225906136343, "MRm_new": 728.3300300542488, "HITS@1m_new": 0.11941877457930969, "HITS@3m_new": 0.19900041378133757, "HITS@10m_new": 0.3076563413964541}