{"MRRm_new": 0.47002155337631213, "MRm_new": 227.69800452880563, "HITS@1m_new": 0.3670255245082408, "HITS@3m_new": 0.5241097939806969, "HITS@10m_new": 0.6719928600646672}