{"MRRm_new": 0.3009936355362233, "MRm_new": 2507.266293306738, "HITS@1m_new": 0.22060338467382826, "HITS@3m_new": 0.33476285279868173, "HITS@10m_new": 0.464030835357029}