{"MRRm_new": 0.13861210911462285, "MRm_new": 2601.4909803017676, "HITS@1m_new": 0.08922545147384517, "HITS@3m_new": 0.1429232957213244, "HITS@10m_new": 0.2305090112016478}