{"MRRm_new": 0.46288674932956203, "MRm_new": 357.39158436269315, "HITS@1m_new": 0.4012932462972822, "HITS@3m_new": 0.48828815892600685, "HITS@10m_new": 0.5780936486285354}