{"MRRm_new": 0.14219331859264048, "MRm_new": 2523.837489152759, "HITS@1m_new": 0.09209677756240126, "HITS@3m_new": 0.1482502060525294, "HITS@10m_new": 0.2317868743762374}