{"MRRm_new": 0.14971805546755104, "MRm_new": 3024.8984367124735, "HITS@1m_new": 0.09870247257937445, "HITS@3m_new": 0.15801758311328012, "HITS@10m_new": 0.24510564892709955}