{"MRRm_new": 0.11672580494237045, "MRm_new": 663.8537439424276, "HITS@1m_new": 0.06967528809615178, "HITS@3m_new": 0.12062149094119667, "HITS@10m_new": 0.2093534383211285}