{"MRRm_new": 0.0012063269811196733, "MRm_new": 17477.351556236266, "HITS@1m_new": 0.0001470238119363785, "HITS@3m_new": 0.0001470238119363785, "HITS@10m_new": 0.000822498959954828}