{"MRRm_new": 0.40830253633380287, "MRm_new": 283.38476858163625, "HITS@1m_new": 0.3200480997604027, "HITS@3m_new": 0.4464166339856165, "HITS@10m_new": 0.5791629187737344}