{"MRRm_new": 0.13070526547299413, "MRm_new": 691.4185549636036, "HITS@1m_new": 0.07342487627967785, "HITS@3m_new": 0.13877874951341074, "HITS@10m_new": 0.2437876893817738}