{"MRRm_new": 0.0872385968719318, "MRm_new": 868.6985259551286, "HITS@1m_new": 0.05178174846344628, "HITS@3m_new": 0.0858931776368292, "HITS@10m_new": 0.15575315203156787}