{"MRRm_new": 0.09149326919354644, "MRm_new": 801.9987653271198, "HITS@1m_new": 0.05346564924890408, "HITS@3m_new": 0.09252926560146735, "HITS@10m_new": 0.1595313776401803}