{"MRRm_new": 0.17318168080031227, "MRm_new": 767.9532049505339, "HITS@1m_new": 0.1146282172982901, "HITS@3m_new": 0.1872134318865137, "HITS@10m_new": 0.2834464073634881}