{"MRRm_new": 0.47822676175786366, "MRm_new": 191.5837606960982, "HITS@1m_new": 0.3743810775426682, "HITS@3m_new": 0.5311899905884093, "HITS@10m_new": 0.683816961417222}