{"MRRm_new": 0.1925314203080552, "MRm_new": 541.363753786333, "HITS@1m_new": 0.12350929919489863, "HITS@3m_new": 0.20929050596940216, "HITS@10m_new": 0.32840415598953404}