{"MRRm_new": 0.2984859509635993, "MRm_new": 174.69255516371726, "HITS@1m_new": 0.20888646535556762, "HITS@3m_new": 0.32597195400591006, "HITS@10m_new": 0.4842109050999396}