{"MRRm_new": 0.14865164663494898, "MRm_new": 2845.962821828157, "HITS@1m_new": 0.09798852497574989, "HITS@3m_new": 0.15427993244223762, "HITS@10m_new": 0.24529896888622899}