{"MRRm_new": 0.3094539486740423, "MRm_new": 2152.8903293188514, "HITS@1m_new": 0.23363915032264776, "HITS@3m_new": 0.3307551125516184, "HITS@10m_new": 0.4674265298382379}