{"MRRm_new": 0.6833945866054956, "MRm_new": 152.14560297250748, "HITS@1m_new": 0.6267650671189622, "HITS@3m_new": 0.7132613050315194, "HITS@10m_new": 0.7895706386805977}