{"MRRm_new": 0.19463767668620566, "MRm_new": 476.01094783585074, "HITS@1m_new": 0.13102955660424195, "HITS@3m_new": 0.20543813634820982, "HITS@10m_new": 0.3244000307312468}