{"MRRm_new": 0.07999428521615337, "MRm_new": 982.4409043096066, "HITS@1m_new": 0.046178238877886905, "HITS@3m_new": 0.07973802998588653, "HITS@10m_new": 0.14285648273907137}