{"MRRm_new": 0.13354108582483332, "MRm_new": 644.9814024682343, "HITS@1m_new": 0.07473498171030951, "HITS@3m_new": 0.14161305933154653, "HITS@10m_new": 0.2514741825293604}