{"MRRm_new": 0.07064644414171926, "MRm_new": 972.1564156699658, "HITS@1m_new": 0.034227905536303296, "HITS@3m_new": 0.07211986395848216, "HITS@10m_new": 0.13689847487062215}