{"MRRm_new": 0.12879376599572423, "MRm_new": 701.648703768909, "HITS@1m_new": 0.07034218271308783, "HITS@3m_new": 0.1374353065196483, "HITS@10m_new": 0.2448366635749262}