{"MRRm_new": 0.3006323218034236, "MRm_new": 2576.9758442684115, "HITS@1m_new": 0.2203300907018129, "HITS@3m_new": 0.33469252998335286, "HITS@10m_new": 0.46270117978705094}