{"MRRm_new": 0.19301944134333826, "MRm_new": 3105.682054828763, "HITS@1m_new": 0.14016380937182113, "HITS@3m_new": 0.20806783228351924, "HITS@10m_new": 0.29924420963408194}