{"MRRm_new": 0.7178888018549187, "MRm_new": 134.24619945809246, "HITS@1m_new": 0.6615671687436843, "HITS@3m_new": 0.748801417692368, "HITS@10m_new": 0.8234268877214054}