{"MRRm_new": 0.18941374155974627, "MRm_new": 339.050549986887, "HITS@1m_new": 0.12078680669633322, "HITS@3m_new": 0.1980510057051026, "HITS@10m_new": 0.3329326886198949}