{"MRRm_new": 0.002906178997608367, "MRm_new": 5152.9802027019505, "HITS@1m_new": 0.00041378996171988544, "HITS@3m_new": 0.0014817468332359567, "HITS@10m_new": 0.004342235355917364}