{"MRRm_new": 0.12260177638343012, "MRm_new": 618.5615611603022, "HITS@1m_new": 0.07346254460313358, "HITS@3m_new": 0.12880198827229325, "HITS@10m_new": 0.21468691413896157}