{"MRRm_new": 0.11786414445592164, "MRm_new": 912.4385926463902, "HITS@1m_new": 0.06459572309908253, "HITS@3m_new": 0.12775549446920922, "HITS@10m_new": 0.22011713881150355}