{"MRRm_new": 0.2947848950896491, "MRm_new": 2568.0236652753056, "HITS@1m_new": 0.21681829247926362, "HITS@3m_new": 0.3183963623369345, "HITS@10m_new": 0.45499127948086243}