{"MRRm_new": 0.08768591998190822, "MRm_new": 860.193890005064, "HITS@1m_new": 0.05121021614107303, "HITS@3m_new": 0.08901165388259105, "HITS@10m_new": 0.15376250696626959}