{"MRRm_new": 0.12210021896675607, "MRm_new": 803.4198954762519, "HITS@1m_new": 0.06713035448423034, "HITS@3m_new": 0.1306709326929704, "HITS@10m_new": 0.2298872969182048}