{"MRRm_new": 0.2721465197530151, "MRm_new": 524.2190013918877, "HITS@1m_new": 0.21414757150749938, "HITS@3m_new": 0.2894316185069947, "HITS@10m_new": 0.3808676991163229}