{"MRRm_new": 0.24481389765932837, "MRm_new": 369.2463689350843, "HITS@1m_new": 0.16690148591402684, "HITS@3m_new": 0.26554239292526616, "HITS@10m_new": 0.3993855236489326}