{"MRRm_new": 0.40463091514395727, "MRm_new": 272.1430497947559, "HITS@1m_new": 0.31547540276849395, "HITS@3m_new": 0.4433957106979324, "HITS@10m_new": 0.574886554555851}