{"MRRm_new": 0.15320352802572415, "MRm_new": 4374.421267707377, "HITS@1m_new": 0.10382530766660057, "HITS@3m_new": 0.15990080916698207, "HITS@10m_new": 0.24885733645393338}