{"MRRm_new": 0.2117031240900964, "MRm_new": 317.4742923750877, "HITS@1m_new": 0.13190376946864416, "HITS@3m_new": 0.22872966148521517, "HITS@10m_new": 0.3729472965284367}