{"MRRm_new": 0.36944342094194055, "MRm_new": 125.8508426232487, "HITS@1m_new": 0.27178579044004436, "HITS@3m_new": 0.4150978115882026, "HITS@10m_new": 0.5560208391778578}