{"MRRm_new": 0.1463496961083606, "MRm_new": 3123.5032968120277, "HITS@1m_new": 0.09599720025289571, "HITS@3m_new": 0.1544258175584837, "HITS@10m_new": 0.2412912456735794}