{"MRRm_new": 0.11027146958495314, "MRm_new": 16583.95622713652, "HITS@1m_new": 0.07201872851210646, "HITS@3m_new": 0.1162566836446058, "HITS@10m_new": 0.18167672672518528}