{"MRRm_new": 0.07423746880589606, "MRm_new": 874.2140940006018, "HITS@1m_new": 0.037326053612167016, "HITS@3m_new": 0.0734414398360881, "HITS@10m_new": 0.14322906651325756}