{"MRRm_new": 0.3955434802124055, "MRm_new": 307.9781059584394, "HITS@1m_new": 0.30802866638699195, "HITS@3m_new": 0.4326151792648343, "HITS@10m_new": 0.5664247666727024}