{"MRRm_new": 0.004254665393331379, "MRm_new": 5137.348146906948, "HITS@1m_new": 0.0010516714392229914, "HITS@3m_new": 0.0032216730709653347, "HITS@10m_new": 0.007874276916030794}