{"MRRm_new": 0.27800366208691596, "MRm_new": 493.0075790873766, "HITS@1m_new": 0.21959743707430607, "HITS@3m_new": 0.2942708451385697, "HITS@10m_new": 0.3876017071650094}