{"MRRm_new": 0.3548002710270366, "MRm_new": 2820.888486629233, "HITS@1m_new": 0.2881406543600606, "HITS@3m_new": 0.40619931495154743, "HITS@10m_new": 0.4625774563508748}