{"MRRm_new": 0.18196080930553726, "MRm_new": 333.5386516438961, "HITS@1m_new": 0.11178090561411227, "HITS@3m_new": 0.1992339572412544, "HITS@10m_new": 0.32040806562664803}