{"MRRm_new": 0.265751065239695, "MRm_new": 605.1491311949641, "HITS@1m_new": 0.20755851868604078, "HITS@3m_new": 0.28221444777672877, "HITS@10m_new": 0.37712042820159697}