{"MRRm_new": 0.0021531107800081373, "MRm_new": 5191.188689665509, "HITS@1m_new": 2.7479569567367434e-05, "HITS@3m_new": 0.0005109790783841163, "HITS@10m_new": 0.0033907541525317357}