{"MRRm_new": 0.0015637641772750612, "MRm_new": 17323.101161223887, "HITS@1m_new": 0.00016520947869867085, "HITS@3m_new": 0.0002207650365307927, "HITS@10m_new": 0.0011807746742852033}