{"MRRm_new": 0.07540414601370866, "MRm_new": 15794.699706859083, "HITS@1m_new": 0.04484029544942314, "HITS@3m_new": 0.07788436846120748, "HITS@10m_new": 0.13488144911336714}