{"MRRm_new": 0.08957192315291468, "MRm_new": 811.509551053381, "HITS@1m_new": 0.053304438363900405, "HITS@3m_new": 0.08808756593593862, "HITS@10m_new": 0.15879557017392945}