{"MRRm_new": 0.09133965397041466, "MRm_new": 850.8881434178352, "HITS@1m_new": 0.053541353632789106, "HITS@3m_new": 0.09118171864652541, "HITS@10m_new": 0.16233986236472847}