{"MRRm_new": 0.14552926066007832, "MRm_new": 1937.2845398599507, "HITS@1m_new": 0.09424151808576425, "HITS@3m_new": 0.1511950428787386, "HITS@10m_new": 0.23827368863130688}