{"MRRm_new": 0.36666126904633073, "MRm_new": 353.39392655222116, "HITS@1m_new": 0.2863507926342863, "HITS@3m_new": 0.3962910627381789, "HITS@10m_new": 0.5280788595758859}