{"MRRm_new": 0.0868436696558012, "MRm_new": 667.3300892456054, "HITS@1m_new": 0.04458678960103425, "HITS@3m_new": 0.08678873735923553, "HITS@10m_new": 0.16688719047228806}