{"MRRm_new": 0.0029081006246909967, "MRm_new": 5141.990385792923, "HITS@1m_new": 0.0005137899617198854, "HITS@3m_new": 0.001449168534600176, "HITS@10m_new": 0.004424531166721136}