{"MRRm_new": 0.21162087306761387, "MRm_new": 325.97979657514094, "HITS@1m_new": 0.13232003869427136, "HITS@3m_new": 0.22843785632591462, "HITS@10m_new": 0.3704183985778247}