{"MRRm_new": 0.3095394872080783, "MRm_new": 2058.716065955311, "HITS@1m_new": 0.23311944256839343, "HITS@3m_new": 0.33158201748877764, "HITS@10m_new": 0.4674322455213405}