{"MRRm_new": 0.10347931010919856, "MRm_new": 3671.7013920868158, "HITS@1m_new": 0.06016093875169754, "HITS@3m_new": 0.10894880440947599, "HITS@10m_new": 0.18926267063785343}