{"MRRm_new": 0.09433583999148278, "MRm_new": 16087.548327133387, "HITS@1m_new": 0.058056153050391, "HITS@3m_new": 0.1004914321503602, "HITS@10m_new": 0.1652850898845354}