{"MRRm_new": 0.3205080149682785, "MRm_new": 1679.420639194697, "HITS@1m_new": 0.23972964722738835, "HITS@3m_new": 0.3495604654534254, "HITS@10m_new": 0.47958561773668046}