{"MRRm_new": 0.17628912571848196, "MRm_new": 445.48788244831564, "HITS@1m_new": 0.11366976874012616, "HITS@3m_new": 0.18312827992844397, "HITS@10m_new": 0.3039313997270074}