{"MRRm_new": 0.3010890983796394, "MRm_new": 2201.3718142797948, "HITS@1m_new": 0.22196570602734572, "HITS@3m_new": 0.3269293690755731, "HITS@10m_new": 0.46349998262373265}