{"MRRm_new": 0.2567401335223185, "MRm_new": 2677.3867556857467, "HITS@1m_new": 0.18766494048928142, "HITS@3m_new": 0.2769721248361748, "HITS@10m_new": 0.3942000231468701}