{"MRRm_new": 0.11846820995834569, "MRm_new": 601.7132619603634, "HITS@1m_new": 0.07159814268987393, "HITS@3m_new": 0.12176817290229373, "HITS@10m_new": 0.20868333073200193}