{"MRRm_new": 0.10532212578090984, "MRm_new": 3771.5002057873726, "HITS@1m_new": 0.06389526158254594, "HITS@3m_new": 0.11166312362565659, "HITS@10m_new": 0.1904778834933415}