{"MRRm_new": 0.20433374349142014, "MRm_new": 408.600826188691, "HITS@1m_new": 0.13266990053896735, "HITS@3m_new": 0.22068376025857286, "HITS@10m_new": 0.3462295236239879}