{"MRRm_new": 0.3101686840848106, "MRm_new": 2142.7337615502774, "HITS@1m_new": 0.2283675549380714, "HITS@3m_new": 0.3350697283956688, "HITS@10m_new": 0.48109687629685505}