{"MRRm_new": 0.0015409679704725932, "MRm_new": 5512.378892391324, "HITS@1m_new": 4.6750329987844454e-05, "HITS@3m_new": 0.0003748276721453294, "HITS@10m_new": 0.0029756013169608196}