{"MRRm_new": 0.1253352425279545, "MRm_new": 774.0815815049111, "HITS@1m_new": 0.07055620240850112, "HITS@3m_new": 0.1326664805176406, "HITS@10m_new": 0.23295063486941217}