{"MRRm_new": 0.29267273725391035, "MRm_new": 2342.1791590524317, "HITS@1m_new": 0.216685934763751, "HITS@3m_new": 0.31613684072357134, "HITS@10m_new": 0.44788741632737217}