{"MRRm_new": 0.10333887425590219, "MRm_new": 3640.7486085536, "HITS@1m_new": 0.059896856022253635, "HITS@3m_new": 0.10949145575705915, "HITS@10m_new": 0.18873191047785803}