{"MRRm_new": 0.48012619980036014, "MRm_new": 307.788396191977, "HITS@1m_new": 0.4175028468047967, "HITS@3m_new": 0.5067991677457321, "HITS@10m_new": 0.5968633599486493}