{"MRRm_new": 0.1451538140424541, "MRm_new": 2524.3138440796433, "HITS@1m_new": 0.09351300550741143, "HITS@3m_new": 0.15023745114239864, "HITS@10m_new": 0.24611448541717254}