{"MRRm_new": 0.18112300923053318, "MRm_new": 727.029243442744, "HITS@1m_new": 0.12214416221112333, "HITS@3m_new": 0.19468785620043855, "HITS@10m_new": 0.2923781430968811}