{"MRRm_new": 0.4717727619963216, "MRm_new": 311.2316972763911, "HITS@1m_new": 0.4095990695811415, "HITS@3m_new": 0.4948084759553458, "HITS@10m_new": 0.5911473965182958}