{"MRRm_new": 0.21928746067757018, "MRm_new": 308.383511172843, "HITS@1m_new": 0.13573936694419245, "HITS@3m_new": 0.23270933105978184, "HITS@10m_new": 0.4024871603185777}