{"MRRm_new": 0.17563572224653853, "MRm_new": 487.9507718676403, "HITS@1m_new": 0.1091230094476523, "HITS@3m_new": 0.18961965340313328, "HITS@10m_new": 0.30888560863960446}