{"MRRm_new": 0.11116185032481735, "MRm_new": 4000.472766091132, "HITS@1m_new": 0.0690511047041975, "HITS@3m_new": 0.11927122177239508, "HITS@10m_new": 0.19408741794498638}