{"MRRm_new": 0.16412490717857692, "MRm_new": 738.7019795370102, "HITS@1m_new": 0.10254151250221184, "HITS@3m_new": 0.1775762510087916, "HITS@10m_new": 0.2889403906088337}