{"MRRm_new": 0.0999569138123974, "MRm_new": 3489.093111013675, "HITS@1m_new": 0.05716425711759366, "HITS@3m_new": 0.10543453566301614, "HITS@10m_new": 0.18431549035818315}