{"MRRm_new": 0.1776836565876758, "MRm_new": 551.7991318646431, "HITS@1m_new": 0.11646884761138354, "HITS@3m_new": 0.18752097824914382, "HITS@10m_new": 0.3011276635971852}