{"MRRm_new": 0.23020522187827008, "MRm_new": 282.9098625824213, "HITS@1m_new": 0.1432296888904355, "HITS@3m_new": 0.24327810095825117, "HITS@10m_new": 0.42286181646022014}