{"MRRm_new": 0.3213295743551944, "MRm_new": 1675.6607478819788, "HITS@1m_new": 0.240361092933279, "HITS@3m_new": 0.3501837594222743, "HITS@10m_new": 0.4809687723543029}