{"MRRm_new": 0.3276583220920784, "MRm_new": 579.4601990458443, "HITS@1m_new": 0.2652700903925579, "HITS@3m_new": 0.34934625761979987, "HITS@10m_new": 0.44565489012301984}