{"MRRm_new": 0.18676777737255087, "MRm_new": 693.5079777574092, "HITS@1m_new": 0.1283847154470859, "HITS@3m_new": 0.1994634012382594, "HITS@10m_new": 0.2978054305838014}