{"MRRm_new": 0.30201262957399877, "MRm_new": 2495.3910458382666, "HITS@1m_new": 0.22305828573612962, "HITS@3m_new": 0.3234345903859939, "HITS@10m_new": 0.4723361066157813}