{"MRRm_new": 0.1265811687793921, "MRm_new": 744.7350591877997, "HITS@1m_new": 0.06890292331395176, "HITS@3m_new": 0.13547629004582268, "HITS@10m_new": 0.24111740055428527}