{"MRRm_new": 0.1835302755999117, "MRm_new": 369.30050611088274, "HITS@1m_new": 0.11877072339695297, "HITS@3m_new": 0.19458707631001015, "HITS@10m_new": 0.31460386584987865}