{"MRRm_new": 0.25178538462230565, "MRm_new": 3202.1320099256336, "HITS@1m_new": 0.18638806736400876, "HITS@3m_new": 0.27628630214153965, "HITS@10m_new": 0.374747807930602}