{"MRRm_new": 0.1392355118611049, "MRm_new": 2808.1871408595143, "HITS@1m_new": 0.08972639530681772, "HITS@3m_new": 0.14296441695129034, "HITS@10m_new": 0.22894911491981473}