{"MRRm_new": 0.6653564916481682, "MRm_new": 220.89093504238127, "HITS@1m_new": 0.6066213271454144, "HITS@3m_new": 0.6959706981303607, "HITS@10m_new": 0.7746001589242151}