{"MRRm_new": 0.3091765771209457, "MRm_new": 1852.5088248559236, "HITS@1m_new": 0.22765967426938005, "HITS@3m_new": 0.3420553028569557, "HITS@10m_new": 0.4799659053396899}