{"MRRm_new": 0.0954680786439494, "MRm_new": 772.2873500329971, "HITS@1m_new": 0.052832633517112114, "HITS@3m_new": 0.09621435307174689, "HITS@10m_new": 0.1755193524235394}