{"MRRm_new": 0.09798958306900167, "MRm_new": 3651.1948498829124, "HITS@1m_new": 0.05860727400938049, "HITS@3m_new": 0.10141095755198039, "HITS@10m_new": 0.1767078962915577}