{"MRRm_new": 0.10000541176885745, "MRm_new": 3507.995109582138, "HITS@1m_new": 0.05688326550666243, "HITS@3m_new": 0.1063895170548465, "HITS@10m_new": 0.18534279245478102}