{"MRRm_new": 0.07270046561912459, "MRm_new": 854.8709292548895, "HITS@1m_new": 0.036133098687685564, "HITS@3m_new": 0.07422809795205249, "HITS@10m_new": 0.1379516722189146}