{"MRRm_new": 0.18983744465626934, "MRm_new": 679.8650157132149, "HITS@1m_new": 0.13015285245678387, "HITS@3m_new": 0.2037041363400349, "HITS@10m_new": 0.3028799947008229}