{"MRRm_new": 0.4040633571110211, "MRm_new": 324.09981253697725, "HITS@1m_new": 0.31837809768029546, "HITS@3m_new": 0.43761156474301244, "HITS@10m_new": 0.5727396093476709}