{"MRRm_new": 0.12564864170774945, "MRm_new": 779.6909106646181, "HITS@1m_new": 0.0698352340464553, "HITS@3m_new": 0.13426025868191938, "HITS@10m_new": 0.23591199371976837}