{"MRRm_new": 0.17731279587347218, "MRm_new": 800.8228130141571, "HITS@1m_new": 0.12032506229067803, "HITS@3m_new": 0.19024985716653464, "HITS@10m_new": 0.28840340417173865}