{"MRRm_new": 0.08342870563592214, "MRm_new": 16235.388510457784, "HITS@1m_new": 0.053092986477073285, "HITS@3m_new": 0.08629309566435404, "HITS@10m_new": 0.14623626683594193}