{"MRRm_new": 0.20613950874608855, "MRm_new": 362.41001145379545, "HITS@1m_new": 0.13836173225429374, "HITS@3m_new": 0.21846227340227925, "HITS@10m_new": 0.34072187181434127}