{"MRRm_new": 0.1742842302267618, "MRm_new": 826.7078120646328, "HITS@1m_new": 0.11639452802549204, "HITS@3m_new": 0.18805099125684138, "HITS@10m_new": 0.2870627117678523}