{"MRRm_new": 0.11418156380356377, "MRm_new": 762.7024597320795, "HITS@1m_new": 0.0685158007660415, "HITS@3m_new": 0.11664408900205744, "HITS@10m_new": 0.20164004577704472}