{"MRRm_new": 0.0034049437036490415, "MRm_new": 5193.086524787522, "HITS@1m_new": 0.0005963597923517227, "HITS@3m_new": 0.0025149020256940275, "HITS@10m_new": 0.005858679156797007}