{"MRRm_new": 0.001536944657258573, "MRm_new": 5498.3529341037865, "HITS@1m_new": 0.00011464339753729291, "HITS@3m_new": 0.0002776813826203579, "HITS@10m_new": 0.0027322951745809405}