{"MRRm_new": 0.6749694863476752, "MRm_new": 165.48129627147316, "HITS@1m_new": 0.6185530620371719, "HITS@3m_new": 0.7043243809507111, "HITS@10m_new": 0.7813072955851967}