{"MRRm_new": 0.32102659828688956, "MRm_new": 656.4198065557256, "HITS@1m_new": 0.260731594633231, "HITS@3m_new": 0.341784025941899, "HITS@10m_new": 0.43515679753978476}