{"MRRm_new": 0.08737938304678537, "MRm_new": 642.7488005571843, "HITS@1m_new": 0.0461085031472845, "HITS@3m_new": 0.08626362151834183, "HITS@10m_new": 0.16492709753401577}