{"MRRm_new": 0.18982411984975042, "MRm_new": 433.5077987591982, "HITS@1m_new": 0.12543676203525392, "HITS@3m_new": 0.20117304999351035, "HITS@10m_new": 0.3143715869863052}