{"MRRm_new": 0.20591178791507445, "MRm_new": 842.827907001704, "HITS@1m_new": 0.12718029699486214, "HITS@3m_new": 0.22553611437964718, "HITS@10m_new": 0.36283480940328444}