{"MRRm_new": 0.15252599878952877, "MRm_new": 2448.59051071614, "HITS@1m_new": 0.09714946329334634, "HITS@3m_new": 0.16689483875225414, "HITS@10m_new": 0.2654919685267232}