{"MRRm_new": 0.311742396444628, "MRm_new": 764.3638215499445, "HITS@1m_new": 0.2535484379750451, "HITS@3m_new": 0.33287031372039927, "HITS@10m_new": 0.42134262170704095}