{"MRRm_new": 0.0820150774241697, "MRm_new": 16150.241906768859, "HITS@1m_new": 0.048842395202605984, "HITS@3m_new": 0.08410047205653973, "HITS@10m_new": 0.15205980160215404}