{"MRRm_new": 0.14376297821678508, "MRm_new": 2358.913484856695, "HITS@1m_new": 0.09339912101684604, "HITS@3m_new": 0.148459594401269, "HITS@10m_new": 0.23504918475670275}