{"MRRm_new": 0.31774159175980776, "MRm_new": 1992.7273722569644, "HITS@1m_new": 0.23746764678071486, "HITS@3m_new": 0.3472746220389381, "HITS@10m_new": 0.4752488563535735}