{"MRRm_new": 0.11246561788337567, "MRm_new": 3985.3680575761555, "HITS@1m_new": 0.06975048047448508, "HITS@3m_new": 0.12056367977494374, "HITS@10m_new": 0.1966533798717428}