{"MRRm_new": 0.16814686127779896, "MRm_new": 832.0926812258735, "HITS@1m_new": 0.11023536040122417, "HITS@3m_new": 0.1821609671092301, "HITS@10m_new": 0.2782741555274697}