{"MRRm_new": 0.13629148942730762, "MRm_new": 2765.8828656969963, "HITS@1m_new": 0.08720874177018413, "HITS@3m_new": 0.13938994980824645, "HITS@10m_new": 0.22632578523817937}