{"MRRm_new": 0.002831463619619899, "MRm_new": 5130.168965714645, "HITS@1m_new": 0.00021378996171988546, "HITS@3m_new": 0.0010405299146892502, "HITS@10m_new": 0.005081767512718215}