{"MRRm_new": 0.14208823607763543, "MRm_new": 4206.629459024965, "HITS@1m_new": 0.09273160812536661, "HITS@3m_new": 0.14643334243238496, "HITS@10m_new": 0.23542127880692715}