{"MRRm_new": 0.12581410717704056, "MRm_new": 775.1167055521012, "HITS@1m_new": 0.06872422354172886, "HITS@3m_new": 0.1343053131515553, "HITS@10m_new": 0.23943873596824414}