{"MRRm_new": 0.18658059423194664, "MRm_new": 635.1679665998593, "HITS@1m_new": 0.12004913646405475, "HITS@3m_new": 0.20271873587761366, "HITS@10m_new": 0.3167955831457511}