{"MRRm_new": 0.2576339307168646, "MRm_new": 659.5766684448123, "HITS@1m_new": 0.19835463267857995, "HITS@3m_new": 0.2746914939074159, "HITS@10m_new": 0.371310601897163}