{"MRRm_new": 0.125981776718947, "MRm_new": 748.6978043680936, "HITS@1m_new": 0.06902263725486045, "HITS@3m_new": 0.13513756973684576, "HITS@10m_new": 0.23821038717019838}