{"MRRm_new": 0.08628740510077205, "MRm_new": 16597.65573547536, "HITS@1m_new": 0.05314255846251035, "HITS@3m_new": 0.08949176697601798, "HITS@10m_new": 0.15580823165597393}