{"MRRm_new": 0.3476293116470506, "MRm_new": 432.7426467674151, "HITS@1m_new": 0.28729035432233285, "HITS@3m_new": 0.3672952735705985, "HITS@10m_new": 0.46126808671590336}