{"MRRm_new": 0.13824438779534876, "MRm_new": 3116.5624822632967, "HITS@1m_new": 0.08857858074153774, "HITS@3m_new": 0.14258461541397263, "HITS@10m_new": 0.22759983372950227}