{"MRRm_new": 0.14001326519206714, "MRm_new": 2385.7515960362853, "HITS@1m_new": 0.08924696487654, "HITS@3m_new": 0.14528045697163908, "HITS@10m_new": 0.23407411184508237}