{"MRRm_new": 0.12948980154256787, "MRm_new": 687.2874318766296, "HITS@1m_new": 0.07078159088532994, "HITS@3m_new": 0.13824112803967728, "HITS@10m_new": 0.24633219783371169}