{"MRRm_new": 0.191678663707932, "MRm_new": 454.11573282396796, "HITS@1m_new": 0.12860627265227959, "HITS@3m_new": 0.20166263003544882, "HITS@10m_new": 0.32029717021933757}