{"MRRm_new": 0.19519193940116747, "MRm_new": 518.4089144009129, "HITS@1m_new": 0.12656614076496045, "HITS@3m_new": 0.21018948260284015, "HITS@10m_new": 0.3325462331389645}