{"MRRm_new": 0.21109446556072217, "MRm_new": 330.7398881015778, "HITS@1m_new": 0.1321610172777786, "HITS@3m_new": 0.227188224918989, "HITS@10m_new": 0.36992767026807416}