{"MRRm_new": 0.12340634443476738, "MRm_new": 575.7400005969524, "HITS@1m_new": 0.07500824511984829, "HITS@3m_new": 0.12710496707414276, "HITS@10m_new": 0.21428293648542604}