{"MRRm_new": 0.07613002893209486, "MRm_new": 751.0958200078965, "HITS@1m_new": 0.035736108245950894, "HITS@3m_new": 0.07559456544429995, "HITS@10m_new": 0.15372986195785926}