{"MRRm_new": 0.10142890613077761, "MRm_new": 3739.122252455211, "HITS@1m_new": 0.06077440325450152, "HITS@3m_new": 0.10792461621495895, "HITS@10m_new": 0.18151082759825513}