{"MRRm_new": 0.7252338130109584, "MRm_new": 131.13962566277385, "HITS@1m_new": 0.6689372834159149, "HITS@3m_new": 0.7565897718402339, "HITS@10m_new": 0.8301865316103213}