{"MRRm_new": 0.1259333087165014, "MRm_new": 767.1351261667311, "HITS@1m_new": 0.06995266320801602, "HITS@3m_new": 0.1344319489236732, "HITS@10m_new": 0.23646946947717515}