{"MRRm_new": 0.14955874675166114, "MRm_new": 3040.3170845421255, "HITS@1m_new": 0.09846219564432977, "HITS@3m_new": 0.15793544789322186, "HITS@10m_new": 0.24471294885635142}