{"MRRm_new": 0.1151434693932053, "MRm_new": 727.0191981981993, "HITS@1m_new": 0.06830945866507246, "HITS@3m_new": 0.11969239724543877, "HITS@10m_new": 0.204260294372309}