{"MRRm_new": 0.0034829646074824266, "MRm_new": 5196.424103451538, "HITS@1m_new": 0.0005963597923517227, "HITS@3m_new": 0.0023937515179160984, "HITS@10m_new": 0.005944968712516129}