{"MRRm_new": 0.0859219451022218, "MRm_new": 861.111709051919, "HITS@1m_new": 0.04982864308877615, "HITS@3m_new": 0.08794146827894729, "HITS@10m_new": 0.14888103434313088}