{"MRRm_new": 0.08598806482556101, "MRm_new": 860.3124297158718, "HITS@1m_new": 0.04998961224778323, "HITS@3m_new": 0.08782738988630008, "HITS@10m_new": 0.14871288136746735}