{"MRRm_new": 0.07450235224876815, "MRm_new": 858.5758491640329, "HITS@1m_new": 0.037468026020890104, "HITS@3m_new": 0.07536338340806542, "HITS@10m_new": 0.14318838884915458}