{"MRRm_new": 0.31467774070413224, "MRm_new": 1911.3106505247952, "HITS@1m_new": 0.23267582389025485, "HITS@3m_new": 0.3397714884025045, "HITS@10m_new": 0.48749188095814316}