{"MRRm_new": 0.0015013591329316113, "MRm_new": 5515.887645029068, "HITS@1m_new": 4.597047256538644e-05, "HITS@3m_new": 0.00035893343552015724, "HITS@10m_new": 0.0028904685651141336}