{"MRRm_new": 0.19407297518652286, "MRm_new": 544.2311159723624, "HITS@1m_new": 0.1250244077730531, "HITS@3m_new": 0.21103859249875678, "HITS@10m_new": 0.33148020212619667}