{"MRRm_new": 0.28662548109564934, "MRm_new": 2516.681294684112, "HITS@1m_new": 0.21848284636286552, "HITS@3m_new": 0.30713181200710826, "HITS@10m_new": 0.4191630850218353}