{"MRRm_new": 0.2021208912818529, "MRm_new": 423.9868618011698, "HITS@1m_new": 0.13180998686523526, "HITS@3m_new": 0.21809264281456126, "HITS@10m_new": 0.34121874422124526}