{"MRRm_new": 0.15582694026514038, "MRm_new": 3587.559788354367, "HITS@1m_new": 0.10187056655173364, "HITS@3m_new": 0.16792760982437177, "HITS@10m_new": 0.2569176053933916}