{"MRRm_new": 0.19285297751598993, "MRm_new": 300.89012976727486, "HITS@1m_new": 0.12398183956402936, "HITS@3m_new": 0.19858476690564422, "HITS@10m_new": 0.3369443759533577}