{"MRRm_new": 0.19921235629113834, "MRm_new": 614.6264329668284, "HITS@1m_new": 0.11737261837534606, "HITS@3m_new": 0.2176350867880974, "HITS@10m_new": 0.36202028951013926}