{"MRRm_new": 0.07131693885371351, "MRm_new": 901.7262205536842, "HITS@1m_new": 0.03517079401351512, "HITS@3m_new": 0.07290277147310553, "HITS@10m_new": 0.13764991323269204}