{"MRRm_new": 0.6468612880379097, "MRm_new": 201.78513379756362, "HITS@1m_new": 0.590907187000048, "HITS@3m_new": 0.6744970870796242, "HITS@10m_new": 0.754277084602647}