{"MRRm_new": 0.0021783285477475147, "MRm_new": 5170.794127684307, "HITS@1m_new": 2.6518031070008873e-05, "HITS@3m_new": 0.0005073227526154369, "HITS@10m_new": 0.003683736923127435}