{"MRRm_new": 0.1435014044149375, "MRm_new": 2506.7870656787454, "HITS@1m_new": 0.09316703399922699, "HITS@3m_new": 0.1493721067228762, "HITS@10m_new": 0.23410257014422678}