{"MRRm_new": 0.17182484194755487, "MRm_new": 579.5405018968507, "HITS@1m_new": 0.1062242832750344, "HITS@3m_new": 0.18633874384527735, "HITS@10m_new": 0.30439088641134365}