{"MRRm_new": 0.12272175066090277, "MRm_new": 578.1256931811332, "HITS@1m_new": 0.07447301215755288, "HITS@3m_new": 0.12655339548974298, "HITS@10m_new": 0.21303721002599924}