{"MRRm_new": 0.2449724656323946, "MRm_new": 371.46871979312897, "HITS@1m_new": 0.16708612687162822, "HITS@3m_new": 0.2655510858857073, "HITS@10m_new": 0.39934629833986984}