{"MRRm_new": 0.3064946345387034, "MRm_new": 2220.943986835748, "HITS@1m_new": 0.23032264411030337, "HITS@3m_new": 0.3279511387106031, "HITS@10m_new": 0.4645699547850527}