{"MRRm_new": 0.6730615835559083, "MRm_new": 171.13346976353972, "HITS@1m_new": 0.6130088291171414, "HITS@3m_new": 0.7049248741511547, "HITS@10m_new": 0.7839586245835817}