{"MRRm_new": 0.09102006630866963, "MRm_new": 800.5871855214596, "HITS@1m_new": 0.053101601003378164, "HITS@3m_new": 0.09160170028195716, "HITS@10m_new": 0.15962312983009033}