{"MRRm_new": 0.3040707704540773, "MRm_new": 2237.9178150327803, "HITS@1m_new": 0.2236072533818078, "HITS@3m_new": 0.3326335295984754, "HITS@10m_new": 0.4695958406096906}