{"MRRm_new": 0.5122090626929803, "MRm_new": 162.8957388328463, "HITS@1m_new": 0.4015551408683823, "HITS@3m_new": 0.5711786526366522, "HITS@10m_new": 0.7309551492838801}