{"MRRm_new": 0.23912660320791157, "MRm_new": 9454.174734301418, "HITS@1m_new": 0.1701334912199527, "HITS@3m_new": 0.28164550025761126, "HITS@10m_new": 0.3685938032402191}