{"MRRm_new": 0.18976529669261508, "MRm_new": 345.2658212245226, "HITS@1m_new": 0.1210638198391418, "HITS@3m_new": 0.198214246429177, "HITS@10m_new": 0.33656703000636773}