{"MRRm_new": 0.12044260689826751, "MRm_new": 813.5774147473722, "HITS@1m_new": 0.06553543409647682, "HITS@3m_new": 0.1294515556461265, "HITS@10m_new": 0.22729657468594086}