{"MRRm_new": 0.22634716645757144, "MRm_new": 320.7041019047737, "HITS@1m_new": 0.14022264837489348, "HITS@3m_new": 0.2395183491643227, "HITS@10m_new": 0.4176114525763318}