{"MRRm_new": 0.19323765590592956, "MRm_new": 452.45095502307413, "HITS@1m_new": 0.12987880446559283, "HITS@3m_new": 0.20774957122630439, "HITS@10m_new": 0.3162704835980898}