{"MRRm_new": 0.16432973377926374, "MRm_new": 852.4163290683925, "HITS@1m_new": 0.10822277403539919, "HITS@3m_new": 0.1766169429878828, "HITS@10m_new": 0.2715786067405861}