{"MRRm_new": 0.07250442636844819, "MRm_new": 853.7653688815356, "HITS@1m_new": 0.036036407877074086, "HITS@3m_new": 0.07338015376086114, "HITS@10m_new": 0.13805482432948193}