{"MRRm_new": 0.310914512914188, "MRm_new": 387.52643660004435, "HITS@1m_new": 0.22876665303109986, "HITS@3m_new": 0.3405330900507324, "HITS@10m_new": 0.473864158204713}