{"MRRm_new": 0.3731311483512627, "MRm_new": 470.0456449351385, "HITS@1m_new": 0.29315675562414617, "HITS@3m_new": 0.4061475148401405, "HITS@10m_new": 0.526836729603674}