{"MRRm_new": 0.23617902552161832, "MRm_new": 10663.821991246403, "HITS@1m_new": 0.17068445628229528, "HITS@3m_new": 0.2734127530590631, "HITS@10m_new": 0.36484191912971436}