{"MRRm_new": 0.07984620243947438, "MRm_new": 16130.02764170164, "HITS@1m_new": 0.04872925986343762, "HITS@3m_new": 0.08237837480695452, "HITS@10m_new": 0.14154907224082855}