{"MRRm_new": 0.6917233430595079, "MRm_new": 173.13061344721913, "HITS@1m_new": 0.6306002030833188, "HITS@3m_new": 0.7252002698978286, "HITS@10m_new": 0.8066790507030964}