{"MRRm_new": 0.08760938311086502, "MRm_new": 765.8181294435262, "HITS@1m_new": 0.04684294714174466, "HITS@3m_new": 0.08916027523262891, "HITS@10m_new": 0.16546342972562417}