{"MRRm_new": 0.3485969145981944, "MRm_new": 466.97278496192394, "HITS@1m_new": 0.28403480740552184, "HITS@3m_new": 0.3701944717662227, "HITS@10m_new": 0.47096910999747704}