{"MRRm_new": 0.22290840692804487, "MRm_new": 279.23942387666705, "HITS@1m_new": 0.13985286105020203, "HITS@3m_new": 0.23639548050002196, "HITS@10m_new": 0.3876848455730826}