{"MRRm_new": 0.08143183210717252, "MRm_new": 697.5131867997408, "HITS@1m_new": 0.04029669855346438, "HITS@3m_new": 0.07921902052575024, "HITS@10m_new": 0.16333090327121316}