{"MRRm_new": 0.31627282115631167, "MRm_new": 702.1692857302055, "HITS@1m_new": 0.25668236700009583, "HITS@3m_new": 0.337496699066367, "HITS@10m_new": 0.42831495415420434}