{"MRRm_new": 0.1296935706321274, "MRm_new": 684.4972643935382, "HITS@1m_new": 0.07073723324541788, "HITS@3m_new": 0.1387052920024289, "HITS@10m_new": 0.24642275021454407}