{"MRRm_new": 0.0016895647330652536, "MRm_new": 17342.438175310133, "HITS@1m_new": 0.0003874317007139325, "HITS@3m_new": 0.0006374317007139326, "HITS@10m_new": 0.001107351932208985}