{"MRRm_new": 0.2506443623349196, "MRm_new": 2771.446590159953, "HITS@1m_new": 0.18472356935503195, "HITS@3m_new": 0.2699350236047758, "HITS@10m_new": 0.3777965337105561}