{"MRRm_new": 0.09474275963812578, "MRm_new": 9465.162116871297, "HITS@1m_new": 0.05406394762790296, "HITS@3m_new": 0.09902766845282167, "HITS@10m_new": 0.17754270113585516}