{"MRRm_new": 0.21413466139516094, "MRm_new": 5852.399449900717, "HITS@1m_new": 0.14943380587920546, "HITS@3m_new": 0.23258637832722162, "HITS@10m_new": 0.34466555085027356}