{"MRRm_new": 0.23717632358957963, "MRm_new": 909.7608631182015, "HITS@1m_new": 0.16981275221850956, "HITS@3m_new": 0.25045137876295487, "HITS@10m_new": 0.36761900283105203}