{"MRRm_new": 0.08437331529701941, "MRm_new": 11142.937076776743, "HITS@1m_new": 0.05260964381846134, "HITS@3m_new": 0.08496058375405846, "HITS@10m_new": 0.14811470890633063}