{"MRRm_new": 0.18423583820607836, "MRm_new": 6883.072834997118, "HITS@1m_new": 0.12913298879319338, "HITS@3m_new": 0.1965463443415938, "HITS@10m_new": 0.29505752885440595}