{"MRRm_new": 0.20805561975527645, "MRm_new": 5813.172536800772, "HITS@1m_new": 0.14655129574926104, "HITS@3m_new": 0.22369744348659878, "HITS@10m_new": 0.3316146595007158}