{"MRRm_new": 0.1321710328296276, "MRm_new": 9260.338955438674, "HITS@1m_new": 0.09893880666262703, "HITS@3m_new": 0.14102082078778766, "HITS@10m_new": 0.19087067696242593}