{"MRRm_new": 0.24168257010514527, "MRm_new": 839.7221421297193, "HITS@1m_new": 0.1663119648557622, "HITS@3m_new": 0.25705622239387593, "HITS@10m_new": 0.39291861826647073}