{"MRRm_new": 0.13633283020284398, "MRm_new": 8818.962395335288, "HITS@1m_new": 0.09940941775942337, "HITS@3m_new": 0.14617826584060095, "HITS@10m_new": 0.20555204261949983}