{"MRRm_new": 0.13888548580037421, "MRm_new": 2921.0873255511224, "HITS@1m_new": 0.08423331110127037, "HITS@3m_new": 0.1429684094209806, "HITS@10m_new": 0.250084859745868}