{"MRRm_new": 0.10412031606310301, "MRm_new": 9468.579166538715, "HITS@1m_new": 0.06272569763951469, "HITS@3m_new": 0.1101845008576638, "HITS@10m_new": 0.18377914415439592}