{"MRRm_new": 0.2074108278451754, "MRm_new": 5771.007855856925, "HITS@1m_new": 0.14556895110255572, "HITS@3m_new": 0.22213031247572507, "HITS@10m_new": 0.33676926148310304}