{"MRRm_new": 0.13410479632778696, "MRm_new": 9066.15303277266, "HITS@1m_new": 0.10019449944613734, "HITS@3m_new": 0.1439637098632811, "HITS@10m_new": 0.1935264199929079}