{"MRRm_new": 0.10373040150072757, "MRm_new": 9251.102105092556, "HITS@1m_new": 0.06221411196509143, "HITS@3m_new": 0.10757948715484235, "HITS@10m_new": 0.186645707854419}