{"MRRm_new": 0.13592569573542643, "MRm_new": 8952.809588374972, "HITS@1m_new": 0.09978753200141363, "HITS@3m_new": 0.14622165393459727, "HITS@10m_new": 0.20360775807130266}