{"MRRm_new": 0.21254143740143627, "MRm_new": 5936.781380817026, "HITS@1m_new": 0.147397431015037, "HITS@3m_new": 0.234723607392516, "HITS@10m_new": 0.3417072649149341}