{"MRRm_new": 0.2111313536333978, "MRm_new": 6082.454799712003, "HITS@1m_new": 0.1484801347962348, "HITS@3m_new": 0.23176228110748343, "HITS@10m_new": 0.3373773015640909}