{"MRRm_new": 0.12804426880615757, "MRm_new": 9467.925011074782, "HITS@1m_new": 0.09560185031281435, "HITS@3m_new": 0.13428427772209398, "HITS@10m_new": 0.1885564998050395}