{"MRRm_new": 0.09535488615302848, "MRm_new": 9394.378971671433, "HITS@1m_new": 0.055594021037453784, "HITS@3m_new": 0.09731746683875099, "HITS@10m_new": 0.17458766303327866}