{"MRRm_new": 0.08243160601426916, "MRm_new": 12834.438823666364, "HITS@1m_new": 0.06586275331486831, "HITS@3m_new": 0.08452239787840517, "HITS@10m_new": 0.11209441467205761}