{"MRRm_new": 0.1047001306897314, "MRm_new": 9028.813150158167, "HITS@1m_new": 0.06319854049367132, "HITS@3m_new": 0.10818386283842847, "HITS@10m_new": 0.18786038679908962}