{"MRRm_new": 0.0786130744681841, "MRm_new": 11068.385321181297, "HITS@1m_new": 0.046101413524709645, "HITS@3m_new": 0.08065586763876491, "HITS@10m_new": 0.1402544107523281}