{"MRRm_new": 0.20359762062065373, "MRm_new": 6080.441653531194, "HITS@1m_new": 0.14238408491609153, "HITS@3m_new": 0.22036363404797157, "HITS@10m_new": 0.3287057564916904}