{"MRRm_new": 0.25743580027398, "MRm_new": 869.2584183652103, "HITS@1m_new": 0.1884540273931343, "HITS@3m_new": 0.27245175435452257, "HITS@10m_new": 0.391170673968154}