{"MRRm_new": 0.1361755488080771, "MRm_new": 8715.653536002816, "HITS@1m_new": 0.09801368860018556, "HITS@3m_new": 0.1463454157593078, "HITS@10m_new": 0.21006790393122354}