{"MRRm_new": 0.08504608544718803, "MRm_new": 12476.969113842219, "HITS@1m_new": 0.0666108392670867, "HITS@3m_new": 0.08841131101932842, "HITS@10m_new": 0.11643631469778484}