{"MRRm_new": 0.10473739676641798, "MRm_new": 8903.109223225712, "HITS@1m_new": 0.05955969892581925, "HITS@3m_new": 0.11380420952464919, "HITS@10m_new": 0.19093028505821713}