{"MRRm_new": 0.20726036899261452, "MRm_new": 5935.839011458159, "HITS@1m_new": 0.14627954756352118, "HITS@3m_new": 0.22258342306414852, "HITS@10m_new": 0.33107739062205654}