{"MRRm_new": 0.19448717550549918, "MRm_new": 7046.540550278783, "HITS@1m_new": 0.1372579430542537, "HITS@3m_new": 0.21074338861950673, "HITS@10m_new": 0.3066682859315188}