{"MRRm_new": 0.12868077256838023, "MRm_new": 3308.9117806227505, "HITS@1m_new": 0.07723860638875339, "HITS@3m_new": 0.1341870207946049, "HITS@10m_new": 0.22207360643462742}