{"MRRm_new": 0.2621479038102566, "MRm_new": 811.7118107425869, "HITS@1m_new": 0.18419681295356713, "HITS@3m_new": 0.28374370641738644, "HITS@10m_new": 0.41756663140607997}