{"MRRm_new": 0.09815919190920658, "MRm_new": 9131.934534639717, "HITS@1m_new": 0.05698379951552488, "HITS@3m_new": 0.10217935046437196, "HITS@10m_new": 0.18053532987856305}