{"MRRm_new": 0.12395904801218831, "MRm_new": 9740.828190345705, "HITS@1m_new": 0.09350196213211166, "HITS@3m_new": 0.13211620540404692, "HITS@10m_new": 0.17464525353937643}