{"MRRm_new": 0.2138579708792713, "MRm_new": 5866.54511609295, "HITS@1m_new": 0.14898133503459393, "HITS@3m_new": 0.23520766136585736, "HITS@10m_new": 0.34299559682660036}