{"MRRm_new": 0.2420364268239882, "MRm_new": 838.2425467009544, "HITS@1m_new": 0.16644365792593452, "HITS@3m_new": 0.2578711081689689, "HITS@10m_new": 0.393465573848458}