{"MRRm_new": 0.14291818208016185, "MRm_new": 3381.8574267381427, "HITS@1m_new": 0.09001341023895656, "HITS@3m_new": 0.14897322519293812, "HITS@10m_new": 0.24886261723196368}