{"MRRm_new": 0.24284934516715065, "MRm_new": 847.7921209032536, "HITS@1m_new": 0.1682310713400948, "HITS@3m_new": 0.2567749264406739, "HITS@10m_new": 0.3920556704089977}